"ID","floor","fraction","n_train","model","log_likelihood","n_parameters","BIC","converged","relative_gain","iterations","n_modes","modes","floor_hits","min_transition","max_self","refined_within_001","refined_total"
"elk-115",0.025,1,193,"M21",-87.8378171343639,10,228.302536157777,TRUE,8.55395780451884e-10,2,2,"0.0886;0.46824",0,0.041627268215154,0.958372731784846,0,20
"elk-115",0.025,1,193,"M22",-81.104596520169,13,230.624165496102,TRUE,5.52864658050122e-09,52,3,"0.03033;0.29089;1.39113",0,0.145580796112117,0.854419203887883,6,20
"elk-115",0.025,1,193,"G2",-104.479514151493,7,245.797859625321,TRUE,1.03367738189135e-10,2,1,"0.37752",0,0.111703564929148,0.888296435070852,20,20
"elk-115",0.025,1,193,"G3",-71.5682284525239,14,216.814119549716,TRUE,2.82328206256559e-09,11,3,"0.0203;0.4265;1.39018",1,0.0193071043980523,0.882770354778306,21,21
"elk-115",0.025,1,193,"G4",-52.3849296861519,23,225.811733717116,TRUE,3.9174502520117e-09,12,2,"0.02281;0.30642",1,2.23861719600698e-12,0.693262416600329,21,21
"elk-163",0.025,1,158,"M21",-21.4957499606671,10,93.6174502516039,TRUE,4.2987773022208e-09,20,3,"0.05427;0.23071;1.45439",0,0.213347273909319,0.786652726090681,20,20
"elk-163",0.025,1,158,"M22",-13.2411242568865,13,92.2959839431235,TRUE,8.14320578889133e-09,99,4,"0.05574;0.21853;0.45583;1.83257",0,0.237350074839114,0.762649925160886,20,20
"elk-163",0.025,1,158,"G2",-46.459823046667,7,128.357811324523,TRUE,1.07471217026714e-09,2,2,"0.11307;1.29014",0,0.231388581143822,0.768611418856178,20,20
"elk-163",0.025,1,158,"G3",-17.0801447825658,14,105.036620027509,TRUE,5.87648677835607e-09,21,3,"0.05744;0.26563;1.62403",0,0.180281118420265,0.593235112233375,21,21
"elk-163",0.025,1,158,"G4",-2.13047479744537,23,120.700635354511,TRUE,6.84600183074473e-09,46,4,"0.06642;0.24995;0.44322;1.83106",0,3.23711433418923e-12,0.658974767224032,0,21
"elk-287",0.025,1,163,"M21",-26.7739298163935,10,104.485361640855,TRUE,8.50557286945766e-10,2,3,"0.12052;0.43386;1.75256",0,0.109885140824853,0.890114859175147,20,20
"elk-287",0.025,1,163,"M22",-4.49686524251576,13,75.2124830955194,TRUE,9.09531031288236e-09,158,3,"0.11697;0.46561;1.56336",0,1.87097758709458e-12,0.999999999998129,20,20
"elk-287",0.025,1,163,"G2",-56.687112100092,7,149.030475605831,TRUE,8.44600592324644e-10,2,2,"0.20777;1.4525",0,0.129209998301701,0.8707900016983,20,20
"elk-287",0.025,1,163,"G3",-6.31605166820099,14,83.9446061476967,TRUE,3.90774194465614e-09,13,2,"0.11042;1.5552",0,1.48006080836351e-12,0.99999999914045,21,21
"elk-287",0.025,1,163,"G4",1.34867785151739,23,114.458898915521,TRUE,7.66029805161728e-09,62,3,"0.12192;0.58813;1.65782",0,1.48777764296433e-12,0.999999999991719,20,21
"elk-363",0.025,1,217,"M21",-51.8091901506458,10,157.417353836696,TRUE,1.11330918061847e-09,2,2,"0.14407;1.35809",0,0.0603380967931525,0.939661903206848,0,20
"elk-363",0.025,1,217,"M22",-43.9568225103586,13,157.852310616743,TRUE,1.58053163837255e-09,2,2,"0.12964;1.00331",0,0.0979817696831529,0.902018230316847,3,20
"elk-363",0.025,1,217,"G2",-79.9891314112858,7,197.637544297355,TRUE,9.42032378999867e-11,2,2,"0.15503;0.90471",0,0.310429188654859,0.689570811345141,20,20
"elk-363",0.025,1,217,"G3",-45.2567763718805,14,165.832115693327,TRUE,4.4725300057757e-10,2,2,"0.13544;1.38704",0,7.69611522349322e-10,0.804127943848923,21,21
"elk-363",0.025,1,217,"G4",-22.0194231070091,23,167.776485345449,TRUE,9.326763425674e-09,97,3,"0.01893;0.15259;1.39783",1,1.5793945447712e-12,0.999999999966022,19,21
"elk-115",0.05,1,193,"M21",-87.8378170239132,10,228.302535936875,TRUE,5.54533845522293e-10,2,2,"0.08859;0.46822",0,0.0416219072219099,0.95837809277809,1,20
"elk-115",0.05,1,193,"M22",-82.3427241886274,13,233.100420833018,TRUE,2.76664224460241e-09,32,4,"0.06057;0.4616;1.26942;2.34061",1,0.0998752012166313,0.900124798783369,20,20
"elk-115",0.05,1,193,"G2",-104.47951418043,7,245.797859683195,TRUE,2.91132013238952e-10,2,1,"0.37753",0,0.11169993979709,0.88830006020291,20,20
"elk-115",0.05,1,193,"G3",-78.3073182277267,14,230.292299100122,TRUE,3.70915723333378e-09,15,3,"0.03381;0.43487;1.46682",1,0.0244261018225965,0.890822083328391,20,21
"elk-115",0.05,1,193,"G4",-57.3786293568729,23,235.799133058558,TRUE,4.11589691288708e-09,10,2,"0.04298;0.32586",1,2.08472858576033e-12,0.696479168138985,20,21
"elk-163",0.05,1,158,"M21",-25.2690367431296,10,101.164023816529,TRUE,6.61414764105581e-09,36,3,"0.06441;0.25704;1.48617",1,0.212972060310928,0.787027939689072,20,20
"elk-163",0.05,1,158,"M22",-16.1613073794786,13,98.1363501883078,TRUE,3.99102439728456e-09,19,4,"0.06414;0.23842;0.46524;1.83411",2,0.23673984718895,0.76326015281105,20,20
"elk-163",0.05,1,158,"G2",-46.4598230037396,7,128.357811238668,TRUE,3.18986969391201e-10,2,2,"0.11305;1.29012",0,0.231390711418489,0.768609288581511,20,20
"elk-163",0.05,1,158,"G3",-19.0363727963021,14,108.949076054982,TRUE,5.16783724548256e-09,15,3,"0.06723;0.28784;1.66441",1,0.16402183291235,0.668751425654045,21,21
"elk-163",0.05,1,158,"G4",-5.96578191173499,23,128.37124958309,TRUE,3.67450698100845e-09,17,4,"0.06435;0.24163;0.44935;1.83242",2,4.54540342366414e-12,0.637205148597173,17,21
"elk-287",0.05,1,163,"M21",-26.7739298868657,10,104.485361781799,TRUE,3.39636484845491e-09,13,3,"0.12058;0.43393;1.75254",0,0.109884352440069,0.890115647559931,20,20
"elk-287",0.05,1,163,"M22",-4.49686523848825,13,75.2124830874644,TRUE,9.05730482045253e-09,152,3,"0.11697;0.46561;1.56336",0,1.87097792111645e-12,0.999999999998129,20,20
"elk-287",0.05,1,163,"G2",-56.6871120603519,7,149.030475526351,TRUE,2.39345166393854e-10,2,2,"0.20778;1.45251",0,0.129214568279829,0.870785431720171,20,20
"elk-287",0.05,1,163,"G3",-6.31605165772162,14,83.9446061267379,TRUE,2.52340195794233e-09,6,2,"0.11043;1.5552",0,1.480060791495e-12,0.999999999444107,21,21
"elk-287",0.05,1,163,"G4",1.3486778488538,23,114.458898920848,TRUE,7.82394942027738e-09,62,3,"0.12192;0.58813;1.65782",0,1.48777761608294e-12,0.999999999991719,20,21
"elk-363",0.05,1,217,"M21",-51.8091900665481,10,157.417353668501,TRUE,7.05955956604439e-10,2,2,"0.14398;1.3581",0,0.0603434868089836,0.939656513191016,0,20
"elk-363",0.05,1,217,"M22",-43.956822395822,13,157.85231038767,TRUE,1.1817195645345e-09,2,2,"0.12962;1.00329",0,0.0979802580301579,0.902019741969842,4,20
"elk-363",0.05,1,217,"G2",-79.9891314345806,7,197.637544343944,TRUE,4.08229998078061e-10,2,2,"0.15503;0.9047",0,0.310428494016392,0.689571505983608,19,20
"elk-363",0.05,1,217,"G3",-45.2567764213623,14,165.832115792291,TRUE,8.67198428052635e-10,2,2,"0.13543;1.38703",0,9.02294798114332e-10,0.804125403639513,20,21
"elk-363",0.05,1,217,"G4",-29.3412402672053,23,182.420119665841,TRUE,9.04944793829508e-09,17,2,"0.15127;1.39645",1,1.56731282030931e-12,0.999999999964513,19,21
"elk-115",0.1,1,193,"M21",-89.0799309107604,10,230.78676371057,TRUE,5.71507642127866e-09,19,2,"0.12367;0.46877",1,0.0356428471560485,0.964357152843951,0,20
"elk-115",0.1,1,193,"M22",-84.5604593195526,13,237.535891094869,TRUE,3.77753697711189e-09,17,4,"0.12627;0.51482;1.27831;2.33823",1,0.0974127609340903,0.90258723906591,20,20
"elk-115",0.1,1,193,"G2",-104.47951418043,7,245.797859683195,TRUE,2.91132013238952e-10,2,1,"0.37753",0,0.11169993979709,0.88830006020291,20,20
"elk-115",0.1,1,193,"G3",-81.2523931391991,14,236.182448923067,TRUE,2.26124799117985e-09,7,2,"0.12515;0.46696",1,9.42446840281715e-10,0.969787986256637,21,21
"elk-115",0.1,1,193,"G4",-66.404997977083,23,253.851870298978,TRUE,4.60829473481203e-09,18,1,"0.33178",1,2.26594511014903e-12,0.716085792911694,20,21
"elk-163",0.1,1,158,"M21",-38.7672052923428,10,128.160360914955,TRUE,5.35142584409713e-09,23,2,"0.10821;1.80413",1,0.162302629605583,0.837697370394417,20,20
"elk-163",0.1,1,158,"M22",-32.2196571958563,13,130.253049821063,TRUE,5.97019863323906e-09,29,2,"0.10747;1.96605",1,0.0767527444111255,0.923247255588874,4,20
"elk-163",0.1,1,158,"G2",-46.6274538125833,7,128.693072856355,TRUE,4.8236734671271e-10,5,2,"0.11675;1.3178",1,0.225510010446908,0.774489989553092,20,20
"elk-163",0.1,1,158,"G3",-32.2628784130833,14,135.402087288544,TRUE,3.04523669284627e-09,13,2,"0.10839;1.85747",1,0.0298954860106788,0.842143068269195,21,21
"elk-163",0.1,1,158,"G4",-23.4745958071154,23,163.388877373851,TRUE,6.33155633071926e-09,37,2,"0.11405;1.99677",1,1.36890452656663e-11,0.853847185812627,20,21
"elk-287",0.1,1,163,"M21",-31.2377347226846,10,113.412971453437,TRUE,3.5492288392547e-09,13,3,"0.14171;0.52234;1.72936",1,0.109511131084111,0.890488868915889,20,20
"elk-287",0.1,1,163,"M22",-12.9894066701696,13,92.197565950827,TRUE,6.02876800664429e-09,26,3,"0.14244;0.49732;1.59518",2,1.7196265674577e-12,0.99999999999828,20,20
"elk-287",0.1,1,163,"G2",-56.6871120603519,7,149.030475526351,TRUE,2.39345166393854e-10,2,2,"0.20778;1.45251",0,0.129214568279829,0.870785431720171,20,20
"elk-287",0.1,1,163,"G3",-15.3704799518539,14,102.053462715002,TRUE,8.70405716586701e-10,7,2,"0.13145;1.57315",1,1.48443994373541e-12,0.999999999877973,21,21
"elk-287",0.1,1,163,"G4",-6.70952509995962,23,130.575304818475,TRUE,3.61383696206806e-09,19,2,"0.13558;1.69497",2,1.54264937913728e-12,0.999999999992199,20,21
"elk-363",0.1,1,217,"M21",-52.2507148915342,10,158.300403318473,TRUE,5.55492128063175e-09,25,2,"0.14748;1.369",1,0.0567422533829461,0.943257746617054,4,20
"elk-363",0.1,1,217,"M22",-45.9697004028654,13,161.878066401757,TRUE,7.92251695752736e-09,93,2,"0.14286;1.00846",1,0.0783922503860888,0.921607749613911,7,20
"elk-363",0.1,1,217,"G2",-79.9947849796992,7,197.648851434182,TRUE,1.61750116254572e-09,10,2,"0.15574;0.90675",1,0.309675547089416,0.690324452910584,19,20
"elk-363",0.1,1,217,"G3",-46.4505180266895,14,168.219599002946,TRUE,5.97364003462689e-09,23,2,"0.14367;1.39629",1,2.01096231172964e-08,0.807924485459936,21,21
"elk-363",0.1,1,217,"G4",-36.7059388532358,23,197.149516837902,TRUE,6.97381088733205e-09,213,2,"0.14021;1.08609",1,3.52735739566792e-12,0.769917051905649,15,21
"elk-115",0.05,0.6,115,"M21",-47.0846006761465,10,141.618522635926,TRUE,2.39565997670211e-09,10,3,"0.07088;0.42554;1.33731",1,0.169413354101153,0.830586645898847,20,20
"elk-115",0.05,0.6,115,"M22",-42.5724921753183,13,146.829102019359,TRUE,1.98260790598513e-09,11,4,"0.07092;0.43132;1.15011;2.1825",1,0.136751148790497,0.863248851209503,20,20
"elk-115",0.05,0.6,115,"G2",-57.1696879281961,7,147.553900754935,TRUE,3.2059899218215e-09,8,2,"0.34028;1.25793",0,0.174001927691658,0.825998072308342,20,20
"elk-115",0.05,0.6,115,"G3",-43.7373189692375,14,153.90368773556,TRUE,3.99280000613544e-09,18,3,"0.07258;0.4262;1.31912",1,0.103457418632726,0.776102902429335,21,21
"elk-115",0.05,0.6,115,"G4",-33.0288427719526,23,175.19112449626,TRUE,7.95289373480763e-09,137,3,"0.09011;0.45644;2.30678",0,2.32330251295592e-12,0.926176469559325,20,21
"elk-163",0.05,0.6,94,"M21",-30.6483627844584,10,106.729673391617,TRUE,5.33537475810506e-09,24,3,"0.08799;0.3403;1.78343",0,0.221719781340986,0.778280218659014,20,20
"elk-163",0.05,0.6,94,"M22",-23.876287405917,13,106.815406981344,TRUE,6.73135587503305e-09,39,3,"0.09012;0.34579;2.04334",0,0.0586694843759743,0.941330515624026,2,20
"elk-163",0.05,0.6,94,"G2",-39.3780972870052,7,110.5592580499,TRUE,1.34024722600077e-09,9,2,"0.10522;1.41911",0,0.278118864957674,0.721881135042326,20,20
"elk-163",0.05,0.6,94,"G3",-24.6265073218415,14,112.859141595463,TRUE,4.06531336052405e-09,16,3,"0.0867;0.36356;2.01176",0,1.31515686098706e-11,0.774437664767608,21,21
"elk-163",0.05,0.6,94,"G4",-16.8715187450636,23,138.238817482337,TRUE,7.01648173831168e-09,25,3,"0.08593;0.8236;2.08135",0,8.28154317487145e-12,0.74950754678372,2,21
"elk-287",0.05,0.6,97,"M21",-19.2909287497506,10,84.328967284535,TRUE,2.52730128545486e-10,5,3,"0.10753;0.52653;1.62746",1,0.236014258863885,0.763985741136115,6,20
"elk-287",0.05,0.6,97,"M22",-17.2716456007066,13,94.0145339219571,TRUE,5.13447020862205e-09,36,3,"0.086;0.69907;1.93729",2,0.275292609958243,0.724707390041757,12,20
"elk-287",0.05,0.6,97,"G2",-22.5139784441181,7,77.0509337377599,TRUE,2.37946215834896e-10,2,2,"0.10708;1.52896",0,0.275613418886274,0.724386581113726,20,20
"elk-287",0.05,0.6,97,"G3",-16.0321822153324,14,96.1103181297122,TRUE,2.6896501863455e-09,14,3,"0.10777;0.6093;1.68245",0,2.1954492626116e-11,0.724732818080162,20,21
"elk-287",0.05,0.6,97,"G4",-9.2078820153114,23,123.634116536201,TRUE,3.13675892737407e-09,15,3,"0.11164;0.5968;1.69527",1,2.1210824888276e-11,0.813323211835685,20,21
"elk-363",0.05,0.6,130,"M21",-33.9683223303262,10,116.611989165208,TRUE,4.18384239644359e-09,13,3,"0.20057;0.50139;1.23915",0,0.236380838860808,0.763619161139192,1,20
"elk-363",0.05,0.6,130,"M22",-29.7419363755191,13,122.761820606961,TRUE,6.83334925706988e-09,40,4,"0.20358;0.49808;0.78846;1.71925",0,0.214165550407109,0.785834449592891,1,20
"elk-363",0.05,0.6,130,"G2",-46.8586414515073,7,127.790024056204,TRUE,3.96673477606853e-09,11,2,"0.3063;1.26403",0,0.225273656062651,0.774726343937349,20,20
"elk-363",0.05,0.6,130,"G3",-31.8862163347626,14,131.917914975903,TRUE,3.22295610691476e-09,20,3,"0.20235;0.50379;1.2295",0,0.156217501029165,0.540268464251803,1,21
"elk-363",0.05,0.6,130,"G4",-20.5609460082248,23,153.075184376928,TRUE,6.26268414974146e-09,277,4,"0.20355;0.50011;0.93439;1.83118",0,4.20653359101977e-12,0.607557588664846,16,21
"elk-115",0.05,0.8,154,"M21",-81.4301355820227,10,213.229797188182,TRUE,5.87390719870163e-09,23,3,"0.12785;0.4747;1.39248",0,0.164322166365927,0.835677833634073,20,20
"elk-115",0.05,0.8,154,"M22",-73.9848850614462,13,213.45015395427,TRUE,6.57079389441495e-09,32,4,"0.1268;0.47716;1.24525;2.3449",0,0.148451367547772,0.851548632452228,20,20
"elk-115",0.05,0.8,154,"G2",-91.1889194687388,7,217.636507154373,TRUE,2.24416797268678e-09,10,2,"0.33768;1.28357",0,0.179032347632984,0.820967652367016,20,20
"elk-115",0.05,0.8,154,"G3",-76.9081584805084,14,224.333653394808,TRUE,2.13197444941527e-09,12,1,"0.23038",0,1.13572779945175e-10,0.973601946388364,20,21
"elk-115",0.05,0.8,154,"G4",-59.5231621714363,23,234.896234198386,TRUE,2.82128206204246e-09,9,2,"0.05824;0.31671",1,2.74645152764318e-12,0.67447353891502,20,21
"elk-163",0.05,0.8,126,"M21",-34.6886818308064,10,117.740182731128,TRUE,4.27122016465935e-09,20,3,"0.06717;0.25591;1.55266",1,0.265702901972297,0.734297098027703,20,20
"elk-163",0.05,0.8,126,"M22",-29.7154139972045,13,122.302492784778,TRUE,8.26218660760138e-09,80,3,"0.06596;0.56076;1.90767",1,0.286568840323467,0.713431159676533,20,20
"elk-163",0.05,0.8,126,"G2",-48.7813096008035,7,131.416592550267,TRUE,4.22138047320611e-09,13,2,"0.09633;1.32014",0,0.304032646346803,0.695967353653197,20,20
"elk-163",0.05,0.8,126,"G3",-28.9272061655489,14,125.562359028418,TRUE,7.12778391198599e-09,42,2,"0.07439;1.74273",1,4.59295849993577e-11,0.779582755584233,21,21
"elk-163",0.05,0.8,126,"G4",-18.2507895645947,23,147.736062989073,TRUE,7.51200899215363e-09,49,3,"0.07831;0.72817;2.06555",1,6.33139823887646e-12,0.79966222714834,21,21
"elk-287",0.05,0.8,130,"M21",-27.2393130951252,10,103.153970694806,TRUE,1.56034916416598e-09,131,3,"0.13487;0.6104;1.72834",0,0.146644364262179,0.853355635737821,20,20
"elk-287",0.05,0.8,130,"M22",-13.1630736490367,13,89.604095153996,TRUE,1.88081698041091e-09,8,3,"0.10837;0.60518;1.62925",0,0.0298165164838187,0.970183483516181,1,20
"elk-287",0.05,0.8,130,"G2",-42.6778433694565,7,119.428427892102,TRUE,3.86124863499331e-10,4,2,"0.13255;1.29288",0,0.283990511041129,0.716009488958871,20,20
"elk-287",0.05,0.8,130,"G3",-18.3645513228619,14,104.874584952102,TRUE,2.16293687675976e-09,12,2,"0.1087;1.55779",0,3.5792693247225e-12,0.962030680153588,20,21
"elk-287",0.05,0.8,130,"G4",-3.19076540173985,23,118.334823163958,TRUE,2.01751834068995e-09,26,4,"0.09049;0.20554;0.60932;1.62133",1,2.32527767875128e-12,0.641474794066084,21,21
"elk-363",0.05,0.8,173,"M21",-54.470058750939,10,160.473033446856,TRUE,8.01865118493594e-09,64,3,"0.17334;0.47983;1.47075",0,0.212537020610235,0.787462979389765,1,20
"elk-363",0.05,0.8,173,"M22",-49.8079676050305,13,166.608725938532,TRUE,6.72371010756835e-09,48,4,"0.18238;0.50246;0.8051;1.75449",0,0.212674610720926,0.787325389279074,5,20
"elk-363",0.05,0.8,173,"G2",-72.8401014784844,7,181.753244118453,TRUE,3.1104105906634e-09,9,2,"0.27128;1.25476",0,0.233457036457548,0.766542963542452,20,20
"elk-363",0.05,0.8,173,"G3",-52.2147504414779,14,176.575583205925,TRUE,6.45250972647395e-09,24,3,"0.16958;0.45927;1.49319",0,0.127353035173734,0.65146271252437,21,21
"elk-363",0.05,0.8,173,"G4",-40.025396337283,23,198.576499348015,TRUE,7.93430608274351e-09,81,3,"0.18223;0.50378;0.89532",0,4.47171905211015e-12,0.604453423627206,1,21
