"ID","floor","fraction","n_train","model","state","component","mean","sd","weight","occupation","self_transition"
"elk-115",0.025,1,193,"M21",1,1,0.458075939119142,0.24259119885413,1,0.51693841978346,0.958372731784846
"elk-115",0.025,1,193,"M21",2,1,0.0791582193676757,0.0722667535869889,0.375080322347491,0.48306158021654,0.95484142157954
"elk-115",0.025,1,193,"M21",2,2,1.09327771830768,0.70276669924315,0.624919677652509,0.48306158021654,0.95484142157954
"elk-115",0.025,1,193,"M22",1,1,0.0290275998980921,0.0272995260163767,0.293703209965825,0.418251170926971,0.807292051670469
"elk-115",0.025,1,193,"M22",1,2,0.630127197130449,0.176775080573918,0.706296790034175,0.418251170926971,0.807292051670469
"elk-115",0.025,1,193,"M22",2,1,0.269258984366867,0.137446857819415,0.64170038193,0.581748829073029,0.854419203887883
"elk-115",0.025,1,193,"M22",2,2,1.39582123948599,0.634582939260271,0.35829961807,0.581748829073029,0.854419203887883
"elk-115",0.025,1,193,"G2",1,1,0.371955529974262,0.265076898044173,1,0.788213226608479,0.888296435070852
"elk-115",0.025,1,193,"G2",2,1,1.35982311252797,0.669146308597626,1,0.211786773391521,0.562728926979885
"elk-115",0.025,1,193,"G3",1,1,0.0194293944588097,0.025,1,0.0895059456319253,0.76776742875634
"elk-115",0.025,1,193,"G3",2,1,0.421660656630801,0.252097700790891,1,0.716247393232723,0.882770354778306
"elk-115",0.025,1,193,"G3",3,1,1.42819740347815,0.64868125051569,1,0.194246661135352,0.543643186651341
"elk-115",0.025,1,193,"G4",1,1,0.0216597726282529,0.025,1,0.104344427166202,0.666118700364797
"elk-115",0.025,1,193,"G4",2,1,0.287554008372874,0.15536469892175,1,0.42906278757903,0.68919467911585
"elk-115",0.025,1,193,"G4",3,1,0.73356149818201,0.294393440217997,1,0.361094454577417,0.693262416600329
"elk-115",0.025,1,193,"G4",4,1,1.80708183833724,0.574570888546564,1,0.105498330677351,0.622315514914274
"elk-163",0.025,1,158,"M21",1,1,0.053108176657432,0.0340999144678977,0.56007731651207,0.6982706828505,0.786652726090681
"elk-163",0.025,1,158,"M21",1,2,0.229724280013581,0.107983283681175,0.43992268348793,0.6982706828505,0.786652726090681
"elk-163",0.025,1,158,"M21",2,1,1.45438869147616,0.793360248272886,1,0.3017293171495,0.489815590346704
"elk-163",0.025,1,158,"M22",1,1,0.0553174009024148,0.0355151721445834,0.699238745907562,0.613964880715597,0.762649925160886
"elk-163",0.025,1,158,"M22",1,2,0.216164872783888,0.0573670763992263,0.300761254092438,0.613964880715597,0.762649925160886
"elk-163",0.025,1,158,"M22",2,1,0.452012049997749,0.211366981853331,0.452071086941576,0.386035119284404,0.610102980347475
"elk-163",0.025,1,158,"M22",2,2,1.8325714744847,0.632459444038795,0.547928913058424,0.386035119284404,0.610102980347475
"elk-163",0.025,1,158,"G2",1,1,0.112788461912671,0.0934103042034406,1,0.64548653506818,0.768611418856178
"elk-163",0.025,1,158,"G2",2,1,1.29013536499593,0.832322235422122,1,0.35451346493182,0.565050693036207
"elk-163",0.025,1,158,"G3",1,1,0.0564986656684476,0.0363482251223065,1,0.400214566291876,0.591781039805164
"elk-163",0.025,1,158,"G3",2,1,0.264164182938454,0.147857352693998,1,0.343059502275306,0.593235112233375
"elk-163",0.025,1,158,"G3",3,1,1.62403322917357,0.73618122093316,1,0.256725931432818,0.43173430414829
"elk-163",0.025,1,158,"G4",1,1,0.0661599162205726,0.0454471563032746,1,0.48466917035554,0.658974767224032
"elk-163",0.025,1,158,"G4",2,1,0.249649769571525,0.0266728042047221,1,0.119651845235979,0.438875677533641
"elk-163",0.025,1,158,"G4",3,1,0.43731898182664,0.217743895265093,1,0.183878308452877,0.561402389309529
"elk-163",0.025,1,158,"G4",4,1,1.83106410783033,0.632851057841208,1,0.211800675955604,0.35764949188492
"elk-287",0.025,1,163,"M21",1,1,0.118458322499915,0.0678096242618509,0.639359958066726,0.80417633586704,0.890114859175147
"elk-287",0.025,1,163,"M21",1,2,0.431951631695607,0.172621117481054,0.360640041933274,0.80417633586704,0.890114859175147
"elk-287",0.025,1,163,"M21",2,1,1.75256128228235,0.649284864759603,1,0.19582366413296,0.552201294531965
"elk-287",0.025,1,163,"M22",1,1,0.163984627998494,0.0862146443693836,0.563090217720078,0.44179176445875,0.999999999998129
"elk-287",0.025,1,163,"M22",1,2,0.466253520063165,0.135288823376715,0.436909782279922,0.44179176445875,0.999999999998129
"elk-287",0.025,1,163,"M22",2,1,0.105108510603029,0.0608358547935966,0.582424737019822,0.55820823554125,0.989009532866728
"elk-287",0.025,1,163,"M22",2,2,1.56336364499381,0.740522706380173,0.417575262980178,0.55820823554125,0.989009532866728
"elk-287",0.025,1,163,"G2",1,1,0.206710259587414,0.161333355364283,1,0.740996947810314,0.8707900016983
"elk-287",0.025,1,163,"G2",2,1,1.45250098927935,0.78344403001185,1,0.259003052189686,0.609849966115798
"elk-287",0.025,1,163,"G3",1,1,0.105062652119119,0.0608686018797184,1,0.328796813942029,0.708280463314436
"elk-287",0.025,1,163,"G3",2,1,0.297662200180663,0.186246367553859,1,0.436586151279902,0.99999999914045
"elk-287",0.025,1,163,"G3",3,1,1.55519559661918,0.745034444444691,1,0.234617034778068,0.591178644919152
"elk-287",0.025,1,163,"G4",1,1,0.116572264892436,0.0678120582701107,1,0.424720995362456,0.717411223917719
"elk-287",0.025,1,163,"G4",2,1,0.287553044671056,0.157386489738546,1,0.292585162603777,0.999999999991719
"elk-287",0.025,1,163,"G4",3,1,0.618172487125554,0.0831088558526836,1,0.070143620497484,0.318280494377819
"elk-287",0.025,1,163,"G4",4,1,1.6578203266855,0.70531918094842,1,0.212550221536283,0.62376112469725
"elk-363",0.025,1,217,"M21",1,1,0.458803637171142,0.237731669549558,1,0.317451868074349,0.856841545824121
"elk-363",0.025,1,217,"M21",2,1,0.138730672552748,0.0922751683575351,0.704752506804794,0.68254813192565,0.939661903206848
"elk-363",0.025,1,217,"M21",2,2,1.3770913627491,0.613015042541012,0.295247493195207,0.68254813192565,0.939661903206848
"elk-363",0.025,1,217,"M22",1,1,0.345039162012473,0.171420735571587,0.752893791407761,0.495455923090367,0.891991423087792
"elk-363",0.025,1,217,"M22",1,2,0.927208097981112,0.346658101908341,0.247106208592239,0.495455923090367,0.891991423087792
"elk-363",0.025,1,217,"M22",2,1,0.118866521826869,0.0822240812075596,0.763556709754022,0.504544076909633,0.902018230316847
"elk-363",0.025,1,217,"M22",2,2,1.69220867585931,0.509842426307039,0.236443290245978,0.504544076909633,0.902018230316847
"elk-363",0.025,1,217,"G2",1,1,0.153877874385415,0.0989258054785973,1,0.552474968524506,0.689570811345141
"elk-363",0.025,1,217,"G2",2,1,0.904707674799853,0.618542969757486,1,0.447525031475494,0.609887892094126
"elk-363",0.025,1,217,"G3",1,1,0.126684912311561,0.0864542746052703,1,0.400518598999011,0.804127943848923
"elk-363",0.025,1,217,"G3",2,1,0.381679917162054,0.20859167297747,1,0.390330122347504,0.80084652283996
"elk-363",0.025,1,217,"G3",3,1,1.38738295810109,0.579173979412225,1,0.209151278653484,0.362197614640986
"elk-363",0.025,1,217,"G4",1,1,0.00897376446050018,0.025,1,0.0504565292654178,0.999999999966022
"elk-363",0.025,1,217,"G4",2,1,0.146277014623507,0.0791815351228922,1,0.382428958574167,0.7359959936364
"elk-363",0.025,1,217,"G4",3,1,0.404662401215536,0.210942145322644,1,0.361816304517243,0.786012970836612
"elk-363",0.025,1,217,"G4",4,1,1.39840400490205,0.578104155245021,1,0.205298207643173,0.370861561904691
"elk-115",0.05,1,193,"M21",1,1,0.458075459480323,0.242590716417126,1,0.516930928712154,0.95837809277809
"elk-115",0.05,1,193,"M21",2,1,0.0791590499076961,0.0722673534164802,0.3750755079659,0.483069071287846,0.954848755459074
"elk-115",0.05,1,193,"M21",2,2,1.09326318115295,0.702765278436435,0.6249244920341,0.483069071287846,0.954848755459074
"elk-115",0.05,1,193,"M22",1,1,0.0569982392710026,0.05,0.201643389386361,0.835445226138522,0.900124798783369
"elk-115",0.05,1,193,"M22",1,2,0.461393409729349,0.238113952714385,0.798356610613639,0.835445226138522,0.900124798783369
"elk-115",0.05,1,193,"M22",2,1,1.28132540074892,0.22107001955708,0.696046977335577,0.164554773861478,0.464584620655722
"elk-115",0.05,1,193,"M22",2,2,2.34059330040875,0.222910185753765,0.303953022664423,0.164554773861478,0.464584620655722
"elk-115",0.05,1,193,"G2",1,1,0.371957949355779,0.265079000636844,1,0.788216772873815,0.88830006020291
"elk-115",0.05,1,193,"G2",2,1,1.35983413691558,0.669147436475736,1,0.211783227126185,0.562731189149899
"elk-115",0.05,1,193,"G3",1,1,0.0273187139950848,0.05,1,0.100240954770435,0.697515529746111
"elk-115",0.05,1,193,"G3",2,1,0.430414589076091,0.255510675524996,1,0.718142755391291,0.890822083328391
"elk-115",0.05,1,193,"G3",3,1,1.48299521724202,0.626866248478283,1,0.181616289838274,0.522029960678407
"elk-115",0.05,1,193,"G4",1,1,0.0359773756908531,0.05,1,0.133589767677381,0.551396738064087
"elk-115",0.05,1,193,"G4",2,1,0.308395488997366,0.154256835430053,1,0.423503843137995,0.696479168138985
"elk-115",0.05,1,193,"G4",3,1,0.759229818743895,0.289461238729633,1,0.339626662215671,0.668581844922904
"elk-115",0.05,1,193,"G4",4,1,1.8193819817414,0.574477066919934,1,0.103279726968952,0.626862600192859
"elk-163",0.05,1,158,"M21",1,1,0.0620279280057185,0.05,0.629879937824437,0.707244334687716,0.787027939689072
"elk-163",0.05,1,158,"M21",1,2,0.257712697763223,0.110256165645331,0.370120062175563,0.707244334687716,0.787027939689072
"elk-163",0.05,1,158,"M21",2,1,1.48616545639302,0.78368145515923,1,0.292755665312284,0.468509735063243
"elk-163",0.05,1,158,"M22",1,1,0.0636938515509192,0.05,0.766546627785871,0.61864735494166,0.76326015281105
"elk-163",0.05,1,158,"M22",1,2,0.237631635129247,0.05,0.233453372214129,0.61864735494166,0.76326015281105
"elk-163",0.05,1,158,"M22",2,1,0.459826268388469,0.209274382783269,0.446094532124015,0.38135264505834,0.603354713224217
"elk-163",0.05,1,158,"M22",2,2,1.83410549609423,0.631452662442598,0.553905467875985,0.38135264505834,0.603354713224217
"elk-163",0.05,1,158,"G2",1,1,0.112787121975342,0.0934087368136589,1,0.645483393943177,0.768609288581511
"elk-163",0.05,1,158,"G2",2,1,1.29012367168977,0.832324167659221,1,0.354516606056823,0.565054854243429
"elk-163",0.05,1,158,"G3",1,1,0.0653656620977925,0.05,1,0.438810388576886,0.668751425654045
"elk-163",0.05,1,158,"G3",2,1,0.28643471728178,0.160730127190464,1,0.313910005484191,0.620337616326764
"elk-163",0.05,1,158,"G3",3,1,1.66441005002094,0.719061883406221,1,0.247279605938923,0.416521534806467
"elk-163",0.05,1,158,"G4",1,1,0.0638982696377382,0.05,1,0.473515261805897,0.637205148597173
"elk-163",0.05,1,158,"G4",2,1,0.240602951044792,0.05,1,0.136871493038569,0.420751778006618
"elk-163",0.05,1,158,"G4",3,1,0.445436808166768,0.216606046074695,1,0.178052212100149,0.54483950883999
"elk-163",0.05,1,158,"G4",4,1,1.83242487781912,0.631769672390456,1,0.211561033055385,0.356518688371988
"elk-287",0.05,1,163,"M21",1,1,0.118458235476512,0.0678095701603879,0.639363318375396,0.80417358209833,0.890115647559931
"elk-287",0.05,1,163,"M21",1,2,0.431951055957967,0.172618443942212,0.360636681624604,0.80417358209833,0.890115647559931
"elk-287",0.05,1,163,"M21",2,1,1.75253614216821,0.649303869878877,1,0.19582641790167,0.552215713019573
"elk-287",0.05,1,163,"M22",1,1,0.163984726913635,0.086214698939371,0.563090761324703,0.441791764902276,0.999999999998129
"elk-287",0.05,1,163,"M22",1,2,0.466253768957857,0.135288692523663,0.436909238675297,0.441791764902276,0.999999999998129
"elk-287",0.05,1,163,"M22",2,1,0.105108510346014,0.0608358545314651,0.582424736993003,0.558208235097724,0.98900953285777
"elk-287",0.05,1,163,"M22",2,2,1.5633636458322,0.740522706014128,0.417575263006997,0.558208235097724,0.98900953285777
"elk-287",0.05,1,163,"G2",1,1,0.206709365287575,0.161332393708781,1,0.740997888263826,0.870785431720171
"elk-287",0.05,1,163,"G2",2,1,1.45250998088547,0.783437350267122,1,0.259002111736174,0.60983430966396
"elk-287",0.05,1,163,"G3",1,1,0.105062657393872,0.0608686051331411,1,0.328796822293802,0.70828043591158
"elk-287",0.05,1,163,"G3",2,1,0.297662200482652,0.186246367900068,1,0.436586150753624,0.999999999444107
"elk-287",0.05,1,163,"G3",3,1,1.55519574321846,0.745034346681155,1,0.234617026952574,0.591178529700051
"elk-287",0.05,1,163,"G4",1,1,0.116572264716476,0.0678120580675908,1,0.424721005441032,0.717411218138751
"elk-287",0.05,1,163,"G4",2,1,0.287553051247211,0.157386496172248,1,0.292585169872281,0.999999999991719
"elk-287",0.05,1,163,"G4",3,1,0.618172443298659,0.0831089048229526,1,0.0701436748127875,0.318280168265072
"elk-287",0.05,1,163,"G4",4,1,1.65782074498695,0.705318954067697,1,0.212550149873899,0.623760965707909
"elk-363",0.05,1,217,"M21",1,1,0.458803521985965,0.237730014754146,1,0.317453365216965,0.856831122787856
"elk-363",0.05,1,217,"M21",2,1,0.138730658816164,0.0922750657455877,0.704755359516117,0.682546634783035,0.939656513191016
"elk-363",0.05,1,217,"M21",2,2,1.37710392151185,0.613008584252911,0.295244640483883,0.682546634783035,0.939656513191016
"elk-363",0.05,1,217,"M22",1,1,0.345042560149937,0.171422272473832,0.752904820059965,0.495452100783471,0.891991186100225
"elk-363",0.05,1,217,"M22",1,2,0.927226904296504,0.34665093925218,0.247095179940035,0.495452100783471,0.891991186100225
"elk-363",0.05,1,217,"M22",2,1,0.118867094438954,0.0822243880727691,0.763556275063191,0.504547899216529,0.902019741969842
"elk-363",0.05,1,217,"M22",2,2,1.69220060438163,0.50984753868814,0.236443724936809,0.504547899216529,0.902019741969842
"elk-363",0.05,1,217,"G2",1,1,0.153877052598245,0.0989250711011432,1,0.552472792909336,0.689571505983608
"elk-363",0.05,1,217,"G2",2,1,0.904703685085323,0.61854291196358,1,0.447527207090664,0.609893416883892
"elk-363",0.05,1,217,"G3",1,1,0.12668567957634,0.0864545890383293,1,0.400523096942549,0.804125403639513
"elk-363",0.05,1,217,"G3",2,1,0.381682935089057,0.208592380560056,1,0.390324611708322,0.800850341112021
"elk-363",0.05,1,217,"G3",3,1,1.38737659560525,0.579178045678315,1,0.209152291349129,0.362201671709695
"elk-363",0.05,1,217,"G4",1,1,0.00899687801243079,0.05,1,0.0501994971545059,0.999999999964513
"elk-363",0.05,1,217,"G4",2,1,0.146173363533587,0.0792507832477348,1,0.382297232617026,0.73675221006613
"elk-363",0.05,1,217,"G4",3,1,0.404217572808895,0.210886608260737,1,0.361863686594945,0.786767657306677
"elk-363",0.05,1,217,"G4",4,1,1.39703119952628,0.578668905848706,1,0.205639583633524,0.370912300933578
"elk-115",0.1,1,193,"M21",1,1,0.460405386188526,0.243403023181745,1,0.502796324123914,0.964357152843951
"elk-115",0.1,1,193,"M21",2,1,0.0987088471617021,0.1,0.4021738222451,0.497203675876086,0.963449387893141
"elk-115",0.1,1,193,"M21",2,2,1.11002475756725,0.697466647240454,0.5978261777549,0.497203675876086,0.963449387893141
"elk-115",0.1,1,193,"M22",1,1,0.110417540666811,0.1,0.329170350302952,0.838520830306514,0.90258723906591
"elk-115",0.1,1,193,"M22",1,2,0.515166026580177,0.225716551301659,0.670829649697048,0.838520830306514,0.90258723906591
"elk-115",0.1,1,193,"M22",2,1,1.28920180506352,0.214197392383163,0.68868411187695,0.161479169693485,0.465189356214677
"elk-115",0.1,1,193,"M22",2,2,2.33820906713746,0.224934801742922,0.31131588812305,0.161479169693485,0.465189356214677
"elk-115",0.1,1,193,"G2",1,1,0.371957949355779,0.265079000636844,1,0.788216772873815,0.88830006020291
"elk-115",0.1,1,193,"G2",2,1,1.35983413691558,0.669147436475736,1,0.211783227126185,0.562731189149899
"elk-115",0.1,1,193,"G3",1,1,0.100167987466925,0.1,1,0.200390099773037,0.654440296576434
"elk-115",0.1,1,193,"G3",2,1,0.458763612957779,0.240085970350769,1,0.493508672742173,0.969787986256637
"elk-115",0.1,1,193,"G3",3,1,1.09342071798039,0.696997340497543,1,0.30610122748479,0.762948658169962
"elk-115",0.1,1,193,"G4",1,1,0.0568314892262129,0.1,1,0.14722303271059,0.604288150809881
"elk-115",0.1,1,193,"G4",2,1,0.323207825816324,0.165281733785906,1,0.437163973633742,0.716085792911694
"elk-115",0.1,1,193,"G4",3,1,0.783062166729912,0.293229618562906,1,0.31561566798665,0.640139030736231
"elk-115",0.1,1,193,"G4",4,1,1.84367084110256,0.561749922626501,1,0.0999973256690177,0.629176174551295
"elk-163",0.1,1,158,"M21",1,1,0.105792976536574,0.1,0.794391418784517,0.783840251250333,0.837697370394417
"elk-163",0.1,1,158,"M21",1,2,0.461117730619693,0.211980741903926,0.205608581215483,0.783840251250333,0.837697370394417
"elk-163",0.1,1,158,"M21",2,1,1.80412631446141,0.654641335131288,1,0.216159748749667,0.386939347389802
"elk-163",0.1,1,158,"M22",1,1,0.102920446587776,0.1,0.882298489632546,0.630775800048389,0.923247255588874
"elk-163",0.1,1,158,"M22",1,2,2.15072798311484,0.439637059830183,0.117701510367454,0.630775800048389,0.923247255588874
"elk-163",0.1,1,158,"M22",2,1,0.356208421209526,0.230351558698869,0.591294496829509,0.369224199951611,0.854485842664187
"elk-163",0.1,1,158,"M22",2,2,1.56026248700209,0.705717586040357,0.408705503170491,0.369224199951611,0.854485842664187
"elk-163",0.1,1,158,"G2",1,1,0.116306941605781,0.1,1,0.655539577381558,0.774489989553092
"elk-163",0.1,1,158,"G2",2,1,1.31779709416268,0.828080041692632,1,0.344460422618442,0.556680997492395
"elk-163",0.1,1,158,"G3",1,1,0.103704119634833,0.1,1,0.537882632848358,0.842143068269195
"elk-163",0.1,1,158,"G3",2,1,0.354793056171914,0.25068699054658,1,0.255531902712577,0.68625777875878
"elk-163",0.1,1,158,"G3",3,1,1.85746686054466,0.617393089754096,1,0.206585464439065,0.360904710547166
"elk-163",0.1,1,158,"G4",1,1,0.107489220920738,0.1,1,0.542379602195913,0.853847185812627
"elk-163",0.1,1,158,"G4",2,1,0.218588911526024,0.16414940671155,1,0.165729101530866,0.460565646022026
"elk-163",0.1,1,158,"G4",3,1,0.689624188906994,0.262980950408232,1,0.112608652426233,0.131491629427576
"elk-163",0.1,1,158,"G4",4,1,1.99676575819269,0.530313603178131,1,0.179282643846988,0.336790121466513
"elk-287",0.1,1,163,"M21",1,1,0.141143641425639,0.1,0.767712735312774,0.80017914464004,0.890488868915889
"elk-287",0.1,1,163,"M21",1,2,0.522420258814931,0.120689815128083,0.232287264687226,0.80017914464004,0.890488868915889
"elk-287",0.1,1,163,"M21",2,1,1.72936244854808,0.664733570001197,1,0.19982085535996,0.564854546300262
"elk-287",0.1,1,163,"M22",1,1,0.180321715393555,0.1,0.640116094609657,0.440952664663012,0.99999999999828
"elk-287",0.1,1,163,"M22",1,2,0.501883816062738,0.116952452512326,0.359883905390343,0.440952664663012,0.99999999999828
"elk-287",0.1,1,163,"M22",2,1,0.109271528156926,0.1,0.593419832925531,0.559047335336988,0.989026028088382
"elk-287",0.1,1,163,"M22",2,2,1.5951840967069,0.72218582743417,0.406580167074468,0.559047335336988,0.989026028088382
"elk-287",0.1,1,163,"G2",1,1,0.206709365287575,0.161332393708781,1,0.740997888263826,0.870785431720171
"elk-287",0.1,1,163,"G2",2,1,1.45250998088547,0.783437350267122,1,0.259002111736174,0.60983430966396
"elk-287",0.1,1,163,"G3",1,1,0.108179279786542,0.1,1,0.33577496234717,0.703672889778371
"elk-287",0.1,1,163,"G3",2,1,0.298418036540005,0.1864651589381,1,0.432933578503953,0.999999999877973
"elk-287",0.1,1,163,"G3",3,1,1.57314812709133,0.735108565948169,1,0.231291459148877,0.569810272621816
"elk-287",0.1,1,163,"G4",1,1,0.11837292653357,0.1,1,0.42894356932718,0.712293540998165
"elk-287",0.1,1,163,"G4",2,1,0.286508574585923,0.156400928133131,1,0.290831578620391,0.999999999992199
"elk-287",0.1,1,163,"G4",3,1,0.618131112295723,0.1,1,0.0740135467723503,0.304784373471504
"elk-287",0.1,1,163,"G4",4,1,1.694973169566,0.68220949090276,1,0.206211305280078,0.598861748631634
"elk-363",0.1,1,217,"M21",1,1,0.459954571155866,0.238852904697575,1,0.31423423286489,0.862536420876368
"elk-363",0.1,1,217,"M21",2,1,0.140918976557679,0.1,0.708676559764136,0.68576576713511,0.943257746617054
"elk-363",0.1,1,217,"M21",2,2,1.3859050359428,0.608025906255232,0.291323440235863,0.68576576713511,0.943257746617054
"elk-363",0.1,1,217,"M22",1,1,0.126257769509871,0.1,0.756401297431576,0.547649476156593,0.921607749613911
"elk-363",0.1,1,217,"M22",1,2,1.61702323274788,0.544815122369224,0.243598702568424,0.547649476156593,0.921607749613911
"elk-363",0.1,1,217,"M22",2,1,0.356216777284473,0.173709873809975,0.762437858033156,0.452350523843407,0.895836121921856
"elk-363",0.1,1,217,"M22",2,2,0.921403598143449,0.339271236065087,0.237562141966844,0.452350523843407,0.895836121921856
"elk-363",0.1,1,217,"G2",1,1,0.154467317716956,0.1,1,0.55412810907551,0.690324452910584
"elk-363",0.1,1,217,"G2",2,1,0.906754886964065,0.618729427985171,1,0.44587189092449,0.608220265421837
"elk-363",0.1,1,217,"G3",1,1,0.131358599953324,0.1,1,0.417492863720045,0.807924485459936
"elk-363",0.1,1,217,"G3",2,1,0.389784448123133,0.21158944714367,1,0.375945415259301,0.806867629666514
"elk-363",0.1,1,217,"G3",3,1,1.39675170389837,0.575601406664371,1,0.206561721020655,0.362269356142942
"elk-363",0.1,1,217,"G4",1,1,0.123964006598984,0.1,1,0.412085095250118,0.769917051905649
"elk-363",0.1,1,217,"G4",2,1,0.367559792917796,0.178016919297168,1,0.36500769296896,0.616929239150716
"elk-363",0.1,1,217,"G4",3,1,0.993349752108105,0.338639329265259,1,0.109428596770832,1.28621972509422e-08
"elk-363",0.1,1,217,"G4",4,1,1.72670875839936,0.486566894585363,1,0.11347861501009,0.463812616700296
"elk-115",0.05,0.6,115,"M21",1,1,0.0669979478525017,0.05,0.240011218181271,0.790126088835578,0.830586645898847
"elk-115",0.05,0.6,115,"M21",1,2,0.422158655995282,0.20020304334237,0.759988781818729,0.790126088835578,0.830586645898847
"elk-115",0.05,0.6,115,"M21",2,1,1.3399329983186,0.656043901158285,1,0.209873911164423,0.334481029146242
"elk-115",0.05,0.6,115,"M22",1,1,0.067239364592864,0.05,0.231320748596573,0.83215633824436,0.863248851209503
"elk-115",0.05,0.6,115,"M22",1,2,0.431315698358958,0.204029027988871,0.768679251403427,0.83215633824436,0.863248851209503
"elk-115",0.05,0.6,115,"M22",2,1,1.15285767617391,0.15637668780933,0.623412260582219,0.16784366175564,0.284840170670382
"elk-115",0.05,0.6,115,"M22",2,2,2.18252779103844,0.394878841563174,0.376587739417781,0.16784366175564,0.284840170670382
"elk-115",0.05,0.6,115,"G2",1,1,0.336245918631557,0.231232191618035,1,0.777844452132634,0.825998072308342
"elk-115",0.05,0.6,115,"G2",2,1,1.28680997353173,0.677836385461438,1,0.222155547867366,0.365749823674453
"elk-115",0.05,0.6,115,"G3",1,1,0.0686555240945167,0.05,1,0.185818369747302,0.419951348500917
"elk-115",0.05,0.6,115,"G3",2,1,0.422510145320665,0.205494753722981,1,0.60304058006741,0.776102902429335
"elk-115",0.05,0.6,115,"G3",3,1,1.32552268475217,0.667453347199508,1,0.211141050185288,0.361409290622376
"elk-115",0.05,0.6,115,"G4",1,1,0.0846975412859492,0.061189844665735,1,0.21669800744621,0.481833848518288
"elk-115",0.05,0.6,115,"G4",2,1,0.438922574661298,0.213461901925411,1,0.471345762060579,0.926176469559325
"elk-115",0.05,0.6,115,"G4",3,1,0.777413464643295,0.418632279602626,1,0.259988254417876,0.665529375179449
"elk-115",0.05,0.6,115,"G4",4,1,2.31040366360517,0.301765947196284,1,0.051967976075335,0.162071546407731
"elk-163",0.05,0.6,94,"M21",1,1,0.0866202198591772,0.058288011745525,0.720120792261084,0.681326946779943,0.778280218659014
"elk-163",0.05,0.6,94,"M21",1,2,0.337687919558756,0.162591167835179,0.279879207738916,0.681326946779943,0.778280218659014
"elk-163",0.05,0.6,94,"M21",2,1,1.78342750770073,0.708319293520433,1,0.318673053220057,0.509591312782494
"elk-163",0.05,0.6,94,"M22",1,1,0.0883291726266654,0.0641803889235159,0.79873323171415,0.58816371575384,0.941330515624026
"elk-163",0.05,0.6,94,"M22",1,2,2.13051904556935,0.41736737313498,0.20126676828585,0.58816371575384,0.941330515624026
"elk-163",0.05,0.6,94,"M22",2,1,0.347097167124904,0.203517294674711,0.570564091530992,0.41183628424616,0.899839892390185
"elk-163",0.05,0.6,94,"M22",2,2,1.69607854474014,0.733850339636692,0.429435908469008,0.41183628424616,0.899839892390185
"elk-163",0.05,0.6,94,"G2",1,1,0.104930397954867,0.0765183280298079,1,0.566042914136322,0.721881135042326
"elk-163",0.05,0.6,94,"G2",2,1,1.41910927671042,0.86156439386073,1,0.433957085863678,0.628108351500598
"elk-163",0.05,0.6,94,"G3",1,1,0.085542044266711,0.057012083349231,1,0.429592705906452,0.774437664767608
"elk-163",0.05,0.6,94,"G3",2,1,0.362095722150586,0.261467014450269,1,0.308578243196293,0.74098608358724
"elk-163",0.05,0.6,94,"G3",3,1,2.01176526224224,0.552150503757131,1,0.261829050897254,0.437817991290698
"elk-163",0.05,0.6,94,"G4",1,1,0.0840706271778757,0.0504982617730452,1,0.404259780776187,0.74950754678372
"elk-163",0.05,0.6,94,"G4",2,1,0.256112589906428,0.169799153692088,1,0.281455934901855,0.657451549159138
"elk-163",0.05,0.6,94,"G4",3,1,0.825207842602374,0.162198679731727,1,0.0676606346567259,0.0559241195485637
"elk-163",0.05,0.6,94,"G4",4,1,2.08138599856403,0.488540006718616,1,0.246623649665231,0.414220482855265
"elk-287",0.05,0.6,97,"M21",1,1,0.107497583950497,0.0640372887086687,0.954085834984801,0.630177818536691,0.763985741136115
"elk-287",0.05,0.6,97,"M21",1,2,0.525114107563187,0.05,0.0459141650151992,0.630177818536691,0.763985741136115
"elk-287",0.05,0.6,97,"M21",2,1,1.62745869735701,0.711377824462983,1,0.369822181463309,0.576692887546994
"elk-287",0.05,0.6,97,"M22",1,1,0.0800005042696615,0.05,0.728520725108238,0.602516026012516,0.724707390041757
"elk-287",0.05,0.6,97,"M22",1,2,0.180670968612307,0.05,0.271479274891762,0.602516026012516,0.724707390041757
"elk-287",0.05,0.6,97,"M22",2,1,0.68134407385548,0.2445761034281,0.306510416042736,0.397483973987484,0.564036574551249
"elk-287",0.05,0.6,97,"M22",2,2,1.93729203319078,0.526053525038327,0.693489583957264,0.397483973987484,0.564036574551249
"elk-287",0.05,0.6,97,"G2",1,1,0.107019967095646,0.0637395369177913,1,0.595849227254433,0.724386581113726
"elk-287",0.05,0.6,97,"G2",2,1,1.52895505812095,0.754471771739869,1,0.404150772745567,0.575405924255836
"elk-287",0.05,0.6,97,"G3",1,1,0.10768108210302,0.0641215750408285,1,0.603319328632077,0.724732818080162
"elk-287",0.05,0.6,97,"G3",2,1,0.603526079237855,0.0927175122416646,1,0.0469602035755206,2.1954492626116e-11
"elk-287",0.05,0.6,97,"G3",3,1,1.68244608169894,0.69137322686825,1,0.349720467792402,0.61335900100235
"elk-287",0.05,0.6,97,"G4",1,1,0.100353269901465,0.0639604423515115,1,0.506885118079261,0.813323211835685
"elk-287",0.05,0.6,97,"G4",2,1,0.146226708001001,0.05,1,0.0978206214174163,1.92031643293947e-09
"elk-287",0.05,0.6,97,"G4",3,1,0.592355534820188,0.086980886162551,1,0.0486044116808666,2.1210824888276e-11
"elk-287",0.05,0.6,97,"G4",4,1,1.69526953647795,0.68101221283432,1,0.346689848822456,0.610109871508757
"elk-363",0.05,0.6,130,"M21",1,1,0.200186583243022,0.0832640038336712,0.67667583885781,0.728952035941377,0.763619161139192
"elk-363",0.05,0.6,130,"M21",1,2,0.501212344801458,0.0675960554957453,0.32332416114219,0.728952035941377,0.763619161139192
"elk-363",0.05,0.6,130,"M21",2,1,1.23914813515207,0.566723752957033,1,0.271047964058623,0.371076118390567
"elk-363",0.05,0.6,130,"M22",1,1,0.202734719606642,0.0858582617011794,0.727735971045634,0.68762661228057,0.785834449592891
"elk-363",0.05,0.6,130,"M22",1,2,0.775237740218438,0.303165905994383,0.272264028954366,0.68762661228057,0.785834449592891
"elk-363",0.05,0.6,130,"M22",2,1,0.49751747455827,0.0556241342172536,0.612052516420088,0.31237338771943,0.509196924176524
"elk-363",0.05,0.6,130,"M22",2,2,1.74145390037129,0.37798504268723,0.387947483579912,0.31237338771943,0.509196924176524
"elk-363",0.05,0.6,130,"G2",1,1,0.304154417983493,0.16931235159932,1,0.741027979453524,0.774726343937349
"elk-363",0.05,0.6,130,"G2",2,1,1.26402674868765,0.566567471709258,1,0.258972020546476,0.362191850913601
"elk-363",0.05,0.6,130,"G3",1,1,0.201968842678594,0.0846379573688983,1,0.498319664782236,0.540268464251803
"elk-363",0.05,0.6,130,"G3",2,1,0.503721871302736,0.0642413211042578,1,0.226952011217072,0.356344251998773
"elk-363",0.05,0.6,130,"G3",3,1,1.22949604683538,0.569180311008904,1,0.274728324000692,0.374371838590133
"elk-363",0.05,0.6,130,"G4",1,1,0.203130953179959,0.0857252516881126,1,0.506736859764752,0.541127450023759
"elk-363",0.05,0.6,130,"G4",2,1,0.499806829854172,0.0594744687897608,1,0.215369574126928,0.341223732899379
"elk-363",0.05,0.6,130,"G4",3,1,0.927254920789839,0.341394978246484,1,0.189312135530284,0.140940775510173
"elk-363",0.05,0.6,130,"G4",4,1,1.88104685894565,0.323233039784247,1,0.0885814305780358,0.607557588664846
"elk-115",0.05,0.8,154,"M21",1,1,0.117866348807211,0.0808219326480749,0.354436168715291,0.735315243135154,0.835677833634073
"elk-115",0.05,0.8,154,"M21",1,2,0.468645699225867,0.206322314983623,0.645563831284709,0.735315243135154,0.835677833634073
"elk-115",0.05,0.8,154,"M21",2,1,1.39461848049817,0.630423693667241,1,0.264684756864846,0.523406915792425
"elk-115",0.05,0.8,154,"M22",1,1,0.117233293429796,0.0805941681800057,0.342816582567351,0.775680644135477,0.851548632452228
"elk-115",0.05,0.8,154,"M22",1,2,0.476471418170083,0.207181460710831,0.657183417432649,0.775680644135477,0.851548632452228
"elk-115",0.05,0.8,154,"M22",2,1,1.24903800060859,0.238547760137828,0.723173788350859,0.224319355864523,0.462031730915486
"elk-115",0.05,0.8,154,"M22",2,2,2.34493779118732,0.219216694442013,0.276826211649141,0.224319355864523,0.462031730915486
"elk-115",0.05,0.8,154,"G2",1,1,0.331670756388768,0.228424952844985,1,0.697527308310266,0.820967652367016
"elk-115",0.05,0.8,154,"G2",2,1,1.29252976178697,0.658882069877412,1,0.302472691689734,0.570352150464615
"elk-115",0.05,0.8,154,"G3",1,1,0.189819949252324,0.142566574648933,1,0.328708875014359,0.665379728903512
"elk-115",0.05,0.8,154,"G3",2,1,0.438246750809415,0.21674705598389,1,0.310501780121078,0.973601946388364
"elk-115",0.05,0.8,154,"G3",3,1,1.17473813688567,0.664104208380993,1,0.360789344864563,0.683712639481776
"elk-115",0.05,0.8,154,"G4",1,1,0.0494938215893165,0.05,1,0.125649196871754,0.345052004315376
"elk-115",0.05,0.8,154,"G4",2,1,0.304724219907911,0.148858070056168,1,0.430414753356617,0.67447353891502
"elk-115",0.05,0.8,154,"G4",3,1,0.795445471980594,0.314300505869867,1,0.316154199527755,0.632261536342345
"elk-115",0.05,0.8,154,"G4",4,1,1.82692323596279,0.5733541798435,1,0.127781850243874,0.628518908421398
"elk-163",0.05,0.8,126,"M21",1,1,0.0652274320843365,0.05,0.681423821302142,0.661913965360065,0.734297098027703
"elk-163",0.05,0.8,126,"M21",1,2,0.257951713242158,0.120049697038859,0.318576178697858,0.661913965360065,0.734297098027703
"elk-163",0.05,0.8,126,"M21",2,1,1.55266122658288,0.772890436473541,1,0.338086034639935,0.46259189929199
"elk-163",0.05,0.8,126,"M22",1,1,0.0641098203176429,0.05,0.747970505537937,0.613488521484843,0.713431159676533
"elk-163",0.05,0.8,126,"M22",1,2,0.228928381178154,0.0821610409106277,0.252029494462063,0.613488521484843,0.713431159676533
"elk-163",0.05,0.8,126,"M22",2,1,0.552717785468006,0.229969458394967,0.369281991681364,0.386511478515157,0.530506226080565
"elk-163",0.05,0.8,126,"M22",2,2,1.90766769870083,0.596291821283797,0.630718008318636,0.386511478515157,0.530506226080565
"elk-163",0.05,0.8,126,"G2",1,1,0.0960393766617502,0.0778984782993435,1,0.581150552290835,0.695967353653197
"elk-163",0.05,0.8,126,"G2",2,1,1.32014317099266,0.84366208651831,1,0.418849447709165,0.565051876506889
"elk-163",0.05,0.8,126,"G3",1,1,0.0729215941759754,0.05,1,0.40015924127174,0.779582755584233
"elk-163",0.05,0.8,126,"G3",2,1,0.270717444432131,0.204329209928494,1,0.316438893283089,0.657049571172749
"elk-163",0.05,0.8,126,"G3",3,1,1.74273465497363,0.694620764769035,1,0.283401865445171,0.393135086914074
"elk-163",0.05,0.8,126,"G4",1,1,0.075490529095843,0.05,1,0.378955491271918,0.79966222714834
"elk-163",0.05,0.8,126,"G4",2,1,0.177735446211897,0.134633943370616,1,0.263043889421527,0.489757589413285
"elk-163",0.05,0.8,126,"G4",3,1,0.717909777446338,0.323055479266203,1,0.153020676959622,0.187836701269279
"elk-163",0.05,0.8,126,"G4",4,1,2.0661932984975,0.498401392739551,1,0.204979942346933,0.347990487552886
"elk-287",0.05,0.8,130,"M21",1,1,0.134849553726927,0.0828274092302923,0.839644905566097,0.749332401932808,0.853355635737821
"elk-287",0.05,0.8,130,"M21",1,2,0.609117884688472,0.0880095734972744,0.160355094433903,0.749332401932808,0.853355635737821
"elk-287",0.05,0.8,130,"M21",2,1,1.72834488969627,0.665444991884703,1,0.250667598067192,0.566574065339396
"elk-287",0.05,0.8,130,"M22",1,1,0.184252878243194,0.0842478019747144,0.731700008790136,0.370739719210177,0.948236080336296
"elk-287",0.05,0.8,130,"M22",1,2,0.603822031111359,0.0794201238340441,0.268299991209864,0.370739719210177,0.948236080336296
"elk-287",0.05,0.8,130,"M22",2,1,0.0962724739364853,0.0567164805224754,0.563932804168478,0.629260280789823,0.970183483516181
"elk-287",0.05,0.8,130,"M22",2,2,1.62924933877364,0.714832023210685,0.436067195831522,0.629260280789823,0.970183483516181
"elk-287",0.05,0.8,130,"G2",1,1,0.132234385240828,0.0810153574924949,1,0.604497290461112,0.716009488958871
"elk-287",0.05,0.8,130,"G2",2,1,1.29288185776403,0.787730831316211,1,0.395502709538888,0.557328785300225
"elk-287",0.05,0.8,130,"G3",1,1,0.106699147766956,0.0614082648226121,1,0.453617618345946,0.716291810396955
"elk-287",0.05,0.8,130,"G3",2,1,0.339179165130648,0.20402233846549,1,0.252974168726324,0.962030680153588
"elk-287",0.05,0.8,130,"G3",3,1,1.55778919195688,0.744267605563205,1,0.29340821292773,0.5931020414545
"elk-287",0.05,0.8,130,"G4",1,1,0.0881540982239951,0.05,1,0.413926635329913,0.626543274757932
"elk-287",0.05,0.8,130,"G4",2,1,0.224244335449639,0.0528748950407901,1,0.206638937766745,0.439358056883296
"elk-287",0.05,0.8,130,"G4",3,1,0.608044627375552,0.0799115574126154,1,0.105342960187411,0.315041693150142
"elk-287",0.05,0.8,130,"G4",4,1,1.62132819841348,0.729111398802397,1,0.274091466715931,0.641474794066084
"elk-363",0.05,0.8,173,"M21",1,1,0.480231845178556,0.193364076810789,1,0.34715241832377,0.587446077063047
"elk-363",0.05,0.8,173,"M21",2,1,0.167407947931437,0.0849757791375458,0.681990086486993,0.65284758167623,0.787462979389765
"elk-363",0.05,0.8,173,"M21",2,2,1.47085868197905,0.566106144991781,0.318009913513007,0.65284758167623,0.787462979389765
"elk-363",0.05,0.8,173,"M22",1,1,0.181617191043166,0.0919743126655479,0.759052442253032,0.707273673370823,0.787325389279074
"elk-363",0.05,0.8,173,"M22",1,2,0.785514586970347,0.292228477587167,0.240947557746968,0.707273673370823,0.787325389279074
"elk-363",0.05,0.8,173,"M22",2,1,0.501668657975772,0.0550087033382171,0.547055453567384,0.292726326629177,0.470607346995468
"elk-363",0.05,0.8,173,"M22",2,2,1.77172320633579,0.438302678408547,0.452944546432616,0.292726326629177,0.470607346995468
"elk-363",0.05,0.8,173,"G2",1,1,0.269022056486664,0.170793709395001,1,0.71839596012778,0.766542963542452
"elk-363",0.05,0.8,173,"G2",2,1,1.25475750570685,0.619549921296823,1,0.28160403987222,0.409336547460877
"elk-363",0.05,0.8,173,"G3",1,1,0.163039535135797,0.0822367966147319,1,0.410183402727921,0.614058425474627
"elk-363",0.05,0.8,173,"G3",2,1,0.461974129415273,0.207459837481274,1,0.388872663581071,0.65146271252437
"elk-363",0.05,0.8,173,"G3",3,1,1.49341059333612,0.559238651054466,1,0.200943933691008,0.390292376850594
"elk-363",0.05,0.8,173,"G4",1,1,0.181536502081238,0.0919019120363009,1,0.534748469106611,0.604453423627206
"elk-363",0.05,0.8,173,"G4",2,1,0.503324922965817,0.0560761185462964,1,0.165626762882326,0.343792435798325
"elk-363",0.05,0.8,173,"G4",3,1,0.853339857962988,0.34983812579431,1,0.180372870594348,0.269409126219117
"elk-363",0.05,0.8,173,"G4",4,1,1.77990150117779,0.489547378594016,1,0.119251897416715,0.547427554953918
