"ID","family","joint","model","component","state","weight","location","log_scale","mean_rate","direction","rho"
"elk-115","gamma",FALSE,"M21",1,1,0.500779145014018,1.79969362890921,1.06086898340098,6.04779431121114,0,0
"elk-115","gamma",FALSE,"M21",2,1,0.499220854985982,-3.82551126435042,-0.438378824963332,0.0218072833938619,0,0
"elk-115","gamma",FALSE,"M21",3,2,1,-0.318973910383255,0.300815240634241,0.726894513458224,0,0
"elk-115","gamma",FALSE,"H2",1,1,1,-4.7371688796933,0.29830406210133,0.00876342139839802,0,0
"elk-115","gamma",FALSE,"H2",2,2,1,0.266797234792058,-0.341914558257588,1.30577565361426,0,0
"elk-115","gamma",FALSE,"H3",1,1,1,-4.63959218736846,0.175407314251259,0.00966163696182246,0,0
"elk-115","gamma",FALSE,"H3",2,2,1,-0.479702532356088,0.527001581576337,0.618967487223651,0,0
"elk-115","gamma",FALSE,"H3",3,3,1,0.808038686713565,-0.550004709579472,2.24350345562009,0,0
"elk-163","gamma",FALSE,"M21",1,1,0.706844962962544,-1.10757446215587,-0.307874175392722,0.330359289027641,0,0
"elk-163","gamma",FALSE,"M21",2,1,0.293155037037456,1.88327375836178,0.551756378088833,6.57499461046124,0,0
"elk-163","gamma",FALSE,"M21",3,2,1,-2.32025774859366,0.451210392227259,0.0982482589899683,0,0
"elk-163","gamma",FALSE,"H2",1,1,1,-1.94998558463214,0.109476025938285,0.142276122534375,0,0
"elk-163","gamma",FALSE,"H2",2,2,1,1.05770521416615,-0.851850536162893,2.879754980076,0,0
"elk-163","gamma",FALSE,"H3",1,1,1,-2.38245347954964,0.502137314805203,0.0923237848904075,0,0
"elk-163","gamma",FALSE,"H3",2,2,1,-0.71099653928661,-0.391970797514522,0.491154498745692,0,0
"elk-163","gamma",FALSE,"H3",3,3,1,2.0511347647774,1.04650847503847,7.77672085009741,0,0
"elk-287","gamma",FALSE,"M21",1,1,0.405894942335616,1.6678602715244,0.249002412025166,5.30081335252477,0,0
"elk-287","gamma",FALSE,"M21",2,1,0.594105057664384,-2.13317904372665,0.653907140916871,0.11846010476686,0,0
"elk-287","gamma",FALSE,"M21",3,2,1,-0.993003902320732,0.471097199672853,0.370462185708159,0,0
"elk-287","gamma",FALSE,"H2",1,1,1,-1.25646426530945,0.166274199197227,0.284658727011926,0,0
"elk-287","gamma",FALSE,"H2",2,2,1,1.45868493942791,-0.452963456328763,4.30030065244231,0,0
"elk-287","gamma",FALSE,"H3",1,1,1,-2.18316696066814,0.703007313900375,0.112684098844008,0,0
"elk-287","gamma",FALSE,"H3",2,2,1,-0.989764595171512,0.472447238588574,0.371664172265616,0,0
"elk-287","gamma",FALSE,"H3",3,3,1,1.59852742580006,0.00359838899742167,4.94574408426337,0,0
"elk-363","gamma",FALSE,"M21",1,1,0.680870693945609,-1.1637227845727,0.368610229603226,0.312321308993552,0,0
"elk-363","gamma",FALSE,"M21",2,1,0.319129306054391,1.0188263591277,-0.184035645338365,2.76994193844034,0,0
"elk-363","gamma",FALSE,"M21",3,2,1,-4.58453329747167,0.753299304424313,0.0102085130149918,0,0
"elk-363","gamma",FALSE,"H2",1,1,1,-1.09788532782736,0.373324791668429,0.333575741713606,0,0
"elk-363","gamma",FALSE,"H2",2,2,1,0.690649282976765,-0.816356956525237,1.99501043913401,0,0
"elk-363","gamma",FALSE,"H3",1,1,1,-4.58473855738314,0.752708474505833,0.0102064178315501,0,0
"elk-363","gamma",FALSE,"H3",2,2,1,-1.13815435068875,0.334356974154314,0.320409840628096,0,0
"elk-363","gamma",FALSE,"H3",3,3,1,1.06235033615524,-0.134086656253063,2.89316290988317,0,0
"elk-115","gamma",TRUE,"M21",1,1,0.491506990833244,1.79645655184878,1.01285537676181,6.02824878723138,1.07839714284827,0.379298575008632
"elk-115","gamma",TRUE,"M21",2,1,0.508493009166756,-3.67495289758348,-0.51314189679506,0.0253505995691034,-1.91830568798829,0.137409664894911
"elk-115","gamma",TRUE,"M21",3,2,1,-0.311770948464416,0.304825014401216,0.7321492089244,-3.0503961802628,0.354148365490551
"elk-115","gamma",TRUE,"H2",1,1,1,-4.7369770782413,0.301303226811535,0.0087651023965505,-2.51714683245341,0.243001794847861
"elk-115","gamma",TRUE,"H2",2,2,1,0.266775774533313,-0.34206499835115,1.30574763163155,-3.12133802717798,0.276055538490727
"elk-115","gamma",TRUE,"H3",1,1,1,-4.64442623567419,0.216917549721532,0.00961504484703372,-2.56801491489348,0.234632977958901
"elk-115","gamma",TRUE,"H3",2,2,1,-0.336141185959447,0.128783091797965,0.714522218189345,-3.05702695760978,0.32731339058644
"elk-115","gamma",TRUE,"H3",3,3,1,1.84092408478206,1.1292248488482,6.30235948545152,0.931398328215484,0.436074923613606
"elk-163","gamma",TRUE,"M21",1,1,0.320102218917337,-1.42131675972231,-0.187998885104407,0.241395947071993,0.374427971665057,0.432097044401987
"elk-163","gamma",TRUE,"M21",2,1,0.679897781082663,1.26920992285426,-0.716154179902152,3.55804032521508,-3.0957607865028,0.437303202065044
"elk-163","gamma",TRUE,"M21",3,2,1,-2.08426824694771,0.25115122455494,0.124398115569404,-3.04133506254351,0.381237177528563
"elk-163","gamma",TRUE,"H2",1,1,1,1.04247128676657,-0.863854748381874,2.83621746741961,-3.01324512401201,0.193072470305067
"elk-163","gamma",TRUE,"H2",2,2,1,-1.94466511767267,0.109859529593199,0.143035115250853,-3.12071233654222,0.343826209242854
"elk-163","gamma",TRUE,"H3",1,1,1,-0.862348695041603,-0.35576498143661,0.422169369878953,-2.99216272541794,0.187755160388143
"elk-163","gamma",TRUE,"H3",2,2,1,1.99860879855872,0.906965658044647,7.37878358066402,3.06251100766018,0.33142560506622
"elk-163","gamma",TRUE,"H3",3,3,1,-2.37614712193483,0.517398217684315,0.0929078514247985,-3.1105928620898,0.349545551754149
"elk-287","gamma",TRUE,"M21",1,1,0.415794922014178,1.63314192207231,0.131603733838914,5.11993591346805,0.0683823238391407,0.583632907893685
"elk-287","gamma",TRUE,"M21",2,1,0.584205077985822,-2.15729567440015,0.666095971960758,0.115637419803635,1.90876751938857,0.148517120020458
"elk-287","gamma",TRUE,"M21",3,2,1,-0.988064253125824,0.494784120907404,0.372296666060104,2.82142765432951,0.330050946676139
"elk-287","gamma",TRUE,"H2",1,1,1,-1.23598278682247,0.113403685855844,0.290549074204156,2.60235597027561,0.234744882542306
"elk-287","gamma",TRUE,"H2",2,2,1,1.72478904752246,0.210007112758906,5.61133717934915,0.00292935300770402,0.639850267761825
"elk-287","gamma",TRUE,"H3",1,1,1,-2.17319036820605,0.67497133101555,0.113813928730088,1.92343654203327,0.159129731916043
"elk-287","gamma",TRUE,"H3",2,2,1,-0.984204003360062,0.501481962213115,0.373736601645456,2.81036512896763,0.329889109981414
"elk-287","gamma",TRUE,"H3",3,3,1,1.61710142828535,0.0834190651951652,5.03846477872582,0.0503289260572399,0.573801111507977
"elk-363","gamma",TRUE,"M21",1,1,0.365909980389576,0.886377162743192,-0.449693403645934,2.42632353406047,-0.483685742430275,0.306187795127478
"elk-363","gamma",TRUE,"M21",2,1,0.634090019610424,-1.11071429156249,0.432601550144193,0.329323643942476,2.95675116195623,0.401892135457177
"elk-363","gamma",TRUE,"M21",3,2,1,-4.58483091916784,0.752410075519282,0.0102054751921164,1.57386453331328,0.338322155026712
"elk-363","gamma",TRUE,"H2",1,1,1,-1.02084197420968,-0.0890459533438872,0.360291456314031,2.91617605859658,0.338899751617219
"elk-363","gamma",TRUE,"H2",2,2,1,1.05603160468232,-0.366310674829065,2.87493942563303,-0.516065408625708,0.406998722910848
"elk-363","gamma",TRUE,"H3",1,1,1,0.927303275390325,-0.388663516134255,2.52768351195195,-0.543642124387124,0.328832002999383
"elk-363","gamma",TRUE,"H3",2,2,1,-4.58540879272933,0.750761313211488,0.0101995794214895,1.57196069247893,0.339185437640636
"elk-363","gamma",TRUE,"H3",3,3,1,-1.1067932411083,0.376959986078941,0.330617473493927,2.92938613193703,0.385413656333434
"elk-115","weibull",FALSE,"M21",1,1,0.492567850168029,-3.97137257628301,-0.277731747329667,0.0222593407152781,0,0
"elk-115","weibull",FALSE,"M21",2,1,0.507432149831971,1.9003988964425,0.537821537508712,5.96496317046334,0,0
"elk-115","weibull",FALSE,"M21",3,2,1,-0.261957724228766,0.164675098195161,0.727262068464838,0,0
"elk-115","weibull",FALSE,"H2",1,1,1,-4.71403624492231,0.188088408840703,0.00842385359860324,0,0
"elk-115","weibull",FALSE,"H2",2,2,1,0.0851666607615252,-0.258254384940645,1.26638260631323,0,0
"elk-115","weibull",FALSE,"H3",1,1,1,-4.61408087033448,0.0861118449491395,0.00959291883477428,0,0
"elk-115","weibull",FALSE,"H3",2,2,1,-0.389499753576424,0.355953794212938,0.615572816382437,0,0
"elk-115","weibull",FALSE,"H3",3,3,1,0.538600292140859,-0.367906729419371,2.1927578574088,0,0
"elk-163","weibull",FALSE,"M21",1,1,0.286157202545209,1.9802159782594,0.326215112162256,6.61346827257043,0,0
"elk-163","weibull",FALSE,"M21",2,1,0.713842797454791,-1.18367949529715,-0.218755209126538,0.345786687214566,0,0
"elk-163","weibull",FALSE,"M21",3,2,1,-2.24414258303661,0.257916645607606,0.0980045882810243,0,0
"elk-163","weibull",FALSE,"H2",1,1,1,-1.95910023754864,0.0671814970745418,0.137354481253065,0,0
"elk-163","weibull",FALSE,"H2",2,2,1,0.482190479889666,-0.598613138881988,2.76059033155943,0,0
"elk-163","weibull",FALSE,"H3",1,1,1,-2.29860830317263,0.286134975858262,0.0922990399357851,0,0
"elk-163","weibull",FALSE,"H3",2,2,1,-0.705113992602826,-0.338842397948417,0.615030889309572,0,0
"elk-163","weibull",FALSE,"H3",3,3,1,2.23739624324288,0.640738452585425,8.31392100303984,0,0
"elk-287","weibull",FALSE,"M21",1,1,0.411821212042016,1.70058028156482,0.136557833475582,5.21747780092612,0,0
"elk-287","weibull",FALSE,"M21",2,1,0.588178787957984,-2.04706427840028,0.446274873183889,0.116026862910297,0,0
"elk-287","weibull",FALSE,"M21",3,2,1,-0.904718965082782,0.313030228107017,0.37023015367064,0,0
"elk-287","weibull",FALSE,"H2",1,1,1,1.37592017376328,-0.227526481754794,4.49939955098223,0,0
"elk-287","weibull",FALSE,"H2",2,2,1,-1.2350093987398,0.0774497464027365,0.282324419454449,0,0
"elk-287","weibull",FALSE,"H3",1,1,1,-2.07748889527589,0.474670208781617,0.112243118911174,0,0
"elk-287","weibull",FALSE,"H3",2,2,1,-0.901837027764474,0.314465275174636,0.371208114242058,0,0
"elk-287","weibull",FALSE,"H3",3,3,1,1.63403244105026,0.0580818776410001,5.00889293374245,0,0
"elk-363","weibull",FALSE,"M21",1,1,0.701899079188984,-1.10054432320086,0.195461120165612,0.311909001080892,0,0
"elk-363","weibull",FALSE,"M21",2,1,0.298100920811016,1.06728675555102,-0.0296134074863748,2.94551467021339,0,0
"elk-363","weibull",FALSE,"M21",3,2,1,-4.47393149876947,0.478705478167247,0.01021507332435,0,0
"elk-363","weibull",FALSE,"H2",1,1,1,1.29034350914709,0.100997601042825,3.5000113518704,0,0
"elk-363","weibull",FALSE,"H2",2,2,1,-1.1110429304185,-0.0286400542722736,0.33337452170169,0,0
"elk-363","weibull",FALSE,"H3",1,1,1,-4.47376191577794,0.478966057350509,0.010216570491039,0,0
"elk-363","weibull",FALSE,"H3",2,2,1,-1.07195018901626,0.175187022923566,0.322623267449458,0,0
"elk-363","weibull",FALSE,"H3",3,3,1,1.14031816471753,0.012643216768174,3.11135242123135,0,0
"elk-115","weibull",TRUE,"M21",1,1,0.504664894556679,-3.8403621594779,-0.327925199783399,0.0264831810889193,-1.86629624535238,0.131296241140656
"elk-115","weibull",TRUE,"M21",2,1,0.495335105443321,1.89068079630682,0.511339044227698,5.9183059573049,1.06718015488646,0.387568342932868
"elk-115","weibull",TRUE,"M21",3,2,1,-0.250365910792572,0.169342946201448,0.734816428445293,-3.05007465153929,0.357859641558007
"elk-115","weibull",TRUE,"H2",1,1,1,-4.71448387692973,0.195259442902491,0.00840495941643866,-2.49904657767331,0.234947173385662
"elk-115","weibull",TRUE,"H2",2,2,1,0.0850694280480779,-0.258329228803709,1.26633275481363,-3.1201924317569,0.276530222984334
"elk-115","weibull",TRUE,"H3",1,1,1,0.526338629468288,-0.370244357325678,2.17099549614126,2.67227590219304,0.120614620943532
"elk-115","weibull",TRUE,"H3",2,2,1,-4.62692257765737,0.101147052327245,0.00942350339965381,-2.53807657843078,0.258246955059316
"elk-115","weibull",TRUE,"H3",3,3,1,-0.389030565969152,0.361846774460477,0.615336417642255,-3.0364846452444,0.396555984795138
"elk-163","weibull",TRUE,"M21",1,1,0.80064959745475,0.325222298707712,-0.656483247103248,2.59338114707043,-0.423014592317515,0.0503007204197589
"elk-163","weibull",TRUE,"M21",2,1,0.19935040254525,1.15157298746983,-0.235236079475985,3.61544854553698,-3.12657928034731,0.903831354389438
"elk-163","weibull",TRUE,"M21",3,2,1,-1.94359670886628,0.0684566624851641,0.139437469049406,-3.0995251059971,0.356013874678059
"elk-163","weibull",TRUE,"H2",1,1,1,-1.95576278478779,0.0681175123375976,0.137767891794798,-3.12103270139115,0.350385421043846
"elk-163","weibull",TRUE,"H2",2,2,1,0.47160581001508,-0.601960340859932,2.74572932700628,-3.02061118017861,0.194540873393015
"elk-163","weibull",TRUE,"H3",1,1,1,-0.734042454184192,-0.335123675698437,0.595464174974775,-3.03669163831739,0.208785474626121
"elk-163","weibull",TRUE,"H3",2,2,1,2.22011744073656,0.616720905360694,8.17853342008386,3.06386573677779,0.321093915553967
"elk-163","weibull",TRUE,"H3",3,3,1,-2.29869689765987,0.295660791827972,0.0921295611230386,-3.07390940331597,0.336692398628311
"elk-287","weibull",TRUE,"M21",1,1,0.418745729173784,1.6591688442254,0.0896795610574278,5.08004613082224,0.0647891794657254,0.585246425352071
"elk-287","weibull",TRUE,"M21",2,1,0.581254270826216,-2.06430071042476,0.466937157910009,0.113813905551472,1.9290030886364,0.151523879904829
"elk-287","weibull",TRUE,"M21",3,2,1,-0.898486622161954,0.322058675997987,0.371980880059577,2.82071814569515,0.329845560944393
"elk-287","weibull",TRUE,"H2",1,1,1,1.79761608174743,0.196745783889577,5.65646282328049,0.00208632958037135,0.643600841252746
"elk-287","weibull",TRUE,"H2",2,2,1,-1.21600419697623,0.0396082525055027,0.291728312696324,2.60283169535054,0.233395394499503
"elk-287","weibull",TRUE,"H3",1,1,1,-2.07706523355673,0.476324138446124,0.112274013023987,1.91635424496188,0.161518827918834
"elk-287","weibull",TRUE,"H3",2,2,1,-0.895381550649512,0.324512591014629,0.372987142154668,2.81296373290804,0.328696655533828
"elk-287","weibull",TRUE,"H3",3,3,1,1.64501902048399,0.0746713094455618,5.03439881122787,0.0502822911639135,0.572540045083542
"elk-363","weibull",TRUE,"M21",1,1,0.602805400150285,-1.06382723192402,0.239146191168229,0.320308416944664,2.95921150815052,0.424837570223368
"elk-363","weibull",TRUE,"M21",2,1,0.397194599849715,0.6444347044212,-0.297871450048506,2.28739411062352,-0.481246453223521,0.286349161204947
"elk-363","weibull",TRUE,"M21",3,2,1,-4.47468234563879,0.477553867051242,0.0102084485999979,1.57409892860964,0.338208535721421
"elk-363","weibull",TRUE,"H2",1,1,1,-0.991904032019882,-0.11094263466082,0.391423884729187,2.91501080036002,0.314607745814399
"elk-363","weibull",TRUE,"H2",2,2,1,1.12834256987861,-0.126147435062866,3.28990116066368,-0.520376503052298,0.470864347880742
"elk-363","weibull",TRUE,"H3",1,1,1,-4.47514699243316,0.476857718202855,0.0102043389547931,1.57279696611254,0.338795668945359
"elk-363","weibull",TRUE,"H3",2,2,1,0.751708332542233,-0.245549860346662,2.44249310455431,-0.569390183847169,0.311018535738831
"elk-363","weibull",TRUE,"H3",3,3,1,-1.06690648772849,0.208422169871006,0.321564402439025,2.92175481403842,0.395281739246928
"elk-115","lognormal",FALSE,"M21",1,1,0.837847012954813,-0.546949056412615,0.333835919874633,1.53402862199804,0,0
"elk-115","lognormal",FALSE,"M21",2,1,0.162152987045187,-0.341572335099686,-1.13495294262834,0.748329879217376,0,0
"elk-115","lognormal",FALSE,"M21",3,2,1,-4.9272125492672,0.0441920867624166,0.0125127307682542,0,0
"elk-115","lognormal",FALSE,"H2",1,1,1,-0.503640722559905,0.242248359408434,1.36075293650217,0,0
"elk-115","lognormal",FALSE,"H2",2,2,1,-4.89949896404696,0.0484520073383595,0.0129246148753372,0,0
"elk-115","lognormal",FALSE,"H3",1,1,1,-4.63472532961909,0.161264292462583,0.0193624791107168,0,0
"elk-115","lognormal",FALSE,"H3",2,2,1,1.6826574273583,-0.590772246122823,6.27177673301653,0,0
"elk-115","lognormal",FALSE,"H3",3,3,1,-0.667011829771335,0.0254392890213342,0.868563773253974,0,0
"elk-163","lognormal",FALSE,"M21",1,1,0.84573449438155,-1.48667088963784,0.601233171294017,1.19421241087723,0,0
"elk-163","lognormal",FALSE,"M21",2,1,0.15426550561845,2.01032468297198,-0.601046905039261,8.67640087609198,0,0
"elk-163","lognormal",FALSE,"M21",3,2,1,-2.58888972341016,-0.107932110012623,0.112368978972863,0,0
"elk-163","lognormal",FALSE,"H2",1,1,1,-2.60074684999982,-0.101320795354992,0.111641612997181,0,0
"elk-163","lognormal",FALSE,"H2",2,2,1,-0.914623554843558,0.750816875110046,3.78060841402575,0,0
"elk-163","lognormal",FALSE,"H3",1,1,1,-2.64598559929959,-0.137332698498722,0.103718742863525,0,0
"elk-163","lognormal",FALSE,"H3",2,2,1,-1.43772109767443,0.590478827523232,1.21048975522009,0,0
"elk-163","lognormal",FALSE,"H3",3,3,1,2.06766240116397,-0.643264826971276,9.07729521929054,0,0
"elk-287","lognormal",FALSE,"M21",1,1,0.694718658137622,-2.17487472632349,0.134370279920541,0.218555150200808,0,0
"elk-287","lognormal",FALSE,"M21",2,1,0.305281341862378,1.62550005077854,-0.347473200982013,6.52114940710476,0,0
"elk-287","lognormal",FALSE,"M21",3,2,1,-1.2534186299808,-0.194408959743181,0.400721026517158,0,0
"elk-287","lognormal",FALSE,"H2",1,1,1,1.87872118112956,-0.639531380520407,7.5222867898431,0,0
"elk-287","lognormal",FALSE,"H2",2,2,1,-1.5930529205691,0.187753680027482,0.420972395072652,0,0
"elk-287","lognormal",FALSE,"H3",1,1,1,-2.2101423028391,0.100663845827624,0.202173394305422,0,0
"elk-287","lognormal",FALSE,"H3",2,2,1,-1.2482057430468,-0.197599980202333,0.401947791231675,0,0
"elk-287","lognormal",FALSE,"H3",3,3,1,1.56519069819029,-0.276421720699214,6.37794858321429,0,0
"elk-363","lognormal",FALSE,"M21",1,1,0.78942567071674,-0.773495450492996,0.4380608172004,1.53309456125985,0,0
"elk-363","lognormal",FALSE,"M21",2,1,0.21057432928326,-1.62423139526918,-0.770227768518638,0.21934933946541,0,0
"elk-363","lognormal",FALSE,"M21",3,2,1,-4.80635140932688,-0.358235408108286,0.010439956691745,0,0
"elk-363","lognormal",FALSE,"H2",1,1,1,-4.80640975363532,-0.358182099160896,0.0104396194559819,0,0
"elk-363","lognormal",FALSE,"H2",2,2,1,-0.952351612536602,0.36095276453199,1.0798522756766,0,0
"elk-363","lognormal",FALSE,"H3",1,1,1,-4.9011819394548,-0.280647380029127,0.00989281089771798,0,0
"elk-363","lognormal",FALSE,"H3",2,2,1,-1.14404201089154,0.193676248644596,0.665308668125931,0,0
"elk-363","lognormal",FALSE,"H3",3,3,1,1.72561746597239,-0.607652436837381,6.51382766544068,0,0
"elk-115","lognormal",TRUE,"M21",1,1,0.341316752655245,-0.329151159707616,-0.319749576939571,0.936718125635531,3.13814023897361,0.764970826601699
"elk-115","lognormal",TRUE,"M21",2,1,0.658683247344755,-0.615927364489081,0.402752914209297,1.65365290109379,0.13405946675428,0.0327847247358763
"elk-115","lognormal",TRUE,"M21",3,2,1,-4.93369738869764,0.0414137991002058,0.0123942808166461,-2.59860365760012,0.249260303681876
"elk-115","lognormal",TRUE,"H2",1,1,1,-4.89000999917308,0.0644147882969123,0.0132831113583488,-2.56636585996585,0.226379034283691
"elk-115","lognormal",TRUE,"H2",2,2,1,-0.504213520283848,0.243818810286101,1.36345073339689,-3.12025521788321,0.277737279077865
"elk-115","lognormal",TRUE,"H3",1,1,1,1.70634693011258,-0.552563738200842,6.5008391059532,0.928764599826509,0.440138245311453
"elk-115","lognormal",TRUE,"H3",2,2,1,-4.25792261482199,0.387189349079403,0.0418651877683102,-1.92303177828434,0.0424154865368898
"elk-115","lognormal",TRUE,"H3",3,3,1,-0.637604162913455,-0.0539443617485617,0.828001411830098,-3.05219540734615,0.36600063567979
"elk-163","lognormal",TRUE,"M21",1,1,0.50865645137911,-3.27446423922134,-0.423536033489321,0.0468815938787636,-2.31746057051112,0.446012957143125
"elk-163","lognormal",TRUE,"M21",2,1,0.49134354862089,-1.78799596260809,-0.711803865960491,0.188704271902523,2.73062341738543,0.5455314657318
"elk-163","lognormal",TRUE,"M21",3,2,1,-0.904464907275889,0.757922605119676,3.94389604068351,-3.0725389096744,0.226124322478384
"elk-163","lognormal",TRUE,"H2",1,1,1,-0.902110391094918,0.754138430582274,3.88591420025812,-3.03018875048048,0.22539018293011
"elk-163","lognormal",TRUE,"H2",2,2,1,-2.58031431641364,-0.0878252833884228,0.115226124800307,3.11095579854026,0.358010659058668
"elk-163","lognormal",TRUE,"H3",1,1,1,-2.59924926904665,-0.145336603838876,0.108027520066655,3.07184380759622,0.334864279754012
"elk-163","lognormal",TRUE,"H3",2,2,1,-1.21054696298417,0.680768907411079,2.09708399194568,-3.03126643455884,0.266623752792521
"elk-163","lognormal",TRUE,"H3",3,3,1,2.41743442631268,-1.8232659614036,11.3642804053123,-0.190977695214884,0.299072369956832
"elk-287","lognormal",TRUE,"M21",1,1,0.318666012685421,1.56743553982266,-0.269457909640517,6.41812320650848,0.039471520849337,0.633623217114122
"elk-287","lognormal",TRUE,"M21",2,1,0.681333987314579,-2.2172380677857,0.11039652641645,0.203171383144956,1.7009844631003,0.0907500428692168
"elk-287","lognormal",TRUE,"M21",3,2,1,-1.25555326117694,-0.193816757271954,0.40002719262035,2.75457935848832,0.353400120935713
"elk-287","lognormal",TRUE,"H2",1,1,1,-1.69605895655898,0.12001143720316,0.346310384264747,2.58086699067783,0.216132744785566
"elk-287","lognormal",TRUE,"H2",2,2,1,1.56015407880877,-0.192630274076079,6.68783873819873,-0.0049979226753936,0.679329646729814
"elk-287","lognormal",TRUE,"H3",1,1,1,-2.23853596297718,0.0991939049198749,0.196161229693833,1.89590816528194,0.0968484298582316
"elk-287","lognormal",TRUE,"H3",2,2,1,-1.25423005226116,-0.194590276080192,0.400346805035211,2.74837469795969,0.353335576297524
"elk-287","lognormal",TRUE,"H3",3,3,1,1.50676007689496,-0.18364211329825,6.37935156074311,0.029680780210216,0.646182806867616
"elk-363","lognormal",TRUE,"M21",1,1,0.516131139877635,-4.88275023089346,-0.284165828849563,0.0100567083182118,1.31494800428264,0.311095431284624
"elk-363","lognormal",TRUE,"M21",2,1,0.483868860122365,1.82055619345109,-0.659792706024503,7.05812355984312,-0.300491418586752,0.64474485344206
"elk-363","lognormal",TRUE,"M21",3,2,1,-1.08694472887718,0.215861467945974,0.728337654252545,3.05638640293692,0.223491081567991
"elk-363","lognormal",TRUE,"H2",1,1,1,-4.80670572074721,-0.357937058755787,0.0104377798506494,1.57164720766822,0.339329184218128
"elk-363","lognormal",TRUE,"H2",2,2,1,-0.952287455509525,0.360886017180359,1.07977320819263,3.07365949498634,0.152851400414978
"elk-363","lognormal",TRUE,"H3",1,1,1,-4.89914127037705,-0.282562190905718,0.00990221765241666,1.39246494111656,0.292755117935982
"elk-363","lognormal",TRUE,"H3",2,2,1,1.69896593494645,-0.61481190758358,6.32915801402187,-0.396879368875783,0.67194150728924
"elk-363","lognormal",TRUE,"H3",3,3,1,-1.14053358575064,0.196048734438674,0.669989925953256,3.03739056689543,0.236092302150325
"elk-115","truncated_normal",FALSE,"M21",1,1,0.130393923238299,1.73617698820692,-0.601413643992866,5.59964252048386,0,0
"elk-115","truncated_normal",FALSE,"M21",2,1,0.869606076761701,0.256414700612017,-0.817034896294307,0.677223051850794,0,0
"elk-115","truncated_normal",FALSE,"M21",3,2,1,-2.97224403918478,-1.73475934557077,0.0105106407251554,0,0
"elk-115","truncated_normal",FALSE,"H2",1,1,1,-0.251618484194496,-2.99573227355399,0.00935672409889188,0,0
"elk-115","truncated_normal",FALSE,"H2",2,2,1,-2.40196395190972,0.395816823605409,1.30801386239412,0,0
"elk-115","truncated_normal",FALSE,"H3",1,1,1,-1.90450008173813,0.514566820870417,2.33009716720478,0,0
"elk-115","truncated_normal",FALSE,"H3",2,2,1,0.400280309327811,-1.21394481352695,0.626070294069914,0,0
"elk-115","truncated_normal",FALSE,"H3",3,3,1,-2.999999999,-1.72390112009371,0.0106431730576666,0,0
"elk-163","truncated_normal",FALSE,"M21",1,1,0.686897837200737,-3,0.020970453910282,0.402599191524466,0,0
"elk-163","truncated_normal",FALSE,"M21",2,1,0.313102162799263,1.8901505997847,-0.473700435840783,7.04538764245314,0,0
"elk-163","truncated_normal",FALSE,"M21",3,2,1,-0.393267918982819,-1.36701171945004,0.122052172874777,0,0
"elk-163","truncated_normal",FALSE,"H2",1,1,1,-3,-0.339592176474358,0.180359693413465,0,0
"elk-163","truncated_normal",FALSE,"H2",2,2,1,1.37799350584514,-0.0979388681842619,5.34609566103371,0,0
"elk-163","truncated_normal",FALSE,"H3",1,1,1,0.00133487510053497,-2.25656605302231,0.0898966614318095,0,0
"elk-163","truncated_normal",FALSE,"H3",2,2,1,-3,0.135294119604216,0.529152469494461,0,0
"elk-163","truncated_normal",FALSE,"H3",3,3,1,2.04887992650677,-0.629123842334321,7.94424469208254,0,0
"elk-287","truncated_normal",FALSE,"M21",1,1,0.591330446117345,0.0872830178721481,-2.5280687714207,0.115935303479305,0,0
"elk-287","truncated_normal",FALSE,"M21",2,1,0.408669553882655,1.54281507442282,-0.259234393679496,5.42874634869308,0,0
"elk-287","truncated_normal",FALSE,"M21",3,2,1,0.223499216426452,-1.43379392712936,0.371297132825054,0,0
"elk-287","truncated_normal",FALSE,"H2",1,1,1,-0.851223882948813,-0.569165973934675,0.316039581094487,0,0
"elk-287","truncated_normal",FALSE,"H2",2,2,1,1.89579019841675,-0.608899116840789,6.72103600485766,0,0
"elk-287","truncated_normal",FALSE,"H3",1,1,1,0.225205213695708,-1.43566890754631,0.372325462907158,0,0
"elk-287","truncated_normal",FALSE,"H3",2,2,1,1.48369454205982,-0.205703561664403,5.33215761348538,0,0
"elk-287","truncated_normal",FALSE,"H3",3,3,1,0.0877611664787406,-2.57972041871349,0.113347452402084,0,0
"elk-363","truncated_normal",FALSE,"M21",1,1,0.753552501093134,-0.272267221097891,-1.20084784582414,0.190100842534327,0,0
"elk-363","truncated_normal",FALSE,"M21",2,1,0.246447498906866,1.58264385300287,-0.621497810707465,4.63087228123913,0,0
"elk-363","truncated_normal",FALSE,"M21",3,2,1,0.366362180283469,-1.10532438350421,0.627566506013604,0,0
"elk-363","truncated_normal",FALSE,"H2",1,1,1,-3,0.495734458906173,1.41512168615426,0,0
"elk-363","truncated_normal",FALSE,"H2",2,2,1,-0.016487337897209,-1.84214817071274,0.133221269293744,0,0
"elk-363","truncated_normal",FALSE,"H3",1,1,1,-3,0.161693223234917,0.564702969184639,0,0
"elk-363","truncated_normal",FALSE,"H3",2,2,1,-0.230763322987178,-2.99573227355399,0.0100942555427423,0,0
"elk-363","truncated_normal",FALSE,"H3",3,3,1,1.85152033523107,-0.79739136944272,6.04990317682916,0,0
"elk-115","truncated_normal",TRUE,"M21",1,1,0.725298154137681,-3,0.52368877852479,1.54580168217654,1.2093795757165,0
"elk-115","truncated_normal",TRUE,"M21",2,1,0.274701845862319,0.509366372023177,-1.39517404594327,0.732372029437423,-3.12769064311877,0.7869458054447
"elk-115","truncated_normal",TRUE,"M21",3,2,1,-3,-1.71826112451859,0.0107643496863239,-2.57788395702968,0.26076876175847
"elk-115","truncated_normal",TRUE,"H2",1,1,1,-0.263406966147552,-2.99573227355399,0.00898328033223961,-0.0338446466426506,0
"elk-115","truncated_normal",TRUE,"H2",2,2,1,-2.45046775267124,0.402041012003429,1.30701323096846,-3.12116691885318,0.276309131644543
"elk-115","truncated_normal",TRUE,"H3",1,1,1,-0.238859791716253,-2.99573227355399,0.00979532983767717,-2.58336408871366,0.238484958455103
"elk-115","truncated_normal",TRUE,"H3",2,2,1,0.225259142780358,-0.730589668331041,0.714447721082207,-3.05650802509155,0.326921290683737
"elk-115","truncated_normal",TRUE,"H3",3,3,1,1.86881280323368,-0.707265273775533,6.31844995017488,0.933209304490957,0.436235085155167
"elk-163","truncated_normal",TRUE,"M21",1,1,0.623713217757799,-3,-0.0623399108024335,0.332202620308728,-2.85156407256557,0.089997886773804
"elk-163","truncated_normal",TRUE,"M21",2,1,0.376286782242201,1.7062266597849,-0.307473351022624,6.28377166036115,3.10508161482008,0.383886243318261
"elk-163","truncated_normal",TRUE,"M21",3,2,1,-0.40999835043408,-1.32153800431508,0.128645852926106,3.13182268280222,0.362324685345574
"elk-163","truncated_normal",TRUE,"H2",1,1,1,-3,-0.340097570902161,0.180164377103603,-3.09005034231229,0.243174500257844
"elk-163","truncated_normal",TRUE,"H2",2,2,1,1.37285426734888,-0.0948443456484579,5.33755680263898,-3.13384659978878,0.365411146305445
"elk-163","truncated_normal",TRUE,"H3",1,1,1,2.01223436590723,-0.599282031247647,7.69857736680245,3.06044055950072,0.332277689118702
"elk-163","truncated_normal",TRUE,"H3",2,2,1,-0.368357657703351,-1.40410229687809,0.119029002880766,-3.08742268727574,0.356078444028059
"elk-163","truncated_normal",TRUE,"H3",3,3,1,-3,0.129396549212285,0.521577245552719,-2.99117135877677,0.150662728687112
"elk-287","truncated_normal",TRUE,"M21",1,1,0.586284764493678,0.0883108779393723,-2.56899454265354,0.114357842136838,1.91097438505854,0.147750936702548
"elk-287","truncated_normal",TRUE,"M21",2,1,0.413715235506323,1.49716526292827,-0.220755594886732,5.33649266056697,0.0643266348141011,0.586590629216063
"elk-287","truncated_normal",TRUE,"M21",3,2,1,0.226971640781489,-1.43964120009135,0.372876151974365,2.81883107275797,0.330242027221067
"elk-287","truncated_normal",TRUE,"H2",1,1,1,-0.520620644154734,-0.75947291016937,0.294306725919111,2.60209990586365,0.228331045176738
"elk-287","truncated_normal",TRUE,"H2",2,2,1,1.70296275617677,-0.353346970660773,6.07385251232333,0.00252930949289533,0.653881637057989
"elk-287","truncated_normal",TRUE,"H3",1,1,1,0.228997625601529,-1.44258065515126,0.373940828192398,2.81123899825582,0.329254207483314
"elk-287","truncated_normal",TRUE,"H3",2,2,1,0.0880507230696802,-2.58643998878953,0.113205065061387,1.90498219879157,0.15526245252119
"elk-287","truncated_normal",TRUE,"H3",3,3,1,1.48141615128692,-0.20701828616384,5.31233692538431,0.0529985125001438,0.575262071275793
"elk-363","truncated_normal",TRUE,"M21",1,1,0.237346861541892,1.58785608302664,-0.629229463044187,4.64700957906721,-0.467464926823705,0.374919741521289
"elk-363","truncated_normal",TRUE,"M21",2,1,0.762653138458108,-0.380275542502153,-1.07339738414718,0.201737655714644,2.25027513689301,0.197712198109149
"elk-363","truncated_normal",TRUE,"M21",3,2,1,0.384577091816791,-1.13671654630192,0.635798591726336,-2.93745579517506,0.385988920923554
"elk-363","truncated_normal",TRUE,"H2",1,1,1,-3,0.109864060665492,0.497386954892753,2.95535442805149,0.235832790526558
"elk-363","truncated_normal",TRUE,"H2",2,2,1,1.78707186881989,-0.774044610527534,5.64221064717213,-0.416989690365449,0.59257729650524
"elk-363","truncated_normal",TRUE,"H3",1,1,1,1.22526074112421,-0.253810566556628,3.83439499246669,-0.515112601785745,0.402427126745201
"elk-363","truncated_normal",TRUE,"H3",2,2,1,0.0478360641047747,-2.01723315741849,0.138358109874401,2.13509851017782,0.251160946907669
"elk-363","truncated_normal",TRUE,"H3",3,3,1,0.279516692957645,-1.05499043542101,0.558633160313854,-3.00755374233931,0.37517452165973
