"ID","interval","rate","step_km","lower","upper","angle","distance_open_forest","raw_habitat_code","distance_water"
"elk-115",1,6.01,5.5184434399566,6.005,6.015,NA,6013.01,13,0.2
"elk-115",2,1.42,1.4165662709524,1.415,1.425,-0.13,1327.12,13,0.60052
"elk-115",3,0.24,0.23975247652527,0.235,0.245,-2.38,673.15,13,0.56181
"elk-115",4,0.43,0.432760037434142,0.425,0.435,-0.94,863.5,13,0.55
"elk-115",5,0.1,0.103754517973918,0.095,0.105,-1.14,1015.2,17,0.30208
"elk-115",6,12.43,12.4164658820455,12.425,12.435,0.97,1105.1,16,0.2136
"elk-115",7,0.52,0.524916183785564,0.515,0.525,2.69,509.9,16,0.57118
"elk-115",8,0.31,0.309045708593405,0.305,0.315,-3.09,745.82,19,0.49117
"elk-115",9,0.31,0.30934002327536,0.305,0.315,3.07,575.54,13,0.66049
"elk-115",10,0.68,0.684547295663346,0.675,0.685,-2.93,761.99,19,0.51539
"elk-115",11,0.75,0.811066581730501,0.745,0.755,-2.61,654.31,19,0.51539
"elk-115",12,1.88,1.72551854524951,1.875,1.885,-2.36,447.21,17,0.21213
"elk-115",13,0.75,0.754458912068775,0.745,0.755,-2.43,1648.1,17,0.24749
"elk-115",14,0.54,0.53926802241557,0.535,0.545,-0.69,1241.22,13,0.25
"elk-115",15,0.86,0.930398839208218,0.855,0.865,-0.24,691.47,13,0.52738
"elk-115",16,0.69,0.629155783570333,0.685,0.695,-2.96,50,17,0.34731
"elk-115",17,0.6,0.598461569359303,0.595,0.605,-2.23,469.71,16,0.55509
"elk-115",18,0.93,0.930696647678501,0.925,0.935,2.7,150,17,0.09014
"elk-115",19,0.79,0.793378220018674,0.785,0.795,-3.12,892.33,13,0.47762
"elk-115",20,0.5,0.502159586187499,0.495,0.505,-2.17,201.56,13,0.22361
"elk-115",21,0.32,0.323882694814033,0.315,0.325,-0.03,353.55,13,0.4717
"elk-115",22,0.66,0.659628114925372,0.655,0.665,-1.44,626.5,16,0.33541
"elk-115",23,0.24,0.241747802471915,0.235,0.245,0.1,1095.73,16,0.25739
"elk-115",24,0.41,0.41271206670026,0.405,0.415,-2.84,1333.46,17,0.15
"elk-115",25,0.43,0.467183315198649,0.425,0.435,-1.67,908.98,16,0.45069
"elk-115",26,0.79,0.720741978796851,0.785,0.795,1.69,1105.1,11,0.37583
"elk-115",27,0.21,0.208165799304305,0.205,0.215,-1.87,506.21,17,0.09014
"elk-115",28,0.54,0.535474555884778,0.535,0.545,0.95,691.47,1,0
"elk-115",29,0.24,0.236087377892169,0.235,0.245,-2.46,925.34,17,0.25739
"elk-115",30,0.82,0.820324478483972,0.815,0.825,-1.04,951.31,17,0.17678
"elk-115",31,0.45,0.485585213942929,0.445,0.455,-0.15,540.83,13,0.38079
"elk-115",32,0.76,0.693796980391238,0.755,0.765,1.92,559.02,16,0.61745
"elk-115",33,0.8,0.861857441808099,0.795,0.805,2.32,1145.1,16,0.20156
"elk-115",34,1.31,1.30652831963184,1.305,1.315,2.72,503.12,17,0.20156
"elk-115",35,1.17,1.17329717037075,1.165,1.175,-3.08,1364.28,16,0.16008
"elk-115",36,0.19,0.188090403795622,0.185,0.195,1.06,471.7,16,0.36056
"elk-115",37,0.29,0.289558284288328,0.285,0.295,2.95,279.51,16,0.39131
"elk-115",38,0.5,0.496632661028249,0.495,0.505,-2.98,550.57,16,0.43661
"elk-115",39,0.03,0.0347131099154196,0.025,0.035,-0.03,79.06,13,0.25
"elk-115",40,0.63,0.626081464347891,0.625,0.635,-3.02,50,16,0.225
"elk-115",41,0.68,0.912561367799448,0.675,0.685,2.72,665.68,16,0.40389
"elk-115",42,0.04,0.044407206622349,0.035,0.045,2.85,201.56,17,0.41231
"elk-115",43,0.71,0.355953999837058,0.705,0.715,-0.67,152.07,17,0.40311
"elk-115",44,0.25,0.245814971065637,0.245,0.255,1.54,0,20,0.14577
"elk-115",45,0.78,1.0356482269574,0.775,0.785,1.04,182,13,0.35089
"elk-115",46,1.52,1.01072857385156,1.515,1.525,-2.97,985.2,17,0.19526
"elk-115",47,0.08,0.0842570471830102,0.075,0.085,-0.82,347.31,16,0.375
"elk-115",48,0.51,0.514748725107698,0.505,0.515,-2.78,265.75,16,0.40389
"elk-115",49,0.78,0.784796948261141,0.775,0.785,2.24,649.04,17,0.025
"elk-115",50,0.37,0.374750917277063,0.365,0.375,-1.68,225,17,0.443
"elk-115",51,0.26,0.299708191412914,0.255,0.265,0.39,348.21,14,0.37832
"elk-115",52,1.12,1.11592293640735,1.115,1.125,-2.42,213.6,17,0.15811
"elk-115",53,0.1,0.0820548596976438,0.095,0.105,2.82,776.21,14,0.07071
"elk-115",54,0.09,0.109553639829994,0.085,0.095,-0.55,760.35,1,0
"elk-115",55,0.21,0.175137089161605,0.205,0.215,2.35,800.39,17,0.05
"elk-115",56,0.13,0.125738816600126,0.125,0.135,1.88,654.31,1,0
"elk-115",57,0.59,0.593384361101639,0.585,0.595,1.59,721.54,14,0.025
"elk-115",58,0.46,0.45530017570829,0.455,0.465,1.98,1202.34,16,0.05
"elk-115",59,0.16,0.1625,0.155,0.165,-3.14,835.54,17,0.24749
"elk-115",60,0.12,0.120739388767709,0.115,0.125,1.34,976.28,17,0.24749
"elk-115",61,0.21,0.211151604303638,0.205,0.215,-2.82,1020.42,17,0.10607
"elk-115",62,1.96,1.96148132797638,1.955,1.965,0.09,958.19,16,0.20156
"elk-115",63,2.58,2.58257511991423,2.575,2.585,-2.84,1437.23,17,0.075
"elk-115",64,0.07,0.074908277246243,0.065,0.075,1.27,254.95,16,0.025
"elk-115",65,0.41,0.409201967248448,0.405,0.415,0.19,190.39,14,0.075
"elk-115",66,2.4,2.39933657497234,2.395,2.405,1.72,134.63,17,0.225
"elk-115",67,1.05,1.04999297616698,1.045,1.055,2.86,1101.14,13,0.14142
"elk-115",68,1.12,1.11554336536058,1.115,1.125,-3.13,305.16,16,0.41608
"elk-115",69,0.02,0.0156923548264752,0.015,0.025,0.78,1151.09,13,0.1118
"elk-115",70,0.29,0.290146514712826,0.285,0.295,0.96,1176.06,13,0.10308
"elk-115",71,6.81,6.8143451629632,6.805,6.815,0.39,1267.38,16,0.22638
"elk-115",72,7.75,7.74647823207424,7.745,7.755,0.83,6592.8,13,0.1118
"elk-115",73,0.46,0.460434577328854,0.455,0.465,-1.68,650,13,0.4423
"elk-115",74,0.67,0.668006736492979,0.665,0.675,-1.38,548.29,16,0.70178
"elk-115",75,0.24,0.280855834904671,0.235,0.245,-2.19,884.59,17,0.45069
"elk-115",76,0.27,0.225998340701873,0.265,0.275,2.75,1090.01,13,0.23049
"elk-115",77,0.04,0.0416293165929973,0.035,0.045,-2.79,995.62,16,0.325
"elk-115",78,0.02,0.0206155281280883,0.015,0.025,-0.02,1027.74,16,0.30923
"elk-115",79,0.01,0.0097082439194738,0.005,0.015,-2.57,1046.72,16,0.28504
"elk-115",80,0.02,0.0244182308941496,0.015,0.025,-1.8,1046.72,16,0.28504
"elk-115",81,0.01,0.00509901951359278,0.005,0.015,2.6,1030.78,16,0.29262
"elk-115",82,1.89,1.88536634371148,1.885,1.895,0.93,1046.72,16,0.28504
"elk-115",83,9.38,14.0680790444183,9.375,9.385,2.59,50,18,0.6255
"elk-115",84,1.09,0.548003649622884,1.085,1.095,-2.15,427.2,16,0.48283
"elk-115",85,0.06,0.0631446751515914,0.055,0.065,-0.14,0,20,0.14577
"elk-115",86,0.87,0.875128561983895,0.865,0.875,-0.21,25,17,0.17678
"elk-115",87,0.91,0.913057500927516,0.905,0.915,-3.14,75,18,0.13463
"elk-115",88,1.07,1.0705765969794,1.065,1.075,0.31,0,20,0.16008
"elk-115",89,1.63,2.1769750228241,1.625,1.635,2.91,908.64,13,0.33634
"elk-115",90,0.42,0.42064385173208,0.415,0.425,1.13,190.39,14,0.075
"elk-115",91,1.56,1.55585667720391,1.555,1.565,2.47,176.78,16,0.2136
"elk-115",92,2.95,2.47440725225255,2.945,2.955,2.99,469.71,17,0.19526
"elk-115",93,0.65,0.540283490401104,0.645,0.655,-0.64,111.8,16,0.79451
"elk-115",94,0.08,0.075823808925693,0.075,0.085,-1.45,235.85,16,0.80039
"elk-115",95,0.66,0.65779043015234,0.655,0.665,-1.83,313.25,16,0.73527
"elk-115",96,2.84,2.8425288037239,2.835,2.845,0.65,134.63,13,0.8533
"elk-115",97,0.62,0.619932455998232,0.615,0.625,3.12,522.02,16,0.59266
"elk-115",98,0.54,0.536553818363079,0.535,0.545,-2.88,79.06,16,0.30923
"elk-115",99,3.21,3.20539498346148,3.205,3.215,2.84,485.41,13,0.58363
"elk-115",100,0.03,0.0449444101084885,0.025,0.035,1.16,301.04,18,0.725
"elk-115",101,15.98,10.6512633992405,15.975,15.985,-2.31,247.49,18,0.77782
"elk-115",102,0.11,0.0930228466560769,0.105,0.115,-1.38,1098.29,13,0.25125
"elk-115",103,2.25,2.25460417812085,2.245,2.255,1.92,1011.5,16,0.31623
"elk-115",104,0.05,0.0457083143421413,0.045,0.055,-0.46,200,17,0.125
"elk-115",105,0.04,0.0431740662898458,0.035,0.045,-1.68,175,17,0.1
"elk-115",106,0,0.00447213595499958,0,0.005,2.44,201.56,17,0.15
"elk-115",107,0.44,0.437437138341042,0.435,0.445,-2.02,201.56,17,0.15
"elk-115",108,0.17,0.168928979159882,0.165,0.175,-2.83,538.52,17,0.52559
"elk-115",109,0.22,0.261396250929504,0.215,0.225,-1.13,403.11,17,0.38243
"elk-115",110,0.09,0.0740624736286873,0.085,0.095,-1.58,167.71,16,0.16008
"elk-115",111,0.17,0.17111472759526,0.165,0.175,-2.78,190.39,16,0.21506
"elk-115",112,1.29,1.28886044628579,1.285,1.295,2.08,201.56,17,0.175
"elk-115",113,0.11,0.106230880632705,0.105,0.115,-1.1,35.36,19,0.67546
"elk-115",114,4.25,4.24542589147426,4.245,4.255,0.63,35.36,19,0.63097
"elk-115",115,1.96,1.96520921278117,1.955,1.965,-0.56,1744.28,1,0
"elk-115",116,3.88,3.87585474444025,3.875,3.885,1.53,2392.96,17,0.52738
"elk-115",117,9.5,9.50487975989176,9.495,9.505,2.44,250,16,0.53033
"elk-115",118,0.19,0.191387042403607,0.185,0.195,-2.21,340.04,17,0.325
"elk-115",119,0.5,0.496477592646436,0.495,0.505,2.94,437.32,13,0.35532
"elk-115",120,1.81,2.1081046582179,1.805,1.815,1.08,275,17,0.20156
"elk-115",121,2.98,2.48173487705677,2.975,2.985,2.97,1061.25,13,0.30104
"elk-115",122,1,1.00278212987667,0.995,1.005,-1.71,416.08,16,0.25
"elk-115",123,0.98,0.980010841776763,0.975,0.985,3.12,35.36,19,0.67546
"elk-115",124,1.92,1.92242977765119,1.915,1.925,2.93,430.12,16,0.23049
"elk-115",125,0.92,0.918828057908551,0.915,0.925,2.89,79.06,16,0.23717
"elk-115",126,0.03,0.0281602556806574,0.025,0.035,1.72,35.36,19,0.6265
"elk-115",127,7.05,9.39796770583938,7.045,7.055,0.65,25,19,0.63885
"elk-115",128,4.65,3.09883546675199,4.645,4.655,1,6543.13,13,0.125
"elk-115",129,7.29,9.71337124792417,7.285,7.295,2.57,7084.67,13,0.025
"elk-115",130,3.87,2.5786853239587,3.865,3.875,-0.98,1000,17,0.31325
"elk-115",131,3.67,3.67075853877642,3.665,3.675,-1.36,35.36,19,0.63097
"elk-115",132,3.79,3.78932332349722,3.785,3.795,3.13,1457.74,17,0.07906
"elk-115",133,7.9,9.21663204484154,7.895,7.905,1.23,25,19,0.625
"elk-115",134,0.21,0.209502386621251,0.205,0.215,1.51,925,17,0.74917
"elk-115",135,0.21,0.211559093399457,0.205,0.215,-3.12,1150,16,0.65765
"elk-115",136,0.67,0.555398280515883,0.665,0.675,-2.16,925,17,0.74917
"elk-115",137,2.09,2.4385356774097,2.085,2.095,-0.25,1261.2,16,0.20616
"elk-115",138,3.25,3.25285474621908,3.245,3.255,2.95,3020.97,13,0.30923
"elk-115",139,0.71,0.831472188350278,0.705,0.715,2.16,305.16,14,0.10308
"elk-115",140,0.47,0.315174951415876,0.465,0.475,2.02,1001.25,16,0.65
"elk-115",141,0.21,0.246617112139446,0.205,0.215,-1.07,1019.8,16,0.40697
"elk-115",142,0.13,0.110146493362249,0.125,0.135,0.42,1250,16,0.16771
"elk-115",143,1.03,1.19907599842545,1.025,1.035,0.8,1328.53,19,0.0559
"elk-115",144,1.45,1.20526770885144,1.445,1.455,-3.12,1075,16,0.27951
"elk-115",145,0.01,0.00894427190999916,0.005,0.015,2.47,1352.08,13,0.05
"elk-115",146,0.64,0.534731007142844,0.635,0.645,3.02,1375.68,13,0.0559
"elk-115",147,0.46,0.459230062169279,0.455,0.465,-2.84,1007.78,17,0.58149
"elk-115",148,0.17,0.173897239771079,0.165,0.175,-1.41,1202.6,19,0.16771
"elk-115",149,0.36,0.363691146441593,0.355,0.365,2.72,1367.71,13,0.07906
"elk-115",150,0.17,0.170103644875705,0.165,0.175,-1.78,1144.83,16,0.22638
"elk-115",151,0.22,0.220216370871922,0.215,0.225,-1.79,1296.63,14,0.14577
"elk-115",152,1.43,1.66708638048543,1.425,1.435,-1.77,1342.8,16,0.025
"elk-115",153,1.46,1.46360821260336,1.455,1.465,-3.05,145.77,17,0.51539
"elk-115",154,0.28,0.235461780338126,0.275,0.285,-2.94,1131.92,16,0.23049
"elk-115",155,0.44,0.443444754168995,0.435,0.445,-1.88,905.88,16,0.375
"elk-115",156,0.4,0.399819021558505,0.395,0.405,-2.55,877.85,14,0.39131
"elk-115",157,0.13,0.128140547837131,0.125,0.135,-0.38,1123.61,16,0.25125
"elk-115",158,0.55,0.551337464716484,0.545,0.555,-0.3,1140.45,16,0.2136
"elk-115",159,1.13,1.32158512779162,1.125,1.135,-1.86,1209.34,16,0.50249
"elk-115",160,1.75,1.46054955410626,1.745,1.755,-2.75,0,20,0.39131
"elk-115",161,0.8,0.798936324121015,0.795,0.805,-2.48,1342.8,16,0.025
"elk-115",162,0.61,0.808490105072412,0.605,0.615,-3.11,850,16,0.71063
"elk-115",163,1.14,0.761331071216721,1.135,1.145,1.07,1330.65,16,0.025
"elk-115",164,0.51,0.505920201217544,0.505,0.515,-0.52,929.05,17,0.63097
"elk-115",165,0.6,0.595278926218626,0.595,0.605,3.02,803.51,16,0.13463
"elk-115",166,0.35,0.411830062040158,0.345,0.355,-2.84,900.35,17,0.65431
"elk-115",167,0.2,0.197866748090729,0.195,0.205,2.99,679.15,19,0.31325
"elk-115",168,0.09,0.0878179936004006,0.085,0.095,2,752.08,19,0.45069
"elk-115",169,0.91,0.762764708150554,0.905,0.915,-1.73,807,17,0.47566
"elk-115",170,0.83,0.966005305368454,0.825,0.835,-3.09,1158.12,16,0.225
"elk-115",171,0.77,0.645914080973623,0.765,0.775,2.84,654.31,19,0.29155
"elk-115",172,0.08,0.0809459696340713,0.075,0.085,1.92,886,17,0.44721
"elk-115",173,0.68,0.68147046891263,0.675,0.685,1.29,946.37,17,0.52738
"elk-115",174,0.48,0.55518938210308,0.475,0.485,2.99,675,17,0.25
"elk-115",175,1.29,1.28779161745991,1.285,1.295,-0.64,831.04,16,0.57064
"elk-115",176,1.58,1.31677722109702,1.575,1.585,2.33,0,20,0.36912
"elk-115",177,1.13,1.13120743013826,1.125,1.135,3.02,1237.44,17,0.32882
"elk-115",178,0.38,0.438872418818955,0.375,0.385,0.51,125,17,0.15
"elk-115",179,0.78,0.651143033441962,0.775,0.785,2.13,125,17,0.52559
"elk-115",180,0.31,0.367077988988716,0.305,0.315,3.02,371.65,17,0.71981
"elk-115",181,1.59,1.32032656945166,1.585,1.595,-1.97,0,20,0.48088
"elk-115",182,1.21,1.21335773784981,1.205,1.215,-2.84,1185.33,17,0.16771
"elk-115",183,1.22,1.2195085075554,1.215,1.225,-3.05,395.28,17,0.72887
"elk-115",184,0.94,0.940662665358842,0.935,0.945,2.75,1158.12,16,0.225
"elk-115",185,0.01,0.660328138125281,0.005,0.015,-0.7,226.38,17,0.23585
"elk-115",186,0,0.0778331548891602,0,0.005,-0.64,134.63,13,0.5534
"elk-115",187,0.01,0.00806225774829855,0.005,0.015,-2.91,160.08,13,0.51539
"elk-115",188,0.01,0.00707106781186548,0.005,0.015,-2.48,141.42,13,0.52202
"elk-115",189,0,0.00223606797749979,0,0.005,0.32,160.08,13,0.51539
"elk-115",190,0,0.00403112887414927,0,0.005,1.23,160.08,13,0.51539
"elk-115",191,0,0.00403112887414927,0,0.005,3.14,160.08,13,0.51539
"elk-115",192,0,0.001,0,0.005,-1.7,160.08,13,0.51539
"elk-115",193,0.01,0.00602079728939615,0.005,0.015,2.41,160.08,13,0.51539
"elk-163",1,5.87,5.87319402029254,5.865,5.875,NA,0,20,0.025
"elk-163",2,1.22,1.22062688811938,1.215,1.225,-2.21,4011.23,17,0.2136
"elk-163",3,0.52,0.524461628720348,0.515,0.525,-2.74,2848.79,13,0.18028
"elk-163",4,0.17,0.173072239252862,0.165,0.175,-2.56,3259.6,16,0.1118
"elk-163",5,0.89,0.887590558760063,0.885,0.895,-1.84,3200.1,16,0.125
"elk-163",6,1.51,1.63495328679446,1.505,1.515,-3.07,2479.54,13,0.09014
"elk-163",7,0.55,0.507640867149208,0.545,0.555,-3.1,3922.37,17,0.03536
"elk-163",8,14.61,14.6111368910841,14.605,14.615,-2.95,3436.57,16,0.10607
"elk-163",9,2.66,2.87843451375917,2.655,2.665,0.01,989,16,0.26926
"elk-163",10,11.12,10.1893057295382,11.115,11.125,-0.15,195.26,17,0.49812
"elk-163",11,1.4,1.39558706285205,1.395,1.405,-0.9,1311.73,19,0.35355
"elk-163",12,0,0.003,0,0.005,3.03,257.39,13,0.46971
"elk-163",13,0.09,0.0911660572801084,0.085,0.095,-0.12,279.51,13,0.44721
"elk-163",14,13.84,14.9949192728737,13.835,13.845,-1.96,340.04,13,0.39528
"elk-163",15,0.16,0.15054567413247,0.155,0.165,-2.97,257.39,13,0.55
"elk-163",16,0.05,0.0486004115208915,0.045,0.055,1.27,388.1,13,0.525
"elk-163",17,0.21,0.217536778499637,0.205,0.215,-2.52,403.11,13,0.50062
"elk-163",18,0.33,0.34557922391255,0.325,0.335,-2.14,378.32,13,0.41231
"elk-163",19,0.28,0.282818404634493,0.275,0.285,-2.63,145.77,13,0.48541
"elk-163",20,0.17,0.153887133965124,0.165,0.175,-1.67,403.11,13,0.49244
"elk-163",21,1.93,1.93343450884689,1.925,1.935,-2.07,328.82,13,0.4272
"elk-163",22,0.37,0.401421536542324,0.365,0.375,2.48,638.85,16,0.26926
"elk-163",23,19.71,19.7103712610899,19.705,19.715,-2.09,269.26,13,0.20616
"elk-163",24,5.74,5.25859727018527,5.735,5.745,-3.09,12733.05,11,0.325
"elk-163",25,1.03,1.02632012549691,1.025,1.035,-3.04,7467.97,16,0.03536
"elk-163",26,0.43,0.46083836645835,0.425,0.435,-1.18,8486.94,16,0.25
"elk-163",27,0.14,0.132341414530751,0.135,0.145,0.75,8725.32,13,0.12748
"elk-163",28,4.75,4.75113073383589,4.745,4.755,0.4,8864.68,19,0.2136
"elk-163",29,0.82,0.888775140291401,0.815,0.825,0.67,13566.8,16,0.0559
"elk-163",30,3.31,3.03808364763053,3.305,3.315,2.6,14223.51,16,0.125
"elk-163",31,4.53,4.53421349298861,4.525,4.535,-3.11,11262.02,13,0.28504
"elk-163",32,12.77,12.7628752246506,12.765,12.775,0.24,15687.46,17,0.55509
"elk-163",33,8.17,8.17101874003481,8.165,8.175,-0.23,8063.07,17,0.57717
"elk-163",34,0.09,0.0854180894190452,0.085,0.095,1.79,7794.63,16,0.09014
"elk-163",35,0.7,0.816340155817414,0.695,0.705,1.1,7717.51,16,0.025
"elk-163",36,0.78,0.710302752352826,0.775,0.785,3.07,7200.17,17,0.41908
"elk-163",37,0.23,0.21411970950849,0.225,0.235,0.92,7675.04,16,0.07071
"elk-163",38,4.91,4.90624329298905,4.905,4.915,2.51,7658.49,1,0
"elk-163",39,0.03,0.0252388589282479,0.025,0.035,-0.93,6651.36,17,0.37165
"elk-163",40,0.02,0.0219544984001002,0.015,0.025,-2.68,6629.72,17,0.375
"elk-163",41,0.18,0.175685087585714,0.175,0.185,-1.35,6626.56,17,0.38161
"elk-163",42,4.82,4.81867266474908,4.815,4.825,1.82,6806.48,17,0.23585
"elk-163",43,4.77,4.77225892528895,4.765,4.775,3.11,7721.92,16,0.0559
"elk-163",44,0.08,0.0796303962064738,0.075,0.085,1.04,6651.36,17,0.37165
"elk-163",45,0.1,0.101118742080783,0.095,0.105,-3.02,6732.11,17,0.28284
"elk-163",46,9.93,10.7540878274264,9.925,9.935,-1.39,6626.56,17,0.38161
"elk-163",47,11.73,10.7538811249706,11.725,11.735,-3.13,10273.78,17,0.61897
"elk-163",48,0.02,0.0223439029715043,0.015,0.025,-0.41,6803.31,17,0.25739
"elk-163",49,0.09,0.0925418824100742,0.085,0.095,-0.76,6781.69,17,0.25
"elk-163",50,6.84,6.84700116839482,6.835,6.845,1.65,6685.85,17,0.30516
"elk-163",51,0.03,0.0269258240356725,0.025,0.035,-2.02,10222.34,17,0.07906
"elk-163",52,0.03,0.0300832179129826,0.025,0.035,-2.61,10189.46,17,0.05
"elk-163",53,0.06,0.0626996810199223,0.055,0.065,0.74,10212.4,17,0.0559
"elk-163",54,0.11,0.109772492000501,0.105,0.115,2.54,10215.67,17,0.03536
"elk-163",55,0.29,0.288340076992429,0.285,0.295,-0.35,10143.59,17,0.025
"elk-163",56,0.01,0.00948683298050514,0.005,0.015,0.27,9902.34,16,0.075
"elk-163",57,0.01,0.0113137084989848,0.005,0.015,-2.68,9902.34,16,0.075
"elk-163",58,0.25,0.252578700606365,0.245,0.255,-0.42,9902.34,16,0.075
"elk-163",59,0.42,0.416143304643965,0.415,0.425,2.24,10067.93,11,0.025
"elk-163",60,0.45,0.450124427242068,0.445,0.455,0.7,9644.49,19,0.35355
"elk-163",61,0.19,0.186324984905407,0.185,0.195,0.24,9306.58,17,0.67315
"elk-163",62,0.61,0.609741748611656,0.605,0.615,2.94,9180.21,14,0.83104
"elk-163",63,0.24,0.242848203616992,0.235,0.245,2.88,9631.33,16,0.35532
"elk-163",64,0,0.00223606797749979,0,0.005,0.52,9435.11,17,0.53677
"elk-163",65,5.54,6.45699823834574,5.535,5.545,-1.97,9435.11,17,0.53677
"elk-163",66,0.11,0.0885225959854319,0.105,0.115,-2.58,6806.48,17,0.23585
"elk-163",67,9.8,10.6241282465904,9.795,9.805,2.21,6887.4,17,0.15811
"elk-163",68,12.79,11.7235402502828,12.785,12.795,-0.06,10577.39,17,0.62099
"elk-163",69,0.04,0.0406109591120426,0.035,0.045,2.01,6195.21,17,0.56679
"elk-163",70,0.04,0.0403112887414927,0.035,0.045,2.02,6145.37,17,0.53033
"elk-163",71,0.17,0.165717379897221,0.165,0.175,1.99,6168.32,17,0.53151
"elk-163",72,0.05,0.0532658427136941,0.045,0.055,1.19,6281.17,19,0.70711
"elk-163",73,0.13,0.125495019821505,0.125,0.135,1.72,6233.98,19,0.69147
"elk-163",74,0.1,0.098488578017961,0.095,0.105,-2.79,6151.93,17,0.58577
"elk-163",75,0.1,0.101800049115902,0.095,0.105,2.72,6209.12,19,0.67546
"elk-163",76,0.11,0.10643425200564,0.105,0.115,-3.02,6129.44,17,0.59002
"elk-163",77,0.15,0.179067026557097,0.145,0.155,-2.15,6186.93,19,0.68007
"elk-163",78,0.21,0.172320196146592,0.205,0.215,2.9,6220.13,17,0.58577
"elk-163",79,0.14,0.140375389580938,0.135,0.145,2.59,6236.64,19,0.71063
"elk-163",80,0.01,0.0095524865872714,0.005,0.015,-1.78,6149.64,17,0.56679
"elk-163",81,0.05,0.0440454310910905,0.045,0.055,-1.63,6149.64,17,0.56679
"elk-163",82,0.17,0.174889250670246,0.165,0.175,-2.78,6176.82,17,0.60208
"elk-163",83,0.12,0.1171537451386,0.115,0.125,2.32,6089.85,16,0.4423
"elk-163",84,0.2,0.196063765137773,0.195,0.205,1.36,6216.31,17,0.55509
"elk-163",85,0.11,0.112611056295552,0.105,0.115,2.43,6209.12,19,0.67546
"elk-163",86,0.05,0.0481040538832228,0.045,0.055,1.44,6127.04,17,0.57009
"elk-163",87,0.07,0.0720503296314458,0.065,0.075,-2.59,6172.37,17,0.56569
"elk-163",88,0.1,0.0961002081163199,0.095,0.105,1.99,6099.85,17,0.53502
"elk-163",89,0.02,0.0174928556845359,0.015,0.025,-2.26,6116.58,16,0.47762
"elk-163",90,2.9,2.89720076107956,2.895,2.905,3.04,6091.64,16,0.45962
"elk-163",91,0.07,0.0714002801114954,0.065,0.075,0,8589.42,16,0.42426
"elk-163",92,0.33,0.332777703580033,0.325,0.335,0.5,8645.27,16,0.49497
"elk-163",93,0.03,0.0252388589282479,0.025,0.035,-2.01,8970.82,16,0.76322
"elk-163",94,2.54,4.46996756140355,2.535,2.545,2.22,8973.99,13,0.77661
"elk-163",95,0.21,0.0665676347784717,0.205,0.215,3.03,13335.34,26,0.8489
"elk-163",96,1.29,1.18324564229073,1.285,1.295,-2,13285.38,14,0.80039
"elk-163",97,0.01,0.00824621125123532,0.005,0.015,0.23,13734.1,26,1.59765
"elk-163",98,4.39,4.38885238416605,4.385,4.395,-0.9,13735.04,19,1.57421
"elk-163",99,0.65,0.649935573730197,0.645,0.655,0.51,17791.01,16,0.21213
"elk-163",100,0.29,0.286183944343494,0.285,0.295,-0.83,18199.67,14,0.15811
"elk-163",101,0.04,0.0409298179815156,0.035,0.045,1.02,18508.14,25,0.2
"elk-163",102,3.57,3.57065176123351,3.565,3.575,-2,18512.51,25,0.175
"elk-163",103,0.41,0.412681475232412,0.405,0.415,1.49,20736.82,26,1.87567
"elk-163",104,0.01,0.014142135623731,0.005,0.015,-0.77,21072.57,26,1.54536
"elk-163",105,0.03,0.0304795013082563,0.025,0.035,-2.14,21097.54,26,1.54151
"elk-163",106,1.36,1.35854333754945,1.355,1.365,1.96,21071.43,26,1.57003
"elk-163",107,0.09,0.0916787870774914,0.085,0.095,-2.13,22358.05,25,0.72672
"elk-163",108,0.96,0.958801335001156,0.955,0.965,-1.09,22306.18,25,0.775
"elk-163",109,0.29,0.291238733687674,0.285,0.295,0,21416.88,25,1.62788
"elk-163",110,0.26,0.308506482914055,0.255,0.265,-2.98,21120.27,25,1.58765
"elk-163",111,2.52,2.51946725519503,2.515,2.525,2.77,21442.86,25,1.59883
"elk-163",112,1.47,2.21157907387459,1.465,1.475,3.08,19372.48,14,1.17925
"elk-163",113,0.09,0.0441021541423999,0.085,0.095,2.82,21095.29,25,1.59099
"elk-163",114,0.31,0.310400144974193,0.305,0.315,1.64,21072.57,26,1.54536
"elk-163",115,12.43,12.4358314659696,12.425,12.435,2.85,20838.5,14,1.81332
"elk-163",116,0.05,0.0471274866717927,0.045,0.055,-2.22,32682.38,25,2.00156
"elk-163",117,0.04,0.0378846934790292,0.035,0.045,-2.45,32673.43,26,1.95224
"elk-163",118,0.04,0.0407062648740952,0.035,0.045,2.26,32657.79,25,1.99765
"elk-163",119,0.01,0.00813941029804985,0.005,0.015,0.67,32648.83,25,1.94824
"elk-163",120,0.02,0.031148836254345,0.015,0.025,-1.43,32648.83,25,1.94824
"elk-163",121,0.13,0.0956151138680491,0.125,0.135,-2.84,32619.78,25,1.9198
"elk-163",122,0.05,0.0622113333726259,0.045,0.055,-1.83,32706.97,25,2.00577
"elk-163",123,0.08,0.0587388287251287,0.075,0.085,-2.15,32722.63,25,1.96119
"elk-163",124,0.02,0.0191637678967368,0.015,0.025,-2.67,32648.83,26,1.94824
"elk-163",125,0.1,0.101607086367044,0.095,0.105,3.06,32673.43,26,1.95224
"elk-163",126,0.03,0.0264433356443547,0.025,0.035,-3.05,32570.58,26,1.91328
"elk-163",127,0.04,0.0404474968323134,0.035,0.045,-0.12,32595.18,25,1.91638
"elk-163",128,0.07,0.0717007670809734,0.065,0.075,-0.29,32648.83,25,1.94824
"elk-163",129,0.31,0.312921715449727,0.305,0.315,0.71,32722.63,25,1.96119
"elk-163",130,0.25,0.310903522012858,0.245,0.255,2.75,33000.04,26,2.07319
"elk-163",131,0.16,0.123239604024031,0.155,0.165,2.24,32666.82,25,1.98006
"elk-163",132,0.04,0.0536772763839597,0.035,0.045,-1.97,32751.69,25,1.9906
"elk-163",133,0.05,0.0483037265643139,0.045,0.055,-0.89,32722.63,25,1.96119
"elk-163",134,0.03,0.02343074902772,0.025,0.035,2.9,32677.9,25,1.9769
"elk-163",135,0.22,0.269269846065244,0.215,0.225,0.92,32698.03,25,1.95656
"elk-163",136,0.4,0.297946303887127,0.395,0.405,3.03,32957.41,25,2.08806
"elk-163",137,0.06,0.0552177507691141,0.055,0.065,-2.64,32653.3,25,1.97294
"elk-163",138,0.29,0.287784641702784,0.285,0.295,-0.29,32711.47,25,2.02392
"elk-163",139,0.2,0.245837344600042,0.195,0.205,2.93,32975.45,26,2.05943
"elk-163",140,0.39,0.2246352599215,0.385,0.395,-3.04,32745.11,26,1.99013
"elk-163",141,0.01,0.0134164078649987,0.005,0.015,-2.26,32955.43,26,2.02485
"elk-163",142,0.31,0.307091598712827,0.305,0.315,-0.69,32950.87,26,2.04588
"elk-163",143,0.23,0.287583466145048,0.225,0.235,2.87,32653.3,25,1.97294
"elk-163",144,0.5,0.251406046068904,0.495,0.505,2.67,32961.89,25,2.11202
"elk-163",145,0.11,0.0830963296421689,0.105,0.115,1.85,32725.09,14,1.95656
"elk-163",146,0.71,0.888490433263071,0.705,0.715,1.97,32711.47,26,2.02392
"elk-163",147,0.57,0.573882392132744,0.565,0.575,0.4,33566.74,25,2.21317
"elk-163",148,0.78,0.587112638256068,0.775,0.785,-3.06,34040.87,26,2.26067
"elk-163",149,2.73,2.73016670736422,2.725,2.735,2.89,33582,25,2.26523
"elk-163",150,0.07,0.0668449698930293,0.065,0.075,-2.73,36051.22,25,3.41248
"elk-163",151,0.07,0.0735934779718964,0.065,0.075,2.97,36010.46,17,3.40312
"elk-163",152,0.11,0.114718132829993,0.105,0.115,-2.87,36075.61,25,3.43702
"elk-163",153,0.01,0.00763216876123687,0.005,0.015,2.6,35999.63,14,3.41413
"elk-163",154,0.09,0.0895600357302296,0.085,0.095,0.74,36005.04,14,3.40854
"elk-163",155,0.48,0.483614774381429,0.475,0.485,-2.34,36045.75,25,3.41733
"elk-163",156,0.51,0.507772586892991,0.505,0.515,3.02,36229.52,17,3.78104
"elk-163",157,0,0.00223606797749979,0,0.005,2.28,36081.1,25,3.43238
"elk-163",158,0.1,0.0996393496566492,0.095,0.105,0.28,36081.1,25,3.43238
"elk-287",1,NA,0.991679005525477,NA,NA,NA,883.88,17,0.57987
"elk-287",2,0.21,0.205942346301095,0.205,0.215,0.68,1711.18,1,0
"elk-287",3,0.11,0.106320270880016,0.105,0.115,-2.39,1708.8,16,0.10308
"elk-287",4,0.06,0.0573171004151466,0.055,0.065,2.19,1634.78,11,0.09014
"elk-287",5,12.22,12.2294901058875,12.215,12.225,-1.24,1724.09,17,0.125
"elk-287",6,5.66,5.65692469456683,5.655,5.665,0.18,1900,16,0.20616
"elk-287",7,7.18,7.18161715771594,7.175,7.185,0.56,3125.9,1,0
"elk-287",8,5.77,5.77320223099798,5.765,5.775,-0.12,8112.68,18,0.99247
"elk-287",9,2.57,3.21618407433405,2.565,2.575,-0.88,7245.77,17,0.075
"elk-287",10,5.15,3.86710641177612,5.145,5.155,-0.17,8679.93,7,0.50062
"elk-287",11,0.07,0.0724706837279737,0.065,0.075,0.08,11616.07,6,0.68007
"elk-287",12,0.06,0.0565088488645805,0.055,0.065,1.23,11646.89,7,0.625
"elk-287",13,0.16,0.157622967869534,0.155,0.165,2.69,11612.76,7,0.64275
"elk-287",14,4.17,4.17926225547046,4.165,4.175,-1.96,11612.76,7,0.64275
"elk-287",15,1.64,1.63329421721869,1.635,1.645,0.6,6795.31,14,0.77217
"elk-287",16,0.25,0.247309522663403,0.245,0.255,-1.32,6895.02,19,0.7754
"elk-287",17,0.71,0.706549538249088,0.705,0.715,-2.73,7252.97,16,0.79726
"elk-287",18,0.09,0.0872353139502575,0.085,0.095,1.05,7025,19,1.02011
"elk-287",19,0.28,0.275943834864996,0.275,0.285,0.02,7343.11,19,0.70799
"elk-287",20,0.1,0.099724620831568,0.095,0.105,-0.73,7794.43,19,0.37832
"elk-287",21,0.19,0.193313217344288,0.185,0.195,-2.92,7710.59,19,0.40389
"elk-287",22,0.2,0.199007537545692,0.195,0.205,1.53,7474.79,19,0.61033
"elk-287",23,0.14,0.137681698130144,0.135,0.145,2.18,7426.52,19,0.66568
"elk-287",24,0.11,0.126207170953159,0.105,0.115,1.27,7572.19,19,0.53677
"elk-287",25,0.14,0.132619757200803,0.135,0.145,1.77,7412.19,19,0.65622
"elk-287",26,1.75,1.60655967831886,1.745,1.755,1.28,6940.55,13,0.59002
"elk-287",27,4.28,4.63684140876093,4.275,4.285,-0.07,7245.77,14,0.07906
"elk-287",28,0.09,0.0891403387922662,0.085,0.095,3.05,7251.59,14,0.09014
"elk-287",29,8.72,8.72322401695611,8.715,8.725,-2.74,7034.2,16,0.12748
"elk-287",30,12.71,13.7686993212867,12.705,12.715,0.16,4025.31,19,0.72887
"elk-287",31,6.9,5.75073673541052,6.895,6.905,0,6530.55,17,0.41003
"elk-287",32,0.14,0.144013888219158,0.135,0.145,-2.06,6512.49,13,0.475
"elk-287",33,0.6,0.654683320392386,0.595,0.605,0.66,6520.59,13,0.53033
"elk-287",34,4.29,4.28366995110501,4.285,4.295,1.02,4775.07,11,0.0559
"elk-287",35,0.8,0.796909656109148,0.795,0.805,0.02,4825.06,13,0.075
"elk-287",36,1.83,1.83178280644841,1.825,1.835,0.28,4657.59,13,0.5
"elk-287",37,1.29,1.29339398483215,1.285,1.295,0.2,3904.48,13,0.35795
"elk-287",38,0.09,0.0877909448633514,0.085,0.095,2.34,3411.84,17,0.09014
"elk-287",39,2.89,2.89332667529956,2.885,2.895,0.7,3376.76,17,0.15811
"elk-287",40,0.18,0.184451213061883,0.175,0.185,2.07,4716.59,13,0.60415
"elk-287",41,1,1.00487810206015,0.995,1.005,1.43,3901.28,17,0.025
"elk-287",42,0.07,0.0658559033041078,0.065,0.075,-0.05,3900.72,1,0
"elk-287",43,0.03,0.0333016516106934,0.025,0.035,0.01,3825.74,17,0.075
"elk-287",44,0.02,0.0248243831746128,0.015,0.025,2.62,3825.08,17,0.075
"elk-287",45,0.02,0.0229401394939089,0.015,0.025,0.96,3875.32,17,0.03536
"elk-287",46,0.13,0.126763559432512,0.125,0.135,-2.33,3850.08,17,0.05
"elk-287",47,0.03,0.0286530975637888,0.025,0.035,2.11,3726.34,13,0.17678
"elk-287",48,0.11,0.107290493521094,0.105,0.115,-0.94,3728.02,17,0.16008
"elk-287",49,0.01,0.010816653826392,0.005,0.015,0.47,3785,13,0.125
"elk-287",50,17.85,20.8368375959501,17.845,17.855,-0.17,3809.94,13,0.10607
"elk-287",51,0.27,0.228405341443671,0.265,0.275,-0.8,2638.66,17,0.54829
"elk-287",52,4.46,4.45676586775657,4.455,4.465,0.82,2592.42,19,0.48088
"elk-287",53,7.1,7.09831326795317,7.095,7.105,-0.16,7077.87,16,0.15
"elk-287",54,5.94,5.93628766570489,5.935,5.945,-0.56,8585.6,18,0.77661
"elk-287",55,0.01,0.00806225774829855,0.005,0.015,-1.81,9726.77,25,0.19039
"elk-287",56,0.05,0.0495100999797011,0.045,0.055,-1.63,9606.02,26,0.30208
"elk-287",57,0.12,0.119004201606498,0.115,0.125,0.57,9543.85,25,0.39528
"elk-287",58,0.11,0.107434863987441,0.105,0.115,2.44,9550.03,26,0.38161
"elk-287",59,0.01,0.00640312423743285,0.005,0.015,1.61,9628.9,26,0.30516
"elk-287",60,0.23,0.228035633180431,0.225,0.235,2.07,9513.84,25,0.47762
"elk-287",61,0.08,0.0805062109405231,0.075,0.085,2.04,9538.15,25,0.45962
"elk-287",62,0.04,0.0429534631898291,0.035,0.045,1.06,9538.15,25,0.45962
"elk-287",63,0.21,0.213228164181001,0.205,0.215,-0.56,9653.01,25,0.33634
"elk-287",64,0.1,0.10142608145837,0.095,0.105,1.39,9786.63,25,0.16008
"elk-287",65,0.07,0.0740827240319901,0.065,0.075,-1.48,9788,25,0.125
"elk-287",66,0.23,0.229377963196119,0.225,0.235,-2.47,9768.12,7,0.21506
"elk-287",67,1.88,1.88160277423265,1.875,1.885,3.08,9768.12,7,0.21506
"elk-287",68,0.12,0.12013013776734,0.115,0.125,-0.48,10649,6,0.25739
"elk-287",69,0.04,0.0399656102167851,0.035,0.045,1.53,10714.77,19,0.28504
"elk-287",70,1.16,1.15926366716119,1.155,1.165,-2.55,11736.83,19,0.65431
"elk-287",71,5.03,5.0275737935907,5.025,5.035,-0.34,6908.19,16,0.51296
"elk-287",72,0.11,0.108784190027779,0.105,0.115,-2.97,6943.03,16,0.51539
"elk-287",73,16.54,16.5350170320444,16.535,16.545,-2.29,5965,18,0.29262
"elk-287",74,6.92,6.91886262329294,6.915,6.925,0.59,0,20,0.63738
"elk-287",75,2.45,2.45414852851249,2.445,2.455,-0.03,5922.89,6,0.32596
"elk-287",76,0.41,0.408015931061521,0.405,0.415,-0.3,8353.74,19,0.34821
"elk-287",77,5.69,6.63948582346555,5.685,5.695,-0.1,8722.99,23,0.49624
"elk-287",78,0.14,0.113701363228415,0.135,0.145,-1.38,15255.04,17,0.35795
"elk-287",79,12.65,12.6450800709209,12.645,12.655,1.62,15255.27,17,0.48088
"elk-287",80,0.12,0.122201677566227,0.115,0.125,-0.08,27347.04,16,0.67546
"elk-287",81,0.04,0.0432781700167648,0.035,0.045,3,27349.01,14,0.82538
"elk-287",82,0.05,0.0539560005930758,0.045,0.055,0.74,27315.57,17,0.68007
"elk-287",83,0.05,0.0480234317807464,0.045,0.055,3.02,27307.92,17,0.70045
"elk-287",84,0.19,0.216780995477002,0.185,0.195,0.8,27315.57,17,0.68007
"elk-287",85,0.24,0.196758735511286,0.235,0.245,2.25,27323.25,16,0.66002
"elk-287",86,0.15,0.146213029515156,0.145,0.155,-1.63,27307.92,17,0.70045
"elk-287",87,0.12,0.12001666550942,0.115,0.125,-3.14,27317.63,14,0.83217
"elk-287",88,4.93,4.92984150353741,4.925,4.935,1.56,27349.01,14,0.82538
"elk-287",89,8.71,8.71392347051545,8.705,8.715,-0.3,32231.87,14,1.28695
"elk-287",90,0.08,0.105243764660905,0.075,0.085,-2.83,40504.82,17,1.85506
"elk-287",91,0.12,0.0827783184173247,0.115,0.125,-1.85,40472.34,17,1.89011
"elk-287",92,0.27,0.272793420008621,0.265,0.275,3.12,40323.88,25,1.94486
"elk-287",93,0.18,0.177234308191163,0.175,0.185,-0.01,40328.81,7,1.90919
"elk-287",94,0.67,0.672518587103732,0.665,0.675,0.08,40232.32,17,1.76777
"elk-287",95,0.08,0.0765375724726098,0.075,0.085,-2.2,40242.15,7,1.75018
"elk-287",96,0,0.00447213595499958,0,0.005,-1.41,40189.71,17,1.82089
"elk-287",97,0.29,0.240506236925365,0.285,0.295,-2.35,40285.3,17,1.64012
"elk-287",98,0.6,0.601939573379255,0.595,0.605,3.13,40242.46,17,1.6906
"elk-287",99,0.74,0.738719331004679,0.735,0.745,2.8,40099.07,19,1.7967
"elk-287",100,0.25,0.254395361592935,0.245,0.255,-1.96,39835.73,26,2.07319
"elk-287",101,0.2,0.199972498109115,0.195,0.205,-2.67,39795.93,26,2.13029
"elk-287",102,0.09,0.085146931829632,0.085,0.095,-1.69,39951.68,25,1.90804
"elk-287",103,0.06,0.0590338885725818,0.055,0.065,0.89,39980.29,19,1.9276
"elk-287",104,0.05,0.0541294744108974,0.045,0.055,-3.12,39868.64,26,2.03854
"elk-287",105,0.18,0.178427156004909,0.175,0.185,-3.12,39714.12,19,2.19801
"elk-287",106,0.23,0.230217288664427,0.225,0.235,1.95,40096.29,25,1.77992
"elk-287",107,0.18,0.183262789458199,0.175,0.185,-2.43,40096.29,25,1.77992
"elk-287",108,0.89,0.892890390809533,0.885,0.895,3.09,40253.73,25,1.63783
"elk-287",109,0.82,0.824287116240452,0.815,0.825,2.87,39815.39,25,2.14782
"elk-287",110,0.22,0.221824818268831,0.215,0.225,2.1,39934.45,25,1.9693
"elk-287",111,0.26,0.259538051160133,0.255,0.265,2.77,39957.37,19,1.9484
"elk-287",112,1.02,1.02294330243665,1.015,1.025,-2.14,39782.57,25,2.18303
"elk-287",113,1.03,1.02930814142316,1.025,1.035,2.96,39769.94,26,2.14257
"elk-287",114,0.28,0.278409769943513,0.275,0.285,1.6,39795.93,26,2.13029
"elk-287",115,1.03,1.03410492697792,1.025,1.035,1.89,39815.39,25,2.14782
"elk-287",116,0.86,0.863201743510751,0.855,0.865,-2.89,39993.23,19,1.9211
"elk-287",117,0.29,0.293482963730435,0.285,0.295,-1.08,40065.57,25,1.70606
"elk-287",118,0.32,0.322442242890103,0.315,0.325,-2.59,40033.21,25,1.86564
"elk-287",119,0.26,0.256922653730651,0.255,0.265,2.78,39815.39,25,2.14782
"elk-287",120,0.7,0.70243166927467,0.695,0.705,-2.3,39914.48,27,1.99703
"elk-287",121,0.31,0.309467284215957,0.305,0.315,2.07,39711.15,19,2.17054
"elk-287",122,0.37,0.367662889070953,0.365,0.375,2.18,39927.44,27,1.99076
"elk-287",123,0.38,0.377517218150378,0.375,0.385,-1.34,39779.91,26,2.12867
"elk-287",124,0.09,0.0868331733843696,0.085,0.095,0.72,39734.07,26,2.15711
"elk-287",125,0.09,0.0949276039937804,0.085,0.095,1.61,39582.59,26,2.33693
"elk-287",126,0.4,0.402235316699069,0.395,0.405,1.59,39772.98,26,2.15058
"elk-287",127,0.14,0.139463256809814,0.135,0.145,-0.18,39510.39,26,2.48118
"elk-287",128,0.34,0.343840079106552,0.335,0.345,1.07,39500.64,26,2.49762
"elk-287",129,0.24,0.244471368466739,0.235,0.245,-2.77,39500.64,26,2.49762
"elk-287",130,0.75,0.747514715574215,0.745,0.755,-1.38,39550.29,26,2.47588
"elk-287",131,0.71,0.706475760376816,0.705,0.715,3.02,39710.4,19,2.23005
"elk-287",132,0.07,0.065431261641512,0.065,0.075,2.41,39757.74,26,2.31625
"elk-287",133,0.66,0.662456791043763,0.655,0.665,1.13,39815.39,25,2.14782
"elk-287",134,0.6,0.601015806780487,0.595,0.605,2.82,39573.32,26,2.45777
"elk-287",135,0.45,0.44534396818639,0.445,0.455,1.24,39807.7,17,2.28158
"elk-287",136,0.58,0.678577924780935,0.575,0.585,2.1,39546.69,26,2.46031
"elk-287",137,0.66,0.546528361569644,0.655,0.665,2.49,39914.48,27,1.99703
"elk-287",138,0.13,0.153102090122898,0.125,0.135,1.34,40192.93,17,1.77095
"elk-287",139,0.44,0.439666066464084,0.435,0.445,1.99,39775.01,25,2.31638
"elk-287",140,0.56,0.467471924290647,0.555,0.565,2.51,39960.33,19,1.95592
"elk-287",141,0.37,0.373483600710928,0.365,0.375,2.98,39933.73,25,2.06897
"elk-287",142,0.46,0.459393077875581,0.455,0.465,-1.5,39940.43,25,1.9851
"elk-287",143,0.35,0.349840320717896,0.345,0.355,-2.44,39586.68,26,2.45726
"elk-287",144,0.07,0.0726722092687432,0.065,0.075,1.52,39905.78,17,2.1773
"elk-287",145,0.16,0.164274922005764,0.155,0.165,-1.7,39909.63,17,2.18546
"elk-287",146,0.32,0.318849494275904,0.315,0.325,-3,39613.48,27,2.45726
"elk-287",147,0.2,0.200561711201316,0.195,0.205,1.12,39580.78,27,2.49261
"elk-287",148,0.5,0.586537509456983,0.495,0.505,1.84,39661.85,26,2.36907
"elk-287",149,0.52,0.431115993672237,0.515,0.525,2.65,39909.63,17,2.18546
"elk-287",150,0.07,0.073824115301167,0.065,0.075,-1.48,39919.23,17,2.17097
"elk-287",151,0.18,0.17652549390952,0.175,0.185,-1.25,40064.93,19,1.9276
"elk-287",152,0.29,0.294061218116228,0.285,0.295,0.8,39896.15,17,2.19146
"elk-287",153,0.05,0.0478539444560216,0.045,0.055,2.05,40046.29,16,2.02485
"elk-287",154,0.62,0.617986448071477,0.615,0.625,1.93,40259.73,17,1.81676
"elk-287",155,0.09,0.0877795534278912,0.085,0.095,2.73,40065.57,25,1.70606
"elk-287",156,0.19,0.18515398996511,0.185,0.195,-0.62,40206.03,7,1.76918
"elk-287",157,0.11,0.112076982471871,0.105,0.115,2.96,40337.53,17,1.69853
"elk-287",158,0.51,0.510671371823407,0.505,0.515,-0.79,40144.25,26,1.64336
"elk-287",159,0.15,0.147200543477258,0.145,0.155,0.54,39905.78,17,2.1773
"elk-287",160,0.61,0.605561722700502,0.605,0.615,2.75,39775.01,25,2.31638
"elk-287",161,0.19,0.189423467395146,0.185,0.195,-1.08,40085.11,17,1.96294
"elk-287",162,0.64,0.642627419271852,0.635,0.645,-3.02,40238.86,7,1.73385
"elk-287",163,0.07,0.0652763356814704,0.065,0.075,-2.82,40046.29,16,2.02485
"elk-363",1,0.52,0.518941229813165,0.515,0.525,NA,0,20,0.05
"elk-363",2,0.3,0.296057426861749,0.295,0.305,2.57,390.51,13,0.42426
"elk-363",3,0.27,0.266280397325826,0.265,0.275,2.87,127.48,13,0.3
"elk-363",4,1.69,1.68611424583271,1.685,1.695,-0.09,353.55,13,0.4717
"elk-363",5,0.2,0.203944232573515,0.195,0.205,-2.13,1610.12,17,0.27613
"elk-363",6,1.4,1.63249540581283,1.395,1.405,-1.18,1604.88,16,0.182
"elk-363",7,0.53,0.443497463352385,0.525,0.535,-2.58,375,13,0.40697
"elk-363",8,0.3,0.297466384655477,0.295,0.305,-2.07,813.17,17,0.53677
"elk-363",9,0.29,0.294409578648522,0.285,0.295,-2.92,673.15,13,0.67268
"elk-363",10,0.89,0.89442998608052,0.885,0.895,2.36,743.3,19,0.52202
"elk-363",11,0.36,0.354857717965948,0.355,0.365,-1.77,125,17,0.125
"elk-363",12,2.06,2.0599964198998,2.055,2.065,-2.22,25,17,0.16008
"elk-363",13,0.7,0.703800575447335,0.695,0.705,-2.65,1648.1,17,0.24749
"elk-363",14,0.72,0.719000695409956,0.715,0.725,-0.74,1270.09,13,0.275
"elk-363",15,0.59,0.610312419994874,0.585,0.595,-1.01,577.17,16,0.63246
"elk-363",16,0.78,0.74670810896896,0.775,0.785,-2.63,581.49,16,0.30208
"elk-363",17,0.09,0.0928493403315285,0.085,0.095,-1.8,917.2,16,0.43661
"elk-363",18,1.22,1.22034298457442,1.215,1.225,0.85,848.9,13,0.51478
"elk-363",19,0.36,0.362847419723498,0.355,0.365,-1.55,1346.29,16,0.05
"elk-363",20,1.45,1.44638903826045,1.445,1.455,-1.43,1113.83,17,0.21213
"elk-363",21,0.37,0.365282424981,0.365,0.375,-0.73,336.34,13,0.45894
"elk-363",22,0.57,0.569976534604715,0.565,0.575,-1.06,665.68,16,0.40389
"elk-363",23,0.71,0.764346125783339,0.705,0.715,3.1,1140.18,16,0.19526
"elk-363",24,0.73,0.664988721708872,0.725,0.735,2.84,583.1,18,0.24622
"elk-363",25,0.53,0.526294594310069,0.525,0.535,2.4,930.39,16,0.43732
"elk-363",26,0.62,0.62060957936532,0.615,0.625,-3.09,999.06,18,0.525
"elk-363",27,0.34,0.335483233560188,0.335,0.345,1.67,972.75,16,0.40078
"elk-363",28,1.12,1.11789310759124,1.115,1.125,3.11,1277.69,17,0.182
"elk-363",29,1.11,1.10558626981344,1.105,1.115,-3.11,275,13,0.32596
"elk-363",30,0.54,0.537073784502651,0.535,0.545,-1.48,1269.35,17,0.16771
"elk-363",31,0.63,0.626443333430886,0.625,0.635,-3.08,1510.38,1,0
"elk-363",32,0.17,0.186303515801501,0.165,0.175,-2.73,1200.26,16,0.15811
"elk-363",33,6.73,6.1688747758404,6.725,6.735,-0.44,1333.46,17,0.15
"elk-363",34,0.14,0.137767920794356,0.135,0.145,-0.59,776.61,17,0.05
"elk-363",35,6.84,6.83956438671353,6.835,6.845,-2.46,650,16,0.14142
"elk-363",36,0.14,0.150901457912109,0.135,0.145,-2.41,548.29,16,0.46971
"elk-363",37,0.7,0.703635736727463,0.695,0.705,0.1,671.75,13,0.59266
"elk-363",38,3.44,3.43783914690609,3.435,3.445,-0.63,1320.98,17,0.16008
"elk-363",39,0.88,0.803661153720895,0.875,0.885,-1.91,445.11,17,0.03536
"elk-363",40,0.09,0.0961002081163199,0.085,0.095,2.74,550.57,17,0.28284
"elk-363",41,4.09,4.09473076037973,4.085,4.095,2.3,534.44,16,0.30208
"elk-363",42,0.41,0.410781267829973,0.405,0.415,-0.73,369.12,16,0.35532
"elk-363",43,2.02,1.85603562735202,2.015,2.025,-2.13,642.75,1,0
"elk-363",44,2.81,2.8139911158353,2.805,2.815,-0.31,1589.22,16,0.2136
"elk-363",45,0.18,0.177341478509682,0.175,0.185,1.51,430.12,17,0.025
"elk-363",46,0.09,0.100812945597279,0.085,0.095,1.37,413.82,17,0.0559
"elk-363",47,0.03,0.0254950975679639,0.025,0.035,-0.37,325,1,0
"elk-363",48,0.1,0.0976793222744712,0.095,0.105,0.6,316.23,1,0
"elk-363",49,0.35,0.339424881232947,0.345,0.355,2.22,206.16,1,0
"elk-363",50,0.15,0.146387328686605,0.145,0.155,0.9,442.3,17,0.03536
"elk-363",51,0.55,0.550992059833896,0.545,0.555,-1.45,585.77,16,0.17678
"elk-363",52,0.3,0.30216551755619,0.295,0.305,-1.1,730.15,19,0.29155
"elk-363",53,0.1,0.104235310715707,0.095,0.105,-1.11,618.47,16,0.2136
"elk-363",54,0.23,0.20944510020528,0.225,0.235,1.25,509.9,16,0.31325
"elk-363",55,0.21,0.208029445031226,0.205,0.215,-2.87,555.09,17,0.18028
"elk-363",56,0.17,0.174152232256724,0.165,0.175,-2.52,456.21,16,0.26926
"elk-363",57,0.62,0.615500812347149,0.615,0.625,2.08,625,17,0.28504
"elk-363",58,0.69,0.688021983660406,0.685,0.695,1.58,848.53,17,0.33354
"elk-363",59,0.96,0.958805115756064,0.955,0.965,1.35,425,17,0.03536
"elk-363",60,0.14,0.142688471853896,0.135,0.145,-3.03,0,20,0.3
"elk-363",61,0.56,0.559400572041181,0.555,0.565,-0.83,0,20,0.27951
"elk-363",62,2.85,2.85004719259173,2.845,2.855,0.08,215.06,16,0.125
"elk-363",63,0.59,0.588007653011421,0.585,0.595,-0.95,711.07,16,0.125
"elk-363",64,0.17,0.174977141364237,0.165,0.175,2.15,529.74,16,0.0559
"elk-363",65,4.09,4.08858410699841,4.085,4.095,-1.07,575.54,16,0.15811
"elk-363",66,4.12,4.46176694259124,4.115,4.125,-0.54,3522.25,17,0.20156
"elk-363",67,6.71,6.15596477004214,6.705,6.715,0.05,7420.12,13,0.16008
"elk-363",68,5.88,5.88108569908652,5.875,5.885,0.43,4553.36,16,0.5534
"elk-363",69,0.16,0.156841480482684,0.155,0.165,-0.57,2124.26,17,0.05
"elk-363",70,0.16,0.158455040942218,0.155,0.165,3,2012.46,17,0.125
"elk-363",71,0.11,0.112698713391059,0.105,0.115,2.61,2157.83,17,0.025
"elk-363",72,0.31,0.314758637689262,0.305,0.315,0.88,2046.03,17,0.09014
"elk-363",73,0.68,0.676601064143414,0.675,0.685,0.51,1852.36,14,0.15207
"elk-363",74,0.09,0.0864002314811714,0.085,0.095,-2.78,1786.76,16,0.27042
"elk-363",75,0.25,0.254163825120728,0.245,0.255,0.11,1779.22,16,0.27951
"elk-363",76,0.14,0.142618371888057,0.135,0.145,3.06,1690.04,17,0.2
"elk-363",77,0.77,0.773745597725764,0.765,0.775,2.46,1744.46,16,0.25125
"elk-363",78,0.25,0.250707498890639,0.245,0.255,2.77,2012.46,17,0.1118
"elk-363",79,0.35,0.353114712239521,0.345,0.355,0.64,1848.14,14,0.20616
"elk-363",80,0.29,0.289171229550936,0.285,0.295,-1.32,1811.77,17,0.07906
"elk-363",81,0.54,0.541114590451967,0.535,0.545,-3.13,1522.54,16,0.35089
"elk-363",82,0.25,0.254246435569901,0.245,0.255,-2.58,2046.03,1,0
"elk-363",83,0.27,0.270440381600086,0.265,0.275,-2.7,1852.36,16,0.12748
"elk-363",84,0.74,0.736842757988433,0.735,0.745,2.16,1969.77,17,0.025
"elk-363",85,0.29,0.29329336848964,0.285,0.295,-0.97,1253,16,0.51296
"elk-363",86,0.28,0.281767634763115,0.275,0.285,-3.05,1040.73,16,0.67315
"elk-363",87,0.79,0.788216499446694,0.785,0.795,-2.81,1263.43,16,0.54829
"elk-363",88,0.82,0.822976305855764,0.815,0.825,3.07,531.51,17,0.25
"elk-363",89,0.03,0.0343110769285955,0.025,0.035,-1.39,1277.69,17,0.47762
"elk-363",90,0.59,0.586135010044614,0.585,0.595,1.94,1269.35,17,0.4423
"elk-363",91,0.17,0.165614009069281,0.165,0.175,2.85,1823.63,16,0.09014
"elk-363",92,0.51,0.505541294060139,0.505,0.515,0.45,1666.21,16,0.2
"elk-363",93,0.13,0.125319591445233,0.125,0.135,-0.44,1185.33,17,0.37165
"elk-363",94,0.81,0.813059807148281,0.805,0.815,-0.93,1081.67,17,0.39131
"elk-363",95,1.24,1.23831377283789,1.235,1.245,-2.55,696.42,16,0.27951
"elk-363",96,0.13,0.134480481855175,0.125,0.135,-0.79,1777.99,17,0.1
"elk-363",97,0.26,0.258240198265104,0.255,0.265,-2.57,1817.97,16,0.15
"elk-363",98,0.19,0.193126901285139,0.185,0.195,2.33,1610.12,16,0.23717
"elk-363",99,0.25,0.246091954358528,0.245,0.255,0.96,1629.8,16,0.30414
"elk-363",100,0.06,0.064375849508958,0.055,0.065,2.36,1834.39,16,0.25
"elk-363",101,0.16,0.160078105935821,0.155,0.165,2.82,1833.71,16,0.19039
"elk-363",102,0.32,0.324779925488014,0.315,0.325,-3.05,1786.76,16,0.27042
"elk-363",103,0.62,0.619390829767442,0.615,0.625,1.69,1801.74,16,0.1118
"elk-363",104,2.33,2.33070740334346,2.325,2.335,1.17,1192.69,17,0.40697
"elk-363",105,0.29,0.286248144098787,0.285,0.295,-0.86,480.23,16,0.78142
"elk-363",106,0.29,0.293215364536035,0.285,0.295,2.85,213.6,16,0.50559
"elk-363",107,0.14,0.140844772710953,0.135,0.145,1.31,475,16,0.79451
"elk-363",108,2.63,2.63414597165761,2.625,2.635,-0.3,514.78,16,0.83104
"elk-363",109,0.37,0.365729749952065,0.365,0.375,-0.23,1700.74,17,0.14577
"elk-363",110,0.37,0.429660330959236,0.365,0.375,-2.53,1913.44,14,0.23585
"elk-363",111,2.9,2.89666187187942,2.895,2.905,-0.56,1891.59,16,0.05
"elk-363",112,0.32,0.322716981269967,0.315,0.325,1.35,158.11,13,0.45962
"elk-363",113,0.11,0.113463650567043,0.105,0.115,-2.91,250,16,0.6265
"elk-363",114,0.34,0.339916533872655,0.335,0.345,-1.06,200,16,0.53852
"elk-363",115,0.23,0.229371423677842,0.225,0.235,2.74,325,17,0.66191
"elk-363",116,0.26,0.256840904063196,0.255,0.265,0.51,206.16,13,0.50249
"elk-363",117,1.22,1.52365883648539,1.215,1.225,1.5,75,17,0.45894
"elk-363",118,14.12,10.6035634222652,14.115,14.125,-0.89,1230.09,16,0.03536
"elk-363",119,5.24,5.23815587778753,5.235,5.245,-0.59,2801.79,17,0.19526
"elk-363",120,2.14,2.67678164966812,2.135,2.145,0.49,1334.17,18,0.30516
"elk-363",121,6.42,4.80513457147664,6.415,6.425,-0.05,79.06,13,0.4
"elk-363",122,9.73,9.73339623410041,9.725,9.735,0.52,2790.72,23,0.16771
"elk-363",123,0.65,0.647701513044396,0.645,0.655,1.79,3679.16,19,0.86205
"elk-363",124,0.66,0.661910114743686,0.655,0.665,2.95,3319.36,16,0.77217
"elk-363",125,1.33,1.33099135985175,1.325,1.335,-2.1,3576.4,17,0.93408
"elk-363",126,0.47,0.470068080175627,0.465,0.475,2.87,2252.22,16,0.025
"elk-363",127,0.26,0.255507827668743,0.255,0.265,0.36,2700,16,0.3182
"elk-363",128,1.11,1.384329530856,1.105,1.115,0.79,2950,19,0.48023
"elk-363",129,0.17,0.12879829191414,0.165,0.175,-2.92,3983.87,16,0.90139
"elk-363",130,0.32,0.318948663580834,0.315,0.325,-2.9,3888.52,16,0.90312
"elk-363",131,2.46,3.06907872984712,2.455,2.465,-3.01,4035,17,0.79412
"elk-363",132,0.93,0.694598625106615,0.925,0.935,2.9,3936.05,18,0.46098
"elk-363",133,0.98,1.22304875209454,0.975,0.985,0.54,3918.31,19,0.60104
"elk-363",134,1.61,1.21011290795529,1.605,1.615,1.3,3550.35,17,0.94637
"elk-363",135,1.51,1.88456792130186,1.505,1.515,-2.44,2329.83,1,0
"elk-363",136,0.14,0.106943910532578,0.135,0.145,3.09,4059.02,17,0.81624
"elk-363",137,0.13,0.165314851117496,0.125,0.135,1.48,3949.13,17,0.75581
"elk-363",138,0.49,0.369905731234324,0.485,0.495,2.64,3983.87,16,0.90139
"elk-363",139,0.03,0.0276812210713328,0.025,0.035,-2.69,4079.37,14,0.73527
"elk-363",140,0.31,0.262421893141559,0.305,0.315,0.81,4095.42,14,0.76689
"elk-363",141,0.77,0.896962234433535,0.765,0.775,1.51,4313.13,25,1.02774
"elk-363",142,0.02,0.0224722050542442,0.015,0.025,-0.53,4924.43,19,1.29663
"elk-363",143,0.04,0.0425440947723653,0.035,0.045,2.99,4947.28,19,1.28282
"elk-363",144,6.84,6.8341631711571,6.835,6.845,-2.95,4901.59,19,1.31077
"elk-363",145,0.12,0.117882356610309,0.115,0.125,0.47,11629.3,16,0.275
"elk-363",146,0.75,0.750746295362155,0.745,0.755,-2.04,11725.64,14,0.37832
"elk-363",147,0.65,0.651610504826311,0.645,0.655,2.9,11833.03,25,0.15811
"elk-363",148,0.05,0.0617110200855568,0.045,0.055,-2.53,11893.72,13,0.41908
"elk-363",149,0.34,0.255391855782443,0.335,0.345,-2.8,11922.51,13,0.40311
"elk-363",150,0.02,0.0200249843945008,0.015,0.025,-2.85,11739.3,14,0.40311
"elk-363",151,0.39,0.391555870853701,0.385,0.395,-0.45,11760.24,14,0.40697
"elk-363",152,5.46,6.8280766874721,5.455,5.465,-2.16,12010.02,13,0.38079
"elk-363",153,1.66,1.2440210006266,1.655,1.665,-2.72,5236.71,26,1.3
"elk-363",154,4.9,4.908038304659,4.895,4.905,-1.99,6281.17,6,1.18559
"elk-363",155,0.1,0.104120122935002,0.095,0.105,0.95,8312.19,16,0.10308
"elk-363",156,0.18,0.175980822818851,0.175,0.185,1.3,8437.01,23,0.22638
"elk-363",157,0.18,0.177177876722801,0.175,0.185,2.39,8454.47,6,0.32016
"elk-363",158,0.06,0.0590084739677277,0.055,0.065,2.66,8308.47,16,0.14142
"elk-363",159,0.17,0.169434353069264,0.165,0.175,-1.46,8382.31,6,0.21506
"elk-363",160,0.11,0.112094825928764,0.105,0.115,2.45,8416.39,19,0.19039
"elk-363",161,0.18,0.176821944339496,0.175,0.185,1.87,8460.68,23,0.25495
"elk-363",162,2.52,2.52109048826098,2.515,2.525,3.1,8284.66,6,0.10607
"elk-363",163,0.24,0.239004707066618,0.235,0.245,0.52,10766.99,19,0.79765
"elk-363",164,0.22,0.224982221519835,0.215,0.225,1.45,11011.84,19,0.875
"elk-363",165,0.18,0.184448502298067,0.175,0.185,2.36,10945.83,19,0.80777
"elk-363",166,0.05,0.0455411901469428,0.045,0.055,0.53,10856.39,13,0.95033
"elk-363",167,0.04,0.039195025194532,0.035,0.045,-2.47,10860.31,13,0.92229
"elk-363",168,0.27,0.270751269618445,0.265,0.275,-1.26,10831.46,13,0.93005
"elk-363",169,0.18,0.181207063879971,0.175,0.185,-0.18,10992.78,16,0.7433
"elk-363",170,7.3,6.07979292410523,7.295,7.305,-0.88,11111.26,26,0.58523
"elk-363",171,12.97,15.1334907159584,12.965,12.975,-0.18,17161.37,16,1.11943
"elk-363",172,0,0.00282842712474619,0,0.005,-0.37,32011.69,27,1.30815
"elk-363",173,0.1,0.103077640640442,0.095,0.105,-0.1,32036.17,27,1.33065
"elk-363",174,0.09,0.0911811384004389,0.085,0.095,2.83,32100.36,27,1.34629
"elk-363",175,0.03,0.0269118932815958,0.025,0.035,-2.9,32060.66,27,1.35324
"elk-363",176,6.55,6.60687830976173,6.545,6.555,1.29,32090.2,27,1.36565
"elk-363",177,0.14,0.137767920794356,0.135,0.145,1,37674.81,17,3.32585
"elk-363",178,0.1,0.099040395798886,0.095,0.105,-3.11,37684.55,25,3.47536
"elk-363",179,0.1,0.10304489312916,0.095,0.105,1.2,37669.7,17,3.37583
"elk-363",180,0.18,0.18280659178487,0.175,0.185,1.58,37774.28,17,3.32509
"elk-363",181,0.1,0.098488578017961,0.095,0.105,-2.8,37833.82,25,3.47644
"elk-363",182,0.05,0.0502195181179589,0.045,0.055,-2.3,37843.8,25,3.37648
"elk-363",183,3.87,3.86511060643806,3.865,3.875,-1.98,37789.03,25,3.42536
"elk-363",184,0.29,0.293736276275165,0.285,0.295,2.8,41414.75,25,1.32853
"elk-363",185,2.46,2.46151376189531,2.455,2.465,1.65,41113.75,25,1.60721
"elk-363",186,1.97,2.46395216065572,1.965,1.975,-3.14,41399.71,27,1.57421
"elk-363",187,0.02,0.0172046505340853,0.015,0.025,1.01,41113.75,25,1.60721
"elk-363",188,0.12,0.124816865847529,0.115,0.125,1.59,41088.8,25,1.63133
"elk-363",189,0.32,0.319277308933786,0.315,0.325,1.97,41045.61,26,1.7077
"elk-363",190,1.03,1.03379881988712,1.025,1.035,-1.51,41373.28,14,1.42149
"elk-363",191,0.15,0.15138031576133,0.145,0.155,0.41,41381.83,14,1.23693
"elk-363",192,2.83,2.83163362743135,2.825,2.835,-0.61,41445.91,14,1.15974
"elk-363",193,0.12,0.122429571591181,0.115,0.125,2.74,41058.65,25,1.6568
"elk-363",194,0.11,0.114970648428197,0.105,0.115,3.13,41116.34,26,1.75161
"elk-363",195,0.16,0.162246725698857,0.155,0.165,2.85,41058.65,25,1.6568
"elk-363",196,0.13,0.130503831361382,0.125,0.135,-3.1,41190.35,26,1.75
"elk-363",197,0.03,0.0257730479377197,0.025,0.035,-0.26,41103.87,25,1.67798
"elk-363",198,0.09,0.0905883546599672,0.085,0.095,2.78,41083.31,25,1.65473
"elk-363",199,0.06,0.0564358042380899,0.055,0.065,-0.08,41153.2,26,1.67575
"elk-363",200,0.24,0.241560033946015,0.235,0.245,2.78,41206.61,26,1.65
"elk-363",201,0.28,0.237146052043883,0.275,0.285,2.66,40992.99,25,1.76139
"elk-363",202,0.12,0.142007922314215,0.115,0.125,-3.01,41145,19,1.57678
"elk-363",203,0.01,0.00756637297521078,0.005,0.015,0.98,41029.88,25,1.68412
"elk-363",204,0.2,0.198217052747739,0.195,0.205,-1.05,41029.88,25,1.68412
"elk-363",205,0.33,0.325677754843649,0.325,0.335,2.55,40882.19,26,1.84949
"elk-363",206,0.27,0.274055195170608,0.265,0.275,1.2,40985,26,1.52069
"elk-363",207,0,0.0047169905660283,0,0.005,1.32,41244.07,19,1.425
"elk-363",208,0.01,0.0047169905660283,0.005,0.015,3.14,41244.07,19,1.425
"elk-363",209,0.01,0.00894427190999916,0.005,0.015,-2.12,41244.07,19,1.425
"elk-363",210,0.01,0.00860232526704263,0.005,0.015,1.73,41239.85,19,1.45
"elk-363",211,0.02,0.0114127122105133,0.015,0.025,-2.69,41244.07,19,1.425
"elk-363",212,0,0.00304138126514911,0,0.005,0.34,41239.85,19,1.45
"elk-363",213,0,0,0,0.005,NA,41239.85,19,1.45
"elk-363",214,0.01,0.014142135623731,0.005,0.015,NA,41239.85,19,1.45
"elk-363",215,0.01,0.00565685424949238,0.005,0.015,2.5,41239.85,19,1.45
"elk-363",216,0.02,0.0230488611432322,0.015,0.025,0.72,41239.85,19,1.45
"elk-363",217,0.02,0.0148660687473185,0.015,0.025,1.29,41244.07,19,1.425
