"file","validation","ID","family","joint","n","improvement","convergence","max_projected_gradient","bounds"
"elk-115_gamma_joint_H2.rds",FALSE,"elk-115","gamma",TRUE,193,0,0,4.09272615797408e-07,1
"elk-115_gamma_joint_H3.rds",FALSE,"elk-115","gamma",TRUE,193,0,0,0.000687134615872532,2
"elk-115_gamma_joint_H4.rds",FALSE,"elk-115","gamma",TRUE,193,0,0,0.000711781922294505,3
"elk-115_gamma_joint_M21.rds",FALSE,"elk-115","gamma",TRUE,193,0,0,0.000189356796907883,1
"elk-115_gamma_joint_M22.rds",FALSE,"elk-115","gamma",TRUE,193,0,0,1.55409907165455e-05,2
"elk-115_gamma_rate_H2.rds",FALSE,"elk-115","gamma",FALSE,193,0,0,3.70619090972098e-06,1
"elk-115_gamma_rate_H3.rds",FALSE,"elk-115","gamma",FALSE,193,0,0,2.06114236789084e-05,2
"elk-115_gamma_rate_H4.rds",FALSE,"elk-115","gamma",FALSE,193,0,0,7.04176272874348e-05,2
"elk-115_gamma_rate_M21.rds",FALSE,"elk-115","gamma",FALSE,193,0,0,9.34505806070749e-06,1
"elk-115_gamma_rate_M22.rds",FALSE,"elk-115","gamma",FALSE,193,0,0,3.01724867311192e-05,2
"elk-115_lognormal_joint_H2.rds",FALSE,"elk-115","lognormal",TRUE,193,0,0,2.82739165413376e-05,1
"elk-115_lognormal_joint_H3.rds",FALSE,"elk-115","lognormal",TRUE,193,0,0,0.000655938947602207,2
"elk-115_lognormal_joint_H4.rds",FALSE,"elk-115","lognormal",TRUE,193,0,0,0.000875422756511744,3
"elk-115_lognormal_joint_M21.rds",FALSE,"elk-115","lognormal",TRUE,193,0,0,0.000171405645231758,1
"elk-115_lognormal_joint_M22.rds",FALSE,"elk-115","lognormal",TRUE,193,0,0,0.000196428118214121,1
"elk-115_lognormal_rate_H2.rds",FALSE,"elk-115","lognormal",FALSE,193,0,0,1.19371179607577e-06,1
"elk-115_lognormal_rate_H3.rds",FALSE,"elk-115","lognormal",FALSE,193,0,0,4.91922946840056e-05,1
"elk-115_lognormal_rate_H4.rds",FALSE,"elk-115","lognormal",FALSE,193,0,0,9.06197783478095e-05,2
"elk-115_lognormal_rate_M21.rds",FALSE,"elk-115","lognormal",FALSE,193,0,0,4.49063009000246e-06,1
"elk-115_lognormal_rate_M22.rds",FALSE,"elk-115","lognormal",FALSE,193,0,0,1.31763044919221e-05,1
"elk-115_truncated_normal_joint_H2.rds",FALSE,"elk-115","truncated_normal",TRUE,193,0,0,0.000326758708979142,3
"elk-115_truncated_normal_joint_H3.rds",FALSE,"elk-115","truncated_normal",TRUE,193,0,0,0.000953298240351405,1
"elk-115_truncated_normal_joint_H4.rds",FALSE,"elk-115","truncated_normal",TRUE,193,0,0,0.000478075889986462,5
"elk-115_truncated_normal_joint_M21.rds",FALSE,"elk-115","truncated_normal",TRUE,193,0,0,0.000159946011996597,4
"elk-115_truncated_normal_joint_M22.rds",FALSE,"elk-115","truncated_normal",TRUE,193,0,0,5.1079496188271e-05,2
"elk-115_truncated_normal_rate_H2.rds",FALSE,"elk-115","truncated_normal",FALSE,193,0,0,1.57228896568838e-05,2
"elk-115_truncated_normal_rate_H3.rds",FALSE,"elk-115","truncated_normal",FALSE,193,0,0,0.000227214513868933,2
"elk-115_truncated_normal_rate_H4.rds",FALSE,"elk-115","truncated_normal",FALSE,193,0,0,0.00081956841313431,4
"elk-115_truncated_normal_rate_M21.rds",FALSE,"elk-115","truncated_normal",FALSE,193,0,0,0.000231364083447029,1
"elk-115_truncated_normal_rate_M22.rds",FALSE,"elk-115","truncated_normal",FALSE,193,0,0,1.56319401867933e-05,3
"elk-115_weibull_joint_H2.rds",FALSE,"elk-115","weibull",TRUE,193,0,0,1.57683643919724e-05,1
"elk-115_weibull_joint_H3.rds",FALSE,"elk-115","weibull",TRUE,193,0,0,0.000168847691390536,1
"elk-115_weibull_joint_H4.rds",FALSE,"elk-115","weibull",TRUE,193,0,0,0.000313821146846435,1
"elk-115_weibull_joint_M21.rds",FALSE,"elk-115","weibull",TRUE,193,0,0,6.10612005402189e-05,1
"elk-115_weibull_joint_M22.rds",FALSE,"elk-115","weibull",TRUE,193,0,0,9.43714439926191e-05,2
"elk-115_weibull_rate_H2.rds",FALSE,"elk-115","weibull",FALSE,193,0,0,2.16004991670854e-07,1
"elk-115_weibull_rate_H3.rds",FALSE,"elk-115","weibull",FALSE,193,0,0,0.000374643605027439,1
"elk-115_weibull_rate_H4.rds",FALSE,"elk-115","weibull",FALSE,193,0,0,0.000372665454051085,1
"elk-115_weibull_rate_M21.rds",FALSE,"elk-115","weibull",FALSE,193,0,0,5.1159076974676e-07,1
"elk-115_weibull_rate_M22.rds",FALSE,"elk-115","weibull",FALSE,193,0,0,3.21392690238687e-05,1
"elk-163_gamma_joint_H2.rds",FALSE,"elk-163","gamma",TRUE,158,0,0,1.84286363946555e-05,1
"elk-163_gamma_joint_H3.rds",FALSE,"elk-163","gamma",TRUE,158,0,0,0.00015013483790085,1
"elk-163_gamma_joint_H4.rds",FALSE,"elk-163","gamma",TRUE,158,0,0,0.00244467628364167,2
"elk-163_gamma_joint_M21.rds",FALSE,"elk-163","gamma",TRUE,158,0,0,4.72141437057399e-05,1
"elk-163_gamma_joint_M22.rds",FALSE,"elk-163","gamma",TRUE,158,0,0,2.43858266912623e-05,1
"elk-163_gamma_rate_H2.rds",FALSE,"elk-163","gamma",FALSE,158,0,0,8.45261638454678e-06,1
"elk-163_gamma_rate_H3.rds",FALSE,"elk-163","gamma",FALSE,158,0,0,0.000839770564197421,3
"elk-163_gamma_rate_H4.rds",FALSE,"elk-163","gamma",FALSE,158,0,0,0.00074039121499906,4
"elk-163_gamma_rate_M21.rds",FALSE,"elk-163","gamma",FALSE,158,0,0,2.30215846384764e-06,1
"elk-163_gamma_rate_M22.rds",FALSE,"elk-163","gamma",FALSE,158,0,0,1.97644567377735e-05,1
"elk-163_lognormal_joint_H2.rds",FALSE,"elk-163","lognormal",TRUE,158,0,0,0.000183752035809264,1
"elk-163_lognormal_joint_H3.rds",FALSE,"elk-163","lognormal",TRUE,158,0,0,0.000104125774669124,2
"elk-163_lognormal_joint_H4.rds",FALSE,"elk-163","lognormal",TRUE,158,0,0,0.00025912640921898,2
"elk-163_lognormal_joint_M21.rds",FALSE,"elk-163","lognormal",TRUE,158,0,0,8.6640739027076e-05,1
"elk-163_lognormal_joint_M22.rds",FALSE,"elk-163","lognormal",TRUE,158,0,0,0.00017885213310446,1
"elk-163_lognormal_rate_H2.rds",FALSE,"elk-163","lognormal",FALSE,158,0,0,8.86757334228949e-07,1
"elk-163_lognormal_rate_H3.rds",FALSE,"elk-163","lognormal",FALSE,158,0,0,8.49695425163526e-05,1
"elk-163_lognormal_rate_H4.rds",FALSE,"elk-163","lognormal",FALSE,158,0,0,0.000315566239817722,2
"elk-163_lognormal_rate_M21.rds",FALSE,"elk-163","lognormal",FALSE,158,0,0,1.50521373144105e-05,1
"elk-163_lognormal_rate_M22.rds",FALSE,"elk-163","lognormal",FALSE,158,0,0,2.84785528492363e-05,1
"elk-163_truncated_normal_joint_H2.rds",FALSE,"elk-163","truncated_normal",TRUE,158,0,0,2.2737367544332e-07,2
"elk-163_truncated_normal_joint_H3.rds",FALSE,"elk-163","truncated_normal",TRUE,158,0,0,0.000181921677721948,2
"elk-163_truncated_normal_joint_H4.rds",FALSE,"elk-163","truncated_normal",TRUE,158,0,0,0.000453042048320501,7
"elk-163_truncated_normal_joint_M21.rds",FALSE,"elk-163","truncated_normal",TRUE,158,0,0,1.31763044919221e-05,2
"elk-163_truncated_normal_joint_M22.rds",FALSE,"elk-163","truncated_normal",TRUE,158,0,0,0.000109628217614921,2
"elk-163_truncated_normal_rate_H2.rds",FALSE,"elk-163","truncated_normal",FALSE,158,0,0,8.91304807731631e-06,2
"elk-163_truncated_normal_rate_H3.rds",FALSE,"elk-163","truncated_normal",FALSE,158,0,0,0.000435807123722042,2
"elk-163_truncated_normal_rate_H4.rds",FALSE,"elk-163","truncated_normal",FALSE,158,0,0,0.00471637235932595,4
"elk-163_truncated_normal_rate_M21.rds",FALSE,"elk-163","truncated_normal",FALSE,158,0,0,9.79241576708724e-05,2
"elk-163_truncated_normal_rate_M22.rds",FALSE,"elk-163","truncated_normal",FALSE,158,0,0,0.000104910213849402,1
"elk-163_weibull_joint_H2.rds",FALSE,"elk-163","weibull",TRUE,158,0,0,2.91038304567046e-06,1
"elk-163_weibull_joint_H3.rds",FALSE,"elk-163","weibull",TRUE,158,0,0,0.000151339918374864,2
"elk-163_weibull_joint_H4.rds",FALSE,"elk-163","weibull",TRUE,158,0,0,0.000570264546691662,2
"elk-163_weibull_joint_M21.rds",FALSE,"elk-163","weibull",TRUE,158,0,0,0.000223394636121512,1
"elk-163_weibull_joint_M22.rds",FALSE,"elk-163","weibull",TRUE,158,0,0,0.000119916876427975,2
"elk-163_weibull_rate_H2.rds",FALSE,"elk-163","weibull",FALSE,158,0,0,4.1495695768118e-07,1
"elk-163_weibull_rate_H3.rds",FALSE,"elk-163","weibull",FALSE,158,0,0,0.000197110239241541,1
"elk-163_weibull_rate_H4.rds",FALSE,"elk-163","weibull",FALSE,158,0,0,0.000103290176415885,2
"elk-163_weibull_rate_M21.rds",FALSE,"elk-163","weibull",FALSE,158,0,0,8.86757334222796e-07,1
"elk-163_weibull_rate_M22.rds",FALSE,"elk-163","weibull",FALSE,158,0,0,0.000105103481472945,1
"elk-287_gamma_joint_H2.rds",FALSE,"elk-287","gamma",TRUE,163,0,0,2.58069121629243e-06,1
"elk-287_gamma_joint_H3.rds",FALSE,"elk-287","gamma",TRUE,163,0,0,0.000220154561248911,2
"elk-287_gamma_joint_H4.rds",FALSE,"elk-287","gamma",TRUE,163,0,0,0.000283455392492595,6
"elk-287_gamma_joint_M21.rds",FALSE,"elk-287","gamma",TRUE,163,0,0,0.000273064415521761,1
"elk-287_gamma_joint_M22.rds",FALSE,"elk-287","gamma",TRUE,163,0,0,0.000371437636205754,1
"elk-287_gamma_rate_H2.rds",FALSE,"elk-287","gamma",FALSE,163,0,0,1.12549969343663e-06,1
"elk-287_gamma_rate_H3.rds",FALSE,"elk-287","gamma",FALSE,163,0,0,9.33596311405255e-05,2
"elk-287_gamma_rate_H4.rds",FALSE,"elk-287","gamma",FALSE,163,0,0,0.000103176489574149,3
"elk-287_gamma_rate_M21.rds",FALSE,"elk-287","gamma",FALSE,163,0,0,0.000337877281721434,2
"elk-287_gamma_rate_M22.rds",FALSE,"elk-287","gamma",FALSE,163,0,0,0.000200014937944215,2
"elk-287_lognormal_joint_H2.rds",FALSE,"elk-287","lognormal",TRUE,163,0,0,6.51311893306487e-05,1
"elk-287_lognormal_joint_H3.rds",FALSE,"elk-287","lognormal",TRUE,163,0,0,1.58479451782895e-05,2
"elk-287_lognormal_joint_H4.rds",FALSE,"elk-287","lognormal",TRUE,163,0,0,0.000166448899108976,3
"elk-287_lognormal_joint_M21.rds",FALSE,"elk-287","lognormal",TRUE,163,0,0,0.000458794602311442,1
"elk-287_lognormal_joint_M22.rds",FALSE,"elk-287","lognormal",TRUE,163,0,0,0.000190766513695622,2
"elk-287_lognormal_rate_H2.rds",FALSE,"elk-287","lognormal",FALSE,163,0,0,3.06954461846352e-07,1
"elk-287_lognormal_rate_H3.rds",FALSE,"elk-287","lognormal",FALSE,163,0,0,2.04238403974615e-05,2
"elk-287_lognormal_rate_H4.rds",FALSE,"elk-287","lognormal",FALSE,163,0,0,7.64430296869086e-05,3
"elk-287_lognormal_rate_M21.rds",FALSE,"elk-287","lognormal",FALSE,163,0,0,0.000150947698784725,1
"elk-287_lognormal_rate_M22.rds",FALSE,"elk-287","lognormal",FALSE,163,0,0,0.000129864474729272,2
"elk-287_truncated_normal_joint_H2.rds",FALSE,"elk-287","truncated_normal",TRUE,163,0,0,1.25623955681563e-05,1
"elk-287_truncated_normal_joint_H3.rds",FALSE,"elk-287","truncated_normal",TRUE,163,0,0,0.000781346898293426,1
"elk-287_truncated_normal_joint_H4.rds",FALSE,"elk-287","truncated_normal",TRUE,163,0,0,0.000108639142126818,3
"elk-287_truncated_normal_joint_M21.rds",FALSE,"elk-287","truncated_normal",TRUE,163,0,0,0.000417696810473151,2
"elk-287_truncated_normal_joint_M22.rds",FALSE,"elk-287","truncated_normal",TRUE,163,0,0,0.00106160769064339,1
"elk-287_truncated_normal_rate_H2.rds",FALSE,"elk-287","truncated_normal",FALSE,163,0,0,2.76202172245923e-05,1
"elk-287_truncated_normal_rate_H3.rds",FALSE,"elk-287","truncated_normal",FALSE,163,0,0,6.04927663516953e-05,3
"elk-287_truncated_normal_rate_H4.rds",FALSE,"elk-287","truncated_normal",FALSE,163,0,0,0.00143560896503969,2
"elk-287_truncated_normal_rate_M21.rds",FALSE,"elk-287","truncated_normal",FALSE,163,0,0,0.00010106191439253,2
"elk-287_truncated_normal_rate_M22.rds",FALSE,"elk-287","truncated_normal",FALSE,163,0,0,0.00204304342332841,1
"elk-287_weibull_joint_H2.rds",FALSE,"elk-287","weibull",TRUE,163,0,0,1.10503606265914e-05,1
"elk-287_weibull_joint_H3.rds",FALSE,"elk-287","weibull",TRUE,163,0,0,0.000406646449846042,1
"elk-287_weibull_joint_H4.rds",FALSE,"elk-287","weibull",TRUE,163,0,0,0.000824934431874765,4
"elk-287_weibull_joint_M21.rds",FALSE,"elk-287","weibull",TRUE,163,0,0,0.000186867055163871,1
"elk-287_weibull_joint_M22.rds",FALSE,"elk-287","weibull",TRUE,163,0,0,0.000512261522092161,1
"elk-287_weibull_rate_H2.rds",FALSE,"elk-287","weibull",FALSE,163,0,0,9.09494701772019e-08,1
"elk-287_weibull_rate_H3.rds",FALSE,"elk-287","weibull",FALSE,163,0,0,5.50301138012316e-05,2
"elk-287_weibull_rate_H4.rds",FALSE,"elk-287","weibull",FALSE,163,0,0,0.000308529024550499,3
"elk-287_weibull_rate_M21.rds",FALSE,"elk-287","weibull",FALSE,163,0,0,0.000236366304305463,1
"elk-287_weibull_rate_M22.rds",FALSE,"elk-287","weibull",FALSE,163,0,0,0.000714561565472845,2
"elk-363_gamma_joint_H2.rds",FALSE,"elk-363","gamma",TRUE,217,0,0,7.88986653782846e-06,1
"elk-363_gamma_joint_H3.rds",FALSE,"elk-363","gamma",TRUE,217,0,0,0.000204749994736426,2
"elk-363_gamma_joint_H4.rds",FALSE,"elk-363","gamma",TRUE,217,0,0,0.000380714482161767,4
"elk-363_gamma_joint_M21.rds",FALSE,"elk-363","gamma",TRUE,217,0,0,0.000101465502665878,1
"elk-363_gamma_joint_M22.rds",FALSE,"elk-363","gamma",TRUE,217,0,0,0.0003720060703923,1
"elk-363_gamma_rate_H2.rds",FALSE,"elk-363","gamma",FALSE,217,0,0,7.50333128966081e-07,1
"elk-363_gamma_rate_H3.rds",FALSE,"elk-363","gamma",FALSE,217,0,0,5.5194959713483e-05,2
"elk-363_gamma_rate_H4.rds",FALSE,"elk-363","gamma",FALSE,217,0,0,0.000130410171555403,1
"elk-363_gamma_rate_M21.rds",FALSE,"elk-363","gamma",FALSE,217,0,0,4.29622559747172e-05,1
"elk-363_gamma_rate_M22.rds",FALSE,"elk-363","gamma",FALSE,217,0,0,0.000176407866092455,1
"elk-363_lognormal_joint_H2.rds",FALSE,"elk-363","lognormal",TRUE,217,0,0,0.000241072939388446,2
"elk-363_lognormal_joint_H3.rds",FALSE,"elk-363","lognormal",TRUE,217,0,0,2.05773176275919e-05,3
"elk-363_lognormal_joint_H4.rds",FALSE,"elk-363","lognormal",TRUE,217,0,0,0.000784928033680569,2
"elk-363_lognormal_joint_M21.rds",FALSE,"elk-363","lognormal",TRUE,217,0,0,3.50610207533113e-05,1
"elk-363_lognormal_joint_M22.rds",FALSE,"elk-363","lognormal",TRUE,217,0,0,0.000483134954262387,1
"elk-363_lognormal_rate_H2.rds",FALSE,"elk-363","lognormal",FALSE,217,0,0,4.83169060316385e-06,2
"elk-363_lognormal_rate_H3.rds",FALSE,"elk-363","lognormal",FALSE,217,0,0,3.526565706121e-05,1
"elk-363_lognormal_rate_H4.rds",FALSE,"elk-363","lognormal",FALSE,217,0,0,0.000163322511077057,2
"elk-363_lognormal_rate_M21.rds",FALSE,"elk-363","lognormal",FALSE,217,0,0,0.000532781996298049,2
"elk-363_lognormal_rate_M22.rds",FALSE,"elk-363","lognormal",FALSE,217,0,0,0.000126090071717618,1
"elk-363_truncated_normal_joint_H2.rds",FALSE,"elk-363","truncated_normal",TRUE,217,0,0,3.0695446184976e-06,2
"elk-363_truncated_normal_joint_H3.rds",FALSE,"elk-363","truncated_normal",TRUE,217,0,0,0.000453303528047261,3
"elk-363_truncated_normal_joint_H4.rds",FALSE,"elk-363","truncated_normal",TRUE,217,0,0,0.000265004018728822,4
"elk-363_truncated_normal_joint_M21.rds",FALSE,"elk-363","truncated_normal",TRUE,217,0,0,0.00167685811902462,1
"elk-363_truncated_normal_joint_M22.rds",FALSE,"elk-363","truncated_normal",TRUE,217,0,0,0.00245009914578741,1
"elk-363_truncated_normal_rate_H2.rds",FALSE,"elk-363","truncated_normal",FALSE,217,0,0,2.10661710298163e-05,2
"elk-363_truncated_normal_rate_H3.rds",FALSE,"elk-363","truncated_normal",FALSE,217,0,0,0.000357101725967507,3
"elk-363_truncated_normal_rate_H4.rds",FALSE,"elk-363","truncated_normal",FALSE,217,0,0,0.00232111005971182,3
"elk-363_truncated_normal_rate_M21.rds",FALSE,"elk-363","truncated_normal",FALSE,217,0,0,7.41238181944195e-06,1
"elk-363_truncated_normal_rate_M22.rds",FALSE,"elk-363","truncated_normal",FALSE,217,0,0,7.10201675242283e-05,2
"elk-363_weibull_joint_H2.rds",FALSE,"elk-363","weibull",TRUE,217,0,0,8.41282599139117e-06,1
"elk-363_weibull_joint_H3.rds",FALSE,"elk-363","weibull",TRUE,217,0,0,0.000284796897176135,1
"elk-363_weibull_joint_H4.rds",FALSE,"elk-363","weibull",TRUE,217,0,0,0.000338502559315773,4
"elk-363_weibull_joint_M21.rds",FALSE,"elk-363","weibull",TRUE,217,0,0,0.000187253590411086,1
"elk-363_weibull_joint_M22.rds",FALSE,"elk-363","weibull",TRUE,217,0,0,0.000592763171879913,1
"elk-363_weibull_rate_H2.rds",FALSE,"elk-363","weibull",FALSE,217,0,0,6.0254023992459e-07,1
"elk-363_weibull_rate_H3.rds",FALSE,"elk-363","weibull",FALSE,217,0,0,0.000222883045351768,2
"elk-363_weibull_rate_H4.rds",FALSE,"elk-363","weibull",FALSE,217,0,0,0.000190595983447505,1
"elk-363_weibull_rate_M21.rds",FALSE,"elk-363","weibull",FALSE,217,0,0,0.000619616002950377,1
"elk-363_weibull_rate_M22.rds",FALSE,"elk-363","weibull",FALSE,217,0,0,0.00077259301178859,1
"elk-115_gamma_joint_115_H2.rds",TRUE,"elk-115","gamma",TRUE,115,0,0,4.23199253420642e-05,2
"elk-115_gamma_joint_115_H3.rds",TRUE,"elk-115","gamma",TRUE,115,0,0,0.000128699184643341,2
"elk-115_gamma_joint_115_M21.rds",TRUE,"elk-115","gamma",TRUE,115,0,0,8.52651282916001e-06,2
"elk-115_gamma_joint_135_H2.rds",TRUE,"elk-115","gamma",TRUE,135,0,0,1.54955159814408e-05,1
"elk-115_gamma_joint_135_H3.rds",TRUE,"elk-115","gamma",TRUE,135,0,0,4.40365965916684e-05,3
"elk-115_gamma_joint_135_M21.rds",TRUE,"elk-115","gamma",TRUE,135,0,0,1.13061560114191e-05,1
"elk-115_gamma_joint_154_H2.rds",TRUE,"elk-115","gamma",TRUE,154,0,0,1.10617293103022e-05,1
"elk-115_gamma_joint_154_H3.rds",TRUE,"elk-115","gamma",TRUE,154,0,0,0.000133195499074512,3
"elk-115_gamma_joint_154_M21.rds",TRUE,"elk-115","gamma",TRUE,154,0,0,0.00010320491128358,1
"elk-115_gamma_joint_173_H2.rds",TRUE,"elk-115","gamma",TRUE,173,0,0,3.15935722028055e-05,2
"elk-115_gamma_joint_173_H3.rds",TRUE,"elk-115","gamma",TRUE,173,0,0,0.000222451035368429,3
"elk-115_gamma_joint_173_M21.rds",TRUE,"elk-115","gamma",TRUE,173,0,0,5.82076609137323e-06,1
"elk-115_gamma_joint_96_H2.rds",TRUE,"elk-115","gamma",TRUE,96,0,0,3.35944605467039e-06,1
"elk-115_gamma_joint_96_H3.rds",TRUE,"elk-115","gamma",TRUE,96,0,0,0.000644939746055777,1
"elk-115_gamma_joint_96_M21.rds",TRUE,"elk-115","gamma",TRUE,96,0,0,0.000152857637659294,1
"elk-115_gamma_rate_115_H2.rds",TRUE,"elk-115","gamma",FALSE,115,0,0,4.08135747420193e-06,1
"elk-115_gamma_rate_115_H3.rds",TRUE,"elk-115","gamma",FALSE,115,0,0,1.48020262712574e-05,2
"elk-115_gamma_rate_115_M21.rds",TRUE,"elk-115","gamma",FALSE,115,0,0,3.49871243087923e-05,1
"elk-115_gamma_rate_135_H2.rds",TRUE,"elk-115","gamma",FALSE,135,0,0,1.60014224093903e-05,1
"elk-115_gamma_rate_135_H3.rds",TRUE,"elk-115","gamma",FALSE,135,0,0,1.98838279182634e-05,2
"elk-115_gamma_rate_135_M21.rds",TRUE,"elk-115","gamma",FALSE,135,0,0,1.31308297568335e-06,1
"elk-115_gamma_rate_154_H2.rds",TRUE,"elk-115","gamma",FALSE,154,0,0,1.89231741388491e-05,1
"elk-115_gamma_rate_154_H3.rds",TRUE,"elk-115","gamma",FALSE,154,0,0,0.000207069206226232,2
"elk-115_gamma_rate_154_M21.rds",TRUE,"elk-115","gamma",FALSE,154,0,0,0.000111140252557158,1
"elk-115_gamma_rate_173_H2.rds",TRUE,"elk-115","gamma",FALSE,173,0,0,6.08224581813414e-07,1
"elk-115_gamma_rate_173_H3.rds",TRUE,"elk-115","gamma",FALSE,173,0,0,0.000210076223083678,2
"elk-115_gamma_rate_173_M21.rds",TRUE,"elk-115","gamma",FALSE,173,0,0,0.000202010141948459,1
"elk-115_gamma_rate_96_H2.rds",TRUE,"elk-115","gamma",FALSE,96,0,0,2.38173925026878e-06,1
"elk-115_gamma_rate_96_H3.rds",TRUE,"elk-115","gamma",FALSE,96,0,0,3.24405391450913e-05,2
"elk-115_gamma_rate_96_M21.rds",TRUE,"elk-115","gamma",FALSE,96,0,0,3.0269120543182e-05,1
"elk-115_lognormal_joint_115_H2.rds",TRUE,"elk-115","lognormal",TRUE,115,0,0,0.000106575726022614,1
"elk-115_lognormal_joint_115_H3.rds",TRUE,"elk-115","lognormal",TRUE,115,0,0,0.000847398951008534,2
"elk-115_lognormal_joint_115_M21.rds",TRUE,"elk-115","lognormal",TRUE,115,0,0,0.000147736045618272,1
"elk-115_lognormal_joint_135_H2.rds",TRUE,"elk-115","lognormal",TRUE,135,0,0,7.78754838392291e-06,2
"elk-115_lognormal_joint_135_H3.rds",TRUE,"elk-115","lognormal",TRUE,135,0,0,0.00057055444813181,1
"elk-115_lognormal_joint_135_M21.rds",TRUE,"elk-115","lognormal",TRUE,135,0,0,0.000175202785612607,1
"elk-115_lognormal_joint_154_H2.rds",TRUE,"elk-115","lognormal",TRUE,154,0,0,7.16227077649441e-07,2
"elk-115_lognormal_joint_154_H3.rds",TRUE,"elk-115","lognormal",TRUE,154,0,0,0.000356192231265239,1
"elk-115_lognormal_joint_154_M21.rds",TRUE,"elk-115","lognormal",TRUE,154,0,0,2.96836333289195e-05,1
"elk-115_lognormal_joint_173_H2.rds",TRUE,"elk-115","lognormal",TRUE,173,0,0,6.26982910037566e-05,1
"elk-115_lognormal_joint_173_H3.rds",TRUE,"elk-115","lognormal",TRUE,173,0,0,6.4756022768684e-05,2
"elk-115_lognormal_joint_173_M21.rds",TRUE,"elk-115","lognormal",TRUE,173,0,0,6.37896846458891e-05,2
"elk-115_lognormal_joint_96_H2.rds",TRUE,"elk-115","lognormal",TRUE,96,0,0,1.42108547151878e-07,1
"elk-115_lognormal_joint_96_H3.rds",TRUE,"elk-115","lognormal",TRUE,96,0,0,0.00011184511095476,2
"elk-115_lognormal_joint_96_M21.rds",TRUE,"elk-115","lognormal",TRUE,96,0,0,2.77793787974033e-05,2
"elk-115_lognormal_rate_115_H2.rds",TRUE,"elk-115","lognormal",FALSE,115,0,0,4.49858816866482e-05,1
"elk-115_lognormal_rate_115_H3.rds",TRUE,"elk-115","lognormal",FALSE,115,0,0,0.000176743242263734,2
"elk-115_lognormal_rate_115_M21.rds",TRUE,"elk-115","lognormal",FALSE,115,0,0,3.51462858817975e-05,1
"elk-115_lognormal_rate_135_H2.rds",TRUE,"elk-115","lognormal",FALSE,135,0,0,1.3000089893526e-05,1
"elk-115_lognormal_rate_135_H3.rds",TRUE,"elk-115","lognormal",FALSE,135,0,0,1.84115833697127e-05,3
"elk-115_lognormal_rate_135_M21.rds",TRUE,"elk-115","lognormal",FALSE,135,0,0,5.38307176611874e-06,1
"elk-115_lognormal_rate_154_H2.rds",TRUE,"elk-115","lognormal",FALSE,154,0,0,4.66116034660747e-06,1
"elk-115_lognormal_rate_154_H3.rds",TRUE,"elk-115","lognormal",FALSE,154,0,0,3.53679752165337e-05,2
"elk-115_lognormal_rate_154_M21.rds",TRUE,"elk-115","lognormal",FALSE,154,0,0,7.21342985346937e-06,1
"elk-115_lognormal_rate_173_H2.rds",TRUE,"elk-115","lognormal",FALSE,173,0,0,7.68523023001622e-06,1
"elk-115_lognormal_rate_173_H3.rds",TRUE,"elk-115","lognormal",FALSE,173,0,0,2.93709945264914e-05,2
"elk-115_lognormal_rate_173_M21.rds",TRUE,"elk-115","lognormal",FALSE,173,0,0,1.23009158414794e-05,1
"elk-115_lognormal_rate_96_H2.rds",TRUE,"elk-115","lognormal",FALSE,96,0,0,1.22895471576944e-05,1
"elk-115_lognormal_rate_96_H3.rds",TRUE,"elk-115","lognormal",FALSE,96,0,0,3.55839802068302e-05,2
"elk-115_lognormal_rate_96_M21.rds",TRUE,"elk-115","lognormal",FALSE,96,0,0,5.55360202269539e-06,1
"elk-115_truncated_normal_joint_115_H2.rds",TRUE,"elk-115","truncated_normal",TRUE,115,0,0,6.55631993139904e-05,2
"elk-115_truncated_normal_joint_115_H3.rds",TRUE,"elk-115","truncated_normal",TRUE,115,0,0,0.000322171445077079,3
"elk-115_truncated_normal_joint_115_M21.rds",TRUE,"elk-115","truncated_normal",TRUE,115,0,0,0.000157280055645812,2
"elk-115_truncated_normal_joint_135_H2.rds",TRUE,"elk-115","truncated_normal",TRUE,135,0,0,2.03215222427185e-05,1
"elk-115_truncated_normal_joint_135_H3.rds",TRUE,"elk-115","truncated_normal",TRUE,135,0,0,0.000107138475868149,3
"elk-115_truncated_normal_joint_135_M21.rds",TRUE,"elk-115","truncated_normal",TRUE,135,0,0,0.000190891569218439,1
"elk-115_truncated_normal_joint_154_H2.rds",TRUE,"elk-115","truncated_normal",TRUE,154,0,0,1.44382283906308e-06,1
"elk-115_truncated_normal_joint_154_H3.rds",TRUE,"elk-115","truncated_normal",TRUE,154,0,0,0.000101181285572137,3
"elk-115_truncated_normal_joint_154_M21.rds",TRUE,"elk-115","truncated_normal",TRUE,154,0,0,0.000123986865219759,1
"elk-115_truncated_normal_joint_173_H2.rds",TRUE,"elk-115","truncated_normal",TRUE,173,0,0,4.74074113299158e-06,1
"elk-115_truncated_normal_joint_173_H3.rds",TRUE,"elk-115","truncated_normal",TRUE,173,0,0,0.000351383278027669,3
"elk-115_truncated_normal_joint_173_M21.rds",TRUE,"elk-115","truncated_normal",TRUE,173,0,0,3.39582584276013e-05,1
"elk-115_truncated_normal_joint_96_H2.rds",TRUE,"elk-115","truncated_normal",TRUE,96,0,0,2.04863681574147e-05,1
"elk-115_truncated_normal_joint_96_H3.rds",TRUE,"elk-115","truncated_normal",TRUE,96,0,0,7.7449158200783e-05,3
"elk-115_truncated_normal_joint_96_M21.rds",TRUE,"elk-115","truncated_normal",TRUE,96,0,0,0.000217625029109594,1
"elk-115_truncated_normal_rate_115_H2.rds",TRUE,"elk-115","truncated_normal",FALSE,115,0,0,5.57065504835361e-06,2
"elk-115_truncated_normal_rate_115_H3.rds",TRUE,"elk-115","truncated_normal",FALSE,115,0,0,9.91803972282386e-05,3
"elk-115_truncated_normal_rate_115_M21.rds",TRUE,"elk-115","truncated_normal",FALSE,115,0,0,3.71642272513654e-05,2
"elk-115_truncated_normal_rate_135_H2.rds",TRUE,"elk-115","truncated_normal",FALSE,135,0,0,5.92308424529027e-06,1
"elk-115_truncated_normal_rate_135_H3.rds",TRUE,"elk-115","truncated_normal",FALSE,135,0,0,0.000203442596102628,3
"elk-115_truncated_normal_rate_135_M21.rds",TRUE,"elk-115","truncated_normal",FALSE,135,0,0,2.27544205699587e-05,2
"elk-115_truncated_normal_rate_154_H2.rds",TRUE,"elk-115","truncated_normal",FALSE,154,0,0,2.2168933355816e-07,1
"elk-115_truncated_normal_rate_154_H3.rds",TRUE,"elk-115","truncated_normal",FALSE,154,0,0,9.77706804442912e-06,4
"elk-115_truncated_normal_rate_154_M21.rds",TRUE,"elk-115","truncated_normal",FALSE,154,0,0,0.000138049927044454,1
"elk-115_truncated_normal_rate_173_H2.rds",TRUE,"elk-115","truncated_normal",FALSE,173,0,0,2.16743956116044e-05,2
"elk-115_truncated_normal_rate_173_H3.rds",TRUE,"elk-115","truncated_normal",FALSE,173,0,0,6.48356035525728e-05,2
"elk-115_truncated_normal_rate_173_M21.rds",TRUE,"elk-115","truncated_normal",FALSE,173,0,0,2.07705852516032e-05,2
"elk-115_truncated_normal_rate_96_H2.rds",TRUE,"elk-115","truncated_normal",FALSE,96,0,0,3.97903932027467e-07,1
"elk-115_truncated_normal_rate_96_H3.rds",TRUE,"elk-115","truncated_normal",FALSE,96,0,0,1.20621734827201e-05,3
"elk-115_truncated_normal_rate_96_M21.rds",TRUE,"elk-115","truncated_normal",FALSE,96,0,0,2.46132003668419e-06,3
"elk-115_weibull_joint_115_H2.rds",TRUE,"elk-115","weibull",TRUE,115,0,0,2.2168933355693e-06,2
"elk-115_weibull_joint_115_H3.rds",TRUE,"elk-115","weibull",TRUE,115,0,0,0.000215209183805609,3
"elk-115_weibull_joint_115_M21.rds",TRUE,"elk-115","weibull",TRUE,115,0,0,2.71313638220859e-05,1
"elk-115_weibull_joint_135_H2.rds",TRUE,"elk-115","weibull",TRUE,135,0,0,4.47357706434112e-06,1
"elk-115_weibull_joint_135_H3.rds",TRUE,"elk-115","weibull",TRUE,135,0,0,0.000178266645889202,2
"elk-115_weibull_joint_135_M21.rds",TRUE,"elk-115","weibull",TRUE,135,0,0,0.000226998508877264,1
"elk-115_weibull_joint_154_H2.rds",TRUE,"elk-115","weibull",TRUE,154,0,0,5.50357981409793e-05,1
"elk-115_weibull_joint_154_H3.rds",TRUE,"elk-115","weibull",TRUE,154,0,0,0.000140096290124985,3
"elk-115_weibull_joint_154_M21.rds",TRUE,"elk-115","weibull",TRUE,154,0,0,2.3305801732908e-05,1
"elk-115_weibull_joint_173_H2.rds",TRUE,"elk-115","weibull",TRUE,173,0,0,3.33102434524002e-06,1
"elk-115_weibull_joint_173_H3.rds",TRUE,"elk-115","weibull",TRUE,173,0,0,0.000264083155343278,3
"elk-115_weibull_joint_173_M21.rds",TRUE,"elk-115","weibull",TRUE,173,0,0,8.99262886377083e-06,1
"elk-115_weibull_joint_96_H2.rds",TRUE,"elk-115","weibull",TRUE,96,0,0,8.75388650455568e-07,1
"elk-115_weibull_joint_96_H3.rds",TRUE,"elk-115","weibull",TRUE,96,0,0,0.000152397205965674,3
"elk-115_weibull_joint_96_M21.rds",TRUE,"elk-115","weibull",TRUE,96,0,0,0.000176896719493676,2
"elk-115_weibull_rate_115_H2.rds",TRUE,"elk-115","weibull",FALSE,115,0,0,9.81685843725173e-06,1
"elk-115_weibull_rate_115_H3.rds",TRUE,"elk-115","weibull",FALSE,115,0,0,0.000273200839728542,4
"elk-115_weibull_rate_115_M21.rds",TRUE,"elk-115","weibull",FALSE,115,0,0,1.63083768711495e-05,1
"elk-115_weibull_rate_135_H2.rds",TRUE,"elk-115","weibull",FALSE,135,0,0,1.3471890269998e-06,1
"elk-115_weibull_rate_135_H3.rds",TRUE,"elk-115","weibull",FALSE,135,0,0,2.6290081224119e-05,2
"elk-115_weibull_rate_135_M21.rds",TRUE,"elk-115","weibull",FALSE,135,0,0,2.77850631391352e-05,1
"elk-115_weibull_rate_154_H2.rds",TRUE,"elk-115","weibull",FALSE,154,0,0,1.29602995002513e-06,1
"elk-115_weibull_rate_154_H3.rds",TRUE,"elk-115","weibull",FALSE,154,0,0,0.000114135900729869,1
"elk-115_weibull_rate_154_M21.rds",TRUE,"elk-115","weibull",FALSE,154,0,0,9.38598532228723e-05,1
"elk-115_weibull_rate_173_H2.rds",TRUE,"elk-115","weibull",FALSE,173,0,0,7.50901563150523e-06,1
"elk-115_weibull_rate_173_H3.rds",TRUE,"elk-115","weibull",FALSE,173,0,0,0.000159548108058356,2
"elk-115_weibull_rate_173_M21.rds",TRUE,"elk-115","weibull",FALSE,173,0,0,7.52606865716345e-06,1
"elk-115_weibull_rate_96_H2.rds",TRUE,"elk-115","weibull",FALSE,96,0,0,0.000197405825027287,1
"elk-115_weibull_rate_96_H3.rds",TRUE,"elk-115","weibull",FALSE,96,0,0,9.68952917938016e-05,2
"elk-115_weibull_rate_96_M21.rds",TRUE,"elk-115","weibull",FALSE,96,0,0,1.72803993336684e-06,1
"elk-163_gamma_joint_110_H2.rds",TRUE,"elk-163","gamma",TRUE,110,0,0,1.43018041854444e-05,1
"elk-163_gamma_joint_110_H3.rds",TRUE,"elk-163","gamma",TRUE,110,0,0,0.000100681063490075,1
"elk-163_gamma_joint_110_M21.rds",TRUE,"elk-163","gamma",TRUE,110,0,0,6.10498318561079e-06,1
"elk-163_gamma_joint_126_H2.rds",TRUE,"elk-163","gamma",TRUE,126,0,0,7.29869498167993e-06,1
"elk-163_gamma_joint_126_H3.rds",TRUE,"elk-163","gamma",TRUE,126,0,0,0.000323410631608244,2
"elk-163_gamma_joint_126_M21.rds",TRUE,"elk-163","gamma",TRUE,126,0,0,3.41060513164507e-05,1
"elk-163_gamma_joint_142_H2.rds",TRUE,"elk-163","gamma",TRUE,142,0,0,2.30954810831232e-05,1
"elk-163_gamma_joint_142_H3.rds",TRUE,"elk-163","gamma",TRUE,142,0,0,8.38326741353705e-05,1
"elk-163_gamma_joint_142_M21.rds",TRUE,"elk-163","gamma",TRUE,142,0,0,3.01383806799703e-05,1
"elk-163_gamma_joint_79_H2.rds",TRUE,"elk-163","gamma",TRUE,79,0,0,6.39090558247878e-05,1
"elk-163_gamma_joint_79_H3.rds",TRUE,"elk-163","gamma",TRUE,79,0,0,0.000248905962506075,4
"elk-163_gamma_joint_79_M21.rds",TRUE,"elk-163","gamma",TRUE,79,0,0,0.00040499799069908,2
"elk-163_gamma_joint_94_H2.rds",TRUE,"elk-163","gamma",TRUE,94,0,0,6.94058144289772e-06,1
"elk-163_gamma_joint_94_H3.rds",TRUE,"elk-163","gamma",TRUE,94,0,0,0.000118865273179717,4
"elk-163_gamma_joint_94_M21.rds",TRUE,"elk-163","gamma",TRUE,94,0,0,0.000136770950120853,1
"elk-163_gamma_rate_110_H2.rds",TRUE,"elk-163","gamma",FALSE,110,0,0,6.17319528827758e-06,1
"elk-163_gamma_rate_110_H3.rds",TRUE,"elk-163","gamma",FALSE,110,0,0,0.000637555785938646,1
"elk-163_gamma_rate_110_M21.rds",TRUE,"elk-163","gamma",FALSE,110,0,0,1.12095221994024e-05,1
"elk-163_gamma_rate_126_H2.rds",TRUE,"elk-163","gamma",FALSE,126,0,0,4.74074113298665e-06,1
"elk-163_gamma_rate_126_H3.rds",TRUE,"elk-163","gamma",FALSE,126,0,0,7.49764694802442e-06,2
"elk-163_gamma_rate_126_M21.rds",TRUE,"elk-163","gamma",FALSE,126,0,0,5.67297320227148e-06,1
"elk-163_gamma_rate_142_H2.rds",TRUE,"elk-163","gamma",FALSE,142,0,0,1.36992639455171e-06,1
"elk-163_gamma_rate_142_H3.rds",TRUE,"elk-163","gamma",FALSE,142,0,0,8.75047589976406e-05,1
"elk-163_gamma_rate_142_M21.rds",TRUE,"elk-163","gamma",FALSE,142,0,0,3.31965566144944e-06,1
"elk-163_gamma_rate_79_H2.rds",TRUE,"elk-163","gamma",FALSE,79,0,0,2.74553713097428e-06,1
"elk-163_gamma_rate_79_H3.rds",TRUE,"elk-163","gamma",FALSE,79,0,0,9.16799081090536e-05,1
"elk-163_gamma_rate_79_M21.rds",TRUE,"elk-163","gamma",FALSE,79,0,0,7.16227077641489e-07,2
"elk-163_gamma_rate_94_H2.rds",TRUE,"elk-163","gamma",FALSE,94,0,0,4.04725142286302e-06,1
"elk-163_gamma_rate_94_H3.rds",TRUE,"elk-163","gamma",FALSE,94,0,0,0.000110549080999775,1
"elk-163_gamma_rate_94_M21.rds",TRUE,"elk-163","gamma",FALSE,94,0,0,6.65068000667097e-07,1
"elk-163_lognormal_joint_110_H2.rds",TRUE,"elk-163","lognormal",TRUE,110,0,0,4.75552042189044e-05,1
"elk-163_lognormal_joint_110_H3.rds",TRUE,"elk-163","lognormal",TRUE,110,0,0,0.000449790604761352,4
"elk-163_lognormal_joint_110_M21.rds",TRUE,"elk-163","lognormal",TRUE,110,0,0,0.000115539933175721,2
"elk-163_lognormal_joint_126_H2.rds",TRUE,"elk-163","lognormal",TRUE,126,0,0,5.75255398870802e-06,1
"elk-163_lognormal_joint_126_H3.rds",TRUE,"elk-163","lognormal",TRUE,126,0,0,2.7165469873553e-05,2
"elk-163_lognormal_joint_126_M21.rds",TRUE,"elk-163","lognormal",TRUE,126,0,0,0.000413859879697174,1
"elk-163_lognormal_joint_142_H2.rds",TRUE,"elk-163","lognormal",TRUE,142,0,0,3.31397131960019e-06,1
"elk-163_lognormal_joint_142_H3.rds",TRUE,"elk-163","lognormal",TRUE,142,0,0,0.000106518882603753,3
"elk-163_lognormal_joint_142_M21.rds",TRUE,"elk-163","lognormal",TRUE,142,0,0,0.000151624135469168,1
"elk-163_lognormal_joint_79_H2.rds",TRUE,"elk-163","lognormal",TRUE,79,0,0,2.8984459277097e-05,1
"elk-163_lognormal_joint_79_H3.rds",TRUE,"elk-163","lognormal",TRUE,79,0,0,0.000416190459872762,3
"elk-163_lognormal_joint_79_M21.rds",TRUE,"elk-163","lognormal",TRUE,79,0,0,4.61739091408445e-05,1
"elk-163_lognormal_joint_94_H2.rds",TRUE,"elk-163","lognormal",TRUE,94,0,0,1.42335920826531e-05,1
"elk-163_lognormal_joint_94_H3.rds",TRUE,"elk-163","lognormal",TRUE,94,0,0,0.000238725306189497,2
"elk-163_lognormal_joint_94_M21.rds",TRUE,"elk-163","lognormal",TRUE,94,0,0,8.36166691437008e-05,2
"elk-163_lognormal_rate_110_H2.rds",TRUE,"elk-163","lognormal",FALSE,110,0,0,2.04067873708964e-06,1
"elk-163_lognormal_rate_110_H3.rds",TRUE,"elk-163","lognormal",FALSE,110,0,0,2.131628207361e-05,3
"elk-163_lognormal_rate_110_M21.rds",TRUE,"elk-163","lognormal",FALSE,110,0,0,4.87148099633933e-06,1
"elk-163_lognormal_rate_126_H2.rds",TRUE,"elk-163","lognormal",FALSE,126,0,0,5.3660187404847e-06,1
"elk-163_lognormal_rate_126_H3.rds",TRUE,"elk-163","lognormal",FALSE,126,0,0,0.00046355239646754,2
"elk-163_lognormal_rate_126_M21.rds",TRUE,"elk-163","lognormal",FALSE,126,0,0,3.64934749083997e-06,1
"elk-163_lognormal_rate_142_H2.rds",TRUE,"elk-163","lognormal",FALSE,142,0,0,9.10063135965678e-06,1
"elk-163_lognormal_rate_142_H3.rds",TRUE,"elk-163","lognormal",FALSE,142,0,0,0.000147656464833507,2
"elk-163_lognormal_rate_142_M21.rds",TRUE,"elk-163","lognormal",FALSE,142,0,0,4.65547600472136e-06,1
"elk-163_lognormal_rate_79_H2.rds",TRUE,"elk-163","lognormal",FALSE,79,0,0,5.115907697496e-08,1
"elk-163_lognormal_rate_79_H3.rds",TRUE,"elk-163","lognormal",FALSE,79,0,0,2.86462409359887e-05,2
"elk-163_lognormal_rate_79_M21.rds",TRUE,"elk-163","lognormal",FALSE,79,0,0,3.09796632792814e-05,1
"elk-163_lognormal_rate_94_H2.rds",TRUE,"elk-163","lognormal",FALSE,94,0,0,3.13207237922739e-06,1
"elk-163_lognormal_rate_94_H3.rds",TRUE,"elk-163","lognormal",FALSE,94,0,0,0.000169762870428576,1
"elk-163_lognormal_rate_94_M21.rds",TRUE,"elk-163","lognormal",FALSE,94,0,0,1.33752564578605e-05,1
"elk-163_truncated_normal_joint_110_H2.rds",TRUE,"elk-163","truncated_normal",TRUE,110,0,0,1.31933575175803e-05,2
"elk-163_truncated_normal_joint_110_H3.rds",TRUE,"elk-163","truncated_normal",TRUE,110,0,0,0.000422289758717106,2
"elk-163_truncated_normal_joint_110_M21.rds",TRUE,"elk-163","truncated_normal",TRUE,110,0,0,3.41231043421089e-05,4
"elk-163_truncated_normal_joint_126_H2.rds",TRUE,"elk-163","truncated_normal",TRUE,126,0,0,9.78559455687831e-05,2
"elk-163_truncated_normal_joint_126_H3.rds",TRUE,"elk-163","truncated_normal",TRUE,126,0,0,0.000100925490187264,3
"elk-163_truncated_normal_joint_126_M21.rds",TRUE,"elk-163","truncated_normal",TRUE,126,0,0,5.41319877810933e-05,2
"elk-163_truncated_normal_joint_142_H2.rds",TRUE,"elk-163","truncated_normal",TRUE,142,0,0,0.000105239905678795,2
"elk-163_truncated_normal_joint_142_H3.rds",TRUE,"elk-163","truncated_normal",TRUE,142,0,0,0.000212315853786792,2
"elk-163_truncated_normal_joint_142_M21.rds",TRUE,"elk-163","truncated_normal",TRUE,142,0,0,7.1560180003899e-05,2
"elk-163_truncated_normal_joint_79_H2.rds",TRUE,"elk-163","truncated_normal",TRUE,79,0,0,3.35262484441176e-05,2
"elk-163_truncated_normal_joint_79_H3.rds",TRUE,"elk-163","truncated_normal",TRUE,79,0,0,0.000603301941737534,4
"elk-163_truncated_normal_joint_79_M21.rds",TRUE,"elk-163","truncated_normal",TRUE,79,0,0,3.39525740855267e-05,2
"elk-163_truncated_normal_joint_94_H2.rds",TRUE,"elk-163","truncated_normal",TRUE,94,0,0,0.000257705323748532,1
"elk-163_truncated_normal_joint_94_H3.rds",TRUE,"elk-163","truncated_normal",TRUE,94,0,0,1.34605215867489e-05,3
"elk-163_truncated_normal_joint_94_M21.rds",TRUE,"elk-163","truncated_normal",TRUE,94,0,0,0.000380401843355921,1
"elk-163_truncated_normal_rate_110_H2.rds",TRUE,"elk-163","truncated_normal",FALSE,110,0,0,7.8398443292748e-05,2
"elk-163_truncated_normal_rate_110_H3.rds",TRUE,"elk-163","truncated_normal",FALSE,110,0,0,0.000121463017421822,4
"elk-163_truncated_normal_rate_110_M21.rds",TRUE,"elk-163","truncated_normal",FALSE,110,0,0,5.68945779378048e-05,2
"elk-163_truncated_normal_rate_126_H2.rds",TRUE,"elk-163","truncated_normal",FALSE,126,0,0,9.66338120634111e-08,2
"elk-163_truncated_normal_rate_126_H3.rds",TRUE,"elk-163","truncated_normal",FALSE,126,0,0,0.000526233634445655,2
"elk-163_truncated_normal_rate_126_M21.rds",TRUE,"elk-163","truncated_normal",FALSE,126,0,0,0.000130052058011603,2
"elk-163_truncated_normal_rate_142_H2.rds",TRUE,"elk-163","truncated_normal",FALSE,142,0,0,2.149249667125e-05,2
"elk-163_truncated_normal_rate_142_H3.rds",TRUE,"elk-163","truncated_normal",FALSE,142,0,0,0.000215095496967888,2
"elk-163_truncated_normal_rate_142_M21.rds",TRUE,"elk-163","truncated_normal",FALSE,142,0,0,1.18234311229706e-05,2
"elk-163_truncated_normal_rate_79_H2.rds",TRUE,"elk-163","truncated_normal",FALSE,79,0,0,7.1221961661677e-05,2
"elk-163_truncated_normal_rate_79_H3.rds",TRUE,"elk-163","truncated_normal",FALSE,79,0,0,6.98975100025107e-05,1
"elk-163_truncated_normal_rate_79_M21.rds",TRUE,"elk-163","truncated_normal",FALSE,79,0,0,8.55777670943858e-06,1
"elk-163_truncated_normal_rate_94_H2.rds",TRUE,"elk-163","truncated_normal",FALSE,94,0,0,4.71800376544235e-07,2
"elk-163_truncated_normal_rate_94_H3.rds",TRUE,"elk-163","truncated_normal",FALSE,94,0,0,0.00054727706810792,2
"elk-163_truncated_normal_rate_94_M21.rds",TRUE,"elk-163","truncated_normal",FALSE,94,0,0,2.03158379008325e-05,1
"elk-163_weibull_joint_110_H2.rds",TRUE,"elk-163","weibull",TRUE,110,0,0,7.75912667444946e-06,1
"elk-163_weibull_joint_110_H3.rds",TRUE,"elk-163","weibull",TRUE,110,0,0,0.000124714460979796,1
"elk-163_weibull_joint_110_M21.rds",TRUE,"elk-163","weibull",TRUE,110,0,0,5.13523445988026e-05,1
"elk-163_weibull_joint_126_H2.rds",TRUE,"elk-163","weibull",TRUE,126,0,0,3.13207237924478e-06,1
"elk-163_weibull_joint_126_H3.rds",TRUE,"elk-163","weibull",TRUE,126,0,0,0.000183672455022859,1
"elk-163_weibull_joint_126_M21.rds",TRUE,"elk-163","weibull",TRUE,126,0,0,9.26661414262822e-05,1
"elk-163_weibull_joint_142_H2.rds",TRUE,"elk-163","weibull",TRUE,142,0,0,5.97424332226495e-06,1
"elk-163_weibull_joint_142_H3.rds",TRUE,"elk-163","weibull",TRUE,142,0,0,0.000619957063462896,3
"elk-163_weibull_joint_142_M21.rds",TRUE,"elk-163","weibull",TRUE,142,0,0,1.32956756714559e-05,1
"elk-163_weibull_joint_79_H2.rds",TRUE,"elk-163","weibull",TRUE,79,0,0,3.25940163745738e-05,1
"elk-163_weibull_joint_79_H3.rds",TRUE,"elk-163","weibull",TRUE,79,0,0,0.000224912355405086,2
"elk-163_weibull_joint_79_M21.rds",TRUE,"elk-163","weibull",TRUE,79,0,0,0.0002774470431159,1
"elk-163_weibull_joint_94_H2.rds",TRUE,"elk-163","weibull",TRUE,94,0,0,4.04156708099941e-06,1
"elk-163_weibull_joint_94_H3.rds",TRUE,"elk-163","weibull",TRUE,94,0,0,4.80895323564624e-06,4
"elk-163_weibull_joint_94_M21.rds",TRUE,"elk-163","weibull",TRUE,94,0,0,2.22996732190727e-05,1
"elk-163_weibull_rate_110_H2.rds",TRUE,"elk-163","weibull",FALSE,110,0,0,3.17754711429835e-05,1
"elk-163_weibull_rate_110_H3.rds",TRUE,"elk-163","weibull",FALSE,110,0,0,6.51198206468765e-05,2
"elk-163_weibull_rate_110_M21.rds",TRUE,"elk-163","weibull",FALSE,110,0,0,3.16617843052626e-06,1
"elk-163_weibull_rate_126_H2.rds",TRUE,"elk-163","weibull",FALSE,126,0,0,2.34194885704995e-06,1
"elk-163_weibull_rate_126_H3.rds",TRUE,"elk-163","weibull",FALSE,126,0,0,0.000411290557164682,1
"elk-163_weibull_rate_126_M21.rds",TRUE,"elk-163","weibull",FALSE,126,0,0,2.1918822312584e-05,1
"elk-163_weibull_rate_142_H2.rds",TRUE,"elk-163","weibull",FALSE,142,0,0,1.85252702068216e-05,1
"elk-163_weibull_rate_142_H3.rds",TRUE,"elk-163","weibull",FALSE,142,0,0,8.16839929060735e-05,2
"elk-163_weibull_rate_142_M21.rds",TRUE,"elk-163","weibull",FALSE,142,0,0,2.26236807064534e-06,1
"elk-163_weibull_rate_79_H2.rds",TRUE,"elk-163","weibull",FALSE,79,0,0,1.49753986987818e-05,1
"elk-163_weibull_rate_79_H3.rds",TRUE,"elk-163","weibull",FALSE,79,0,0,0.000281698930846661,1
"elk-163_weibull_rate_79_M21.rds",TRUE,"elk-163","weibull",FALSE,79,0,0,0.000143893430503307,1
"elk-163_weibull_rate_94_H2.rds",TRUE,"elk-163","weibull",FALSE,94,0,0,4.24051904701645e-06,1
"elk-163_weibull_rate_94_H3.rds",TRUE,"elk-163","weibull",FALSE,94,0,0,8.08455524742546e-05,2
"elk-163_weibull_rate_94_M21.rds",TRUE,"elk-163","weibull",FALSE,94,0,0,8.64588400867226e-06,1
"elk-287_gamma_joint_114_H2.rds",TRUE,"elk-287","gamma",TRUE,114,0,0,2.61479726760907e-06,1
"elk-287_gamma_joint_114_H3.rds",TRUE,"elk-287","gamma",TRUE,114,0,0,7.07700564817089e-06,2
"elk-287_gamma_joint_114_M21.rds",TRUE,"elk-287","gamma",TRUE,114,0,0,5.12159203935901e-06,1
"elk-287_gamma_joint_130_H2.rds",TRUE,"elk-287","gamma",TRUE,130,0,0,1.39834810397448e-06,1
"elk-287_gamma_joint_130_H3.rds",TRUE,"elk-287","gamma",TRUE,130,0,0,3.55328211300528e-05,4
"elk-287_gamma_joint_130_M21.rds",TRUE,"elk-287","gamma",TRUE,130,0,0,0.000783865061752224,1
"elk-287_gamma_joint_146_H2.rds",TRUE,"elk-287","gamma",TRUE,146,0,0,4.11546352549554e-06,1
"elk-287_gamma_joint_146_H3.rds",TRUE,"elk-287","gamma",TRUE,146,0,0,0.00012008740668589,3
"elk-287_gamma_joint_146_M21.rds",TRUE,"elk-287","gamma",TRUE,146,0,0,0.00013788508113129,1
"elk-287_gamma_joint_81_H2.rds",TRUE,"elk-287","gamma",TRUE,81,0,0,3.45607986673607e-06,1
"elk-287_gamma_joint_81_H3.rds",TRUE,"elk-287","gamma",TRUE,81,0,0,9.29276211536527e-05,3
"elk-287_gamma_joint_81_M21.rds",TRUE,"elk-287","gamma",TRUE,81,0,0,4.9033133109352e-05,1
"elk-287_gamma_joint_97_H2.rds",TRUE,"elk-287","gamma",TRUE,97,0,0,1.83604242919207e-06,1
"elk-287_gamma_joint_97_H3.rds",TRUE,"elk-287","gamma",TRUE,97,0,0,1.95200300366736e-05,2
"elk-287_gamma_joint_97_M21.rds",TRUE,"elk-287","gamma",TRUE,97,0,0,1.09935172077303e-05,1
"elk-287_gamma_rate_114_H2.rds",TRUE,"elk-287","gamma",FALSE,114,0,0,3.2400748750808e-07,1
"elk-287_gamma_rate_114_H3.rds",TRUE,"elk-287","gamma",FALSE,114,0,0,0.000160622448673933,2
"elk-287_gamma_rate_114_M21.rds",TRUE,"elk-287","gamma",FALSE,114,0,0,7.73070496506216e-07,1
"elk-287_gamma_rate_130_H2.rds",TRUE,"elk-287","gamma",FALSE,130,0,0,1.42108547151878e-06,1
"elk-287_gamma_rate_130_H3.rds",TRUE,"elk-287","gamma",FALSE,130,0,0,4.32748947803714e-05,2
"elk-287_gamma_rate_130_M21.rds",TRUE,"elk-287","gamma",FALSE,130,0,0,0.000160088120536645,1
"elk-287_gamma_rate_146_H2.rds",TRUE,"elk-287","gamma",FALSE,146,0,0,1.02318153948784e-06,1
"elk-287_gamma_rate_146_H3.rds",TRUE,"elk-287","gamma",FALSE,146,0,0,0.000727811766405246,2
"elk-287_gamma_rate_146_M21.rds",TRUE,"elk-287","gamma",FALSE,146,0,0,6.70127064945675e-05,1
"elk-287_gamma_rate_81_H2.rds",TRUE,"elk-287","gamma",FALSE,81,0,0,1.24941834655237e-05,1
"elk-287_gamma_rate_81_H3.rds",TRUE,"elk-287","gamma",FALSE,81,0,0,0.000119061382974125,3
"elk-287_gamma_rate_81_M21.rds",TRUE,"elk-287","gamma",FALSE,81,0,0,2.25554686038209e-05,1
"elk-287_gamma_rate_97_H2.rds",TRUE,"elk-287","gamma",FALSE,97,0,0,3.06954461848269e-07,1
"elk-287_gamma_rate_97_H3.rds",TRUE,"elk-287","gamma",FALSE,97,0,0,0.000380032361133328,2
"elk-287_gamma_rate_97_M21.rds",TRUE,"elk-287","gamma",FALSE,97,0,0,1.04023456514597e-06,1
"elk-287_lognormal_joint_114_H2.rds",TRUE,"elk-287","lognormal",TRUE,114,0,0,1.54045665112796e-06,1
"elk-287_lognormal_joint_114_H3.rds",TRUE,"elk-287","lognormal",TRUE,114,0,0,5.47572653906893e-05,1
"elk-287_lognormal_joint_114_M21.rds",TRUE,"elk-287","lognormal",TRUE,114,0,0,0.000213253770199178,2
"elk-287_lognormal_joint_130_H2.rds",TRUE,"elk-287","lognormal",TRUE,130,0,0,3.11331405100334e-05,1
"elk-287_lognormal_joint_130_H3.rds",TRUE,"elk-287","lognormal",TRUE,130,0,0,0.000311194980893341,3
"elk-287_lognormal_joint_130_M21.rds",TRUE,"elk-287","lognormal",TRUE,130,0,0,3.6607161746527e-05,2
"elk-287_lognormal_joint_146_H2.rds",TRUE,"elk-287","lognormal",TRUE,146,0,0,2.38742359215393e-06,1
"elk-287_lognormal_joint_146_H3.rds",TRUE,"elk-287","lognormal",TRUE,146,0,0,0.000248354581345887,1
"elk-287_lognormal_joint_146_M21.rds",TRUE,"elk-287","lognormal",TRUE,146,0,0,3.83181486540855e-05,2
"elk-287_lognormal_joint_81_H2.rds",TRUE,"elk-287","lognormal",TRUE,81,0,0,9.65201252256224e-06,1
"elk-287_lognormal_joint_81_H3.rds",TRUE,"elk-287","lognormal",TRUE,81,0,0,7.94159404907963e-05,3
"elk-287_lognormal_joint_81_M21.rds",TRUE,"elk-287","lognormal",TRUE,81,0,0,2.75178990704896e-05,1
"elk-287_lognormal_joint_97_H2.rds",TRUE,"elk-287","lognormal",TRUE,97,0,0,2.66595634458403e-06,1
"elk-287_lognormal_joint_97_H3.rds",TRUE,"elk-287","lognormal",TRUE,97,0,0,0.000102062358568445,2
"elk-287_lognormal_joint_97_M21.rds",TRUE,"elk-287","lognormal",TRUE,97,0,0,0.000275599632004466,1
"elk-287_lognormal_rate_114_H2.rds",TRUE,"elk-287","lognormal",FALSE,114,0,0,6.25277607468263e-08,1
"elk-287_lognormal_rate_114_H3.rds",TRUE,"elk-287","lognormal",FALSE,114,0,0,0.00023622988010151,1
"elk-287_lognormal_rate_114_M21.rds",TRUE,"elk-287","lognormal",FALSE,114,0,0,3.63229446518184e-06,1
"elk-287_lognormal_rate_130_H2.rds",TRUE,"elk-287","lognormal",FALSE,130,0,0,1.0231815394992e-07,1
"elk-287_lognormal_rate_130_H3.rds",TRUE,"elk-287","lognormal",FALSE,130,0,0,9.24956111738085e-05,2
"elk-287_lognormal_rate_130_M21.rds",TRUE,"elk-287","lognormal",FALSE,130,0,0,4.9413984015651e-05,2
"elk-287_lognormal_rate_146_H2.rds",TRUE,"elk-287","lognormal",FALSE,146,0,0,4.37694325225354e-06,1
"elk-287_lognormal_rate_146_H3.rds",TRUE,"elk-287","lognormal",FALSE,146,0,0,0.000311877101921397,2
"elk-287_lognormal_rate_146_M21.rds",TRUE,"elk-287","lognormal",FALSE,146,0,0,6.71661837258636e-05,1
"elk-287_lognormal_rate_81_H2.rds",TRUE,"elk-287","lognormal",FALSE,81,0,0,5.68434188608103e-08,1
"elk-287_lognormal_rate_81_H3.rds",TRUE,"elk-287","lognormal",FALSE,81,0,0,2.10945927392248e-05,2
"elk-287_lognormal_rate_81_M21.rds",TRUE,"elk-287","lognormal",FALSE,81,0,0,3.58397755919026e-06,1
"elk-287_lognormal_rate_97_H2.rds",TRUE,"elk-287","lognormal",FALSE,97,0,0,9.15179043659364e-07,1
"elk-287_lognormal_rate_97_H3.rds",TRUE,"elk-287","lognormal",FALSE,97,0,0,0.000425370672016412,1
"elk-287_lognormal_rate_97_M21.rds",TRUE,"elk-287","lognormal",FALSE,97,0,0,2.58637555814982e-06,1
"elk-287_truncated_normal_joint_114_H2.rds",TRUE,"elk-287","truncated_normal",TRUE,114,0,0,4.27462509832849e-06,2
"elk-287_truncated_normal_joint_114_H3.rds",TRUE,"elk-287","truncated_normal",TRUE,114,0,0,0.000117961462819176,2
"elk-287_truncated_normal_joint_114_M21.rds",TRUE,"elk-287","truncated_normal",TRUE,114,0,0,0.000501165686728394,1
"elk-287_truncated_normal_joint_130_H2.rds",TRUE,"elk-287","truncated_normal",TRUE,130,0,0,2.99564817396159e-06,2
"elk-287_truncated_normal_joint_130_H3.rds",TRUE,"elk-287","truncated_normal",TRUE,130,0,0,0.000226106067202724,4
"elk-287_truncated_normal_joint_130_M21.rds",TRUE,"elk-287","truncated_normal",TRUE,130,0,0,8.68340066521655e-05,3
"elk-287_truncated_normal_joint_146_H2.rds",TRUE,"elk-287","truncated_normal",TRUE,146,0,0,3.03657543555818e-05,1
"elk-287_truncated_normal_joint_146_H3.rds",TRUE,"elk-287","truncated_normal",TRUE,146,0,0,0.000202896899289449,2
"elk-287_truncated_normal_joint_146_M21.rds",TRUE,"elk-287","truncated_normal",TRUE,146,0,0,0.00111389226731305,2
"elk-287_truncated_normal_joint_81_H2.rds",TRUE,"elk-287","truncated_normal",TRUE,81,0,0,9.37916411197188e-07,1
"elk-287_truncated_normal_joint_81_H3.rds",TRUE,"elk-287","truncated_normal",TRUE,81,0,0,0.000265993094218476,2
"elk-287_truncated_normal_joint_81_M21.rds",TRUE,"elk-287","truncated_normal",TRUE,81,0,0,0.000242818032346123,2
"elk-287_truncated_normal_joint_97_H2.rds",TRUE,"elk-287","truncated_normal",TRUE,97,0,0,8.46966941026368e-07,1
"elk-287_truncated_normal_joint_97_H3.rds",TRUE,"elk-287","truncated_normal",TRUE,97,0,0,0.000271364797299717,1
"elk-287_truncated_normal_joint_97_M21.rds",TRUE,"elk-287","truncated_normal",TRUE,97,0,0,0.000265026756096734,2
"elk-287_truncated_normal_rate_114_H2.rds",TRUE,"elk-287","truncated_normal",FALSE,114,0,0,2.12480699701783e-05,1
"elk-287_truncated_normal_rate_114_H3.rds",TRUE,"elk-287","truncated_normal",FALSE,114,0,0,8.18999978946839e-05,3
"elk-287_truncated_normal_rate_114_M21.rds",TRUE,"elk-287","truncated_normal",FALSE,114,0,0,8.39690983415677e-05,1
"elk-287_truncated_normal_rate_130_H2.rds",TRUE,"elk-287","truncated_normal",FALSE,130,0,0,1.25055521493826e-06,2
"elk-287_truncated_normal_rate_130_H3.rds",TRUE,"elk-287","truncated_normal",FALSE,130,0,0,0.000636180175206638,3
"elk-287_truncated_normal_rate_130_M21.rds",TRUE,"elk-287","truncated_normal",FALSE,130,0,0,0.000521202991876837,2
"elk-287_truncated_normal_rate_146_H2.rds",TRUE,"elk-287","truncated_normal",FALSE,146,0,0,3.0775026971232e-05,2
"elk-287_truncated_normal_rate_146_H3.rds",TRUE,"elk-287","truncated_normal",FALSE,146,0,0,0.000335757022185265,2
"elk-287_truncated_normal_rate_146_M21.rds",TRUE,"elk-287","truncated_normal",FALSE,146,0,0,0.00011607994565554,2
"elk-287_truncated_normal_rate_81_H2.rds",TRUE,"elk-287","truncated_normal",FALSE,81,0,0,1.52908796735633e-06,1
"elk-287_truncated_normal_rate_81_H3.rds",TRUE,"elk-287","truncated_normal",FALSE,81,0,0,0.000235186803364109,1
"elk-287_truncated_normal_rate_81_M21.rds",TRUE,"elk-287","truncated_normal",FALSE,81,0,0,1.01920250017468e-05,1
"elk-287_truncated_normal_rate_97_H2.rds",TRUE,"elk-287","truncated_normal",FALSE,97,0,0,1.57683643919943e-05,1
"elk-287_truncated_normal_rate_97_H3.rds",TRUE,"elk-287","truncated_normal",FALSE,97,0,0,0.000739555616746943,1
"elk-287_truncated_normal_rate_97_M21.rds",TRUE,"elk-287","truncated_normal",FALSE,97,0,0,3.70903308066401e-05,1
"elk-287_weibull_joint_114_H2.rds",TRUE,"elk-287","weibull",TRUE,114,0,0,1.59730006997824e-06,1
"elk-287_weibull_joint_114_H3.rds",TRUE,"elk-287","weibull",TRUE,114,0,0,7.0065198087373e-05,2
"elk-287_weibull_joint_114_M21.rds",TRUE,"elk-287","weibull",TRUE,114,0,0,0.000167045755005162,1
"elk-287_weibull_joint_130_H2.rds",TRUE,"elk-287","weibull",TRUE,130,0,0,3.20028448186029e-06,1
"elk-287_weibull_joint_130_H3.rds",TRUE,"elk-287","weibull",TRUE,130,0,0,0.000357437102140274,2
"elk-287_weibull_joint_130_M21.rds",TRUE,"elk-287","weibull",TRUE,130,0,0,0.00012004761629202,1
"elk-287_weibull_joint_146_H2.rds",TRUE,"elk-287","weibull",TRUE,146,0,0,2.8990143619012e-06,1
"elk-287_weibull_joint_146_H3.rds",TRUE,"elk-287","weibull",TRUE,146,0,0,0.000602443606115243,2
"elk-287_weibull_joint_146_M21.rds",TRUE,"elk-287","weibull",TRUE,146,0,0,0.000140204292620821,1
"elk-287_weibull_joint_81_H2.rds",TRUE,"elk-287","weibull",TRUE,81,0,0,1.02431840787145e-05,1
"elk-287_weibull_joint_81_H3.rds",TRUE,"elk-287","weibull",TRUE,81,0,0,4.32294200436463e-05,2
"elk-287_weibull_joint_81_M21.rds",TRUE,"elk-287","weibull",TRUE,81,0,0,4.64979166278363e-06,1
"elk-287_weibull_joint_97_H2.rds",TRUE,"elk-287","weibull",TRUE,97,0,0,2.33058017330374e-07,1
"elk-287_weibull_joint_97_H3.rds",TRUE,"elk-287","weibull",TRUE,97,0,0,0.000171183955905804,2
"elk-287_weibull_joint_97_M21.rds",TRUE,"elk-287","weibull",TRUE,97,0,0,2.17653450816608e-05,1
"elk-287_weibull_rate_114_H2.rds",TRUE,"elk-287","weibull",FALSE,114,0,0,3.52429196936657e-07,1
"elk-287_weibull_rate_114_H3.rds",TRUE,"elk-287","weibull",FALSE,114,0,0,8.36507751987319e-05,2
"elk-287_weibull_rate_114_M21.rds",TRUE,"elk-287","weibull",FALSE,114,0,0,1.84741111297698e-06,1
"elk-287_weibull_rate_130_H2.rds",TRUE,"elk-287","weibull",FALSE,130,0,0,1.64845914695263e-07,1
"elk-287_weibull_rate_130_H3.rds",TRUE,"elk-287","weibull",FALSE,130,0,0,0.000181734094446769,2
"elk-287_weibull_rate_130_M21.rds",TRUE,"elk-287","weibull",FALSE,130,0,0,5.39841948917557e-05,1
"elk-287_weibull_rate_146_H2.rds",TRUE,"elk-287","weibull",FALSE,146,0,0,2.54090082307734e-06,1
"elk-287_weibull_rate_146_H3.rds",TRUE,"elk-287","weibull",FALSE,146,0,0,0.000171490910361952,1
"elk-287_weibull_rate_146_M21.rds",TRUE,"elk-287","weibull",FALSE,146,0,0,0.000308250491798081,1
"elk-287_weibull_rate_81_H2.rds",TRUE,"elk-287","weibull",FALSE,81,0,0,2.984279490206e-07,1
"elk-287_weibull_rate_81_H3.rds",TRUE,"elk-287","weibull",FALSE,81,0,0,2.05432115761614e-05,3
"elk-287_weibull_rate_81_M21.rds",TRUE,"elk-287","weibull",FALSE,81,0,0,6.34088337388159e-06,1
"elk-287_weibull_rate_97_H2.rds",TRUE,"elk-287","weibull",FALSE,97,0,0,4.32009983339311e-07,1
"elk-287_weibull_rate_97_H3.rds",TRUE,"elk-287","weibull",FALSE,97,0,0,0.000734661398377928,2
"elk-287_weibull_rate_97_M21.rds",TRUE,"elk-287","weibull",FALSE,97,0,0,7.27595761417615e-07,1
"elk-363_gamma_joint_108_H2.rds",TRUE,"elk-363","gamma",TRUE,108,0,0,4.80326889373347e-06,1
"elk-363_gamma_joint_108_H3.rds",TRUE,"elk-363","gamma",TRUE,108,0,0,0.000580973846808193,2
"elk-363_gamma_joint_108_M21.rds",TRUE,"elk-363","gamma",TRUE,108,0,0,2.05886863114784e-05,2
"elk-363_gamma_joint_130_H2.rds",TRUE,"elk-363","gamma",TRUE,130,0,0,4.96243046651603e-06,1
"elk-363_gamma_joint_130_H3.rds",TRUE,"elk-363","gamma",TRUE,130,0,0,0.000325093196808327,1
"elk-363_gamma_joint_130_M21.rds",TRUE,"elk-363","gamma",TRUE,130,0,0,5.05906427857877e-05,1
"elk-363_gamma_joint_151_H2.rds",TRUE,"elk-363","gamma",TRUE,151,0,0,1.45519152283523e-05,1
"elk-363_gamma_joint_151_H3.rds",TRUE,"elk-363","gamma",TRUE,151,0,0,0.000209081463253615,1
"elk-363_gamma_joint_151_M21.rds",TRUE,"elk-363","gamma",TRUE,151,0,0,0.000206819095183244,1
"elk-363_gamma_joint_173_H2.rds",TRUE,"elk-363","gamma",TRUE,173,0,0,4.88853402205174e-07,1
"elk-363_gamma_joint_173_H3.rds",TRUE,"elk-363","gamma",TRUE,173,0,0,0.000397528765460777,1
"elk-363_gamma_joint_173_M21.rds",TRUE,"elk-363","gamma",TRUE,173,0,0,2.68414623861957e-05,1
"elk-363_gamma_joint_195_H2.rds",TRUE,"elk-363","gamma",TRUE,195,0,1,3.1252511689641e-05,1
"elk-363_gamma_joint_195_H3.rds",TRUE,"elk-363","gamma",TRUE,195,0,0,0.000130614807858234,1
"elk-363_gamma_joint_195_M21.rds",TRUE,"elk-363","gamma",TRUE,195,0,0,0.000366719632436214,2
"elk-363_gamma_rate_108_H2.rds",TRUE,"elk-363","gamma",FALSE,108,0,0,1.82467374543011e-06,1
"elk-363_gamma_rate_108_H3.rds",TRUE,"elk-363","gamma",FALSE,108,0,0,0.000121872290042186,2
"elk-363_gamma_rate_108_M21.rds",TRUE,"elk-363","gamma",FALSE,108,0,0,0.000173622538568278,2
"elk-363_gamma_rate_130_H2.rds",TRUE,"elk-363","gamma",FALSE,130,0,0,9.35074240254166e-06,1
"elk-363_gamma_rate_130_H3.rds",TRUE,"elk-363","gamma",FALSE,130,0,0,0.000208382289200471,2
"elk-363_gamma_rate_130_M21.rds",TRUE,"elk-363","gamma",FALSE,130,0,0,6.37214725432558e-06,1
"elk-363_gamma_rate_151_H2.rds",TRUE,"elk-363","gamma",FALSE,151,0,0,3.34239302903072e-06,1
"elk-363_gamma_rate_151_H3.rds",TRUE,"elk-363","gamma",FALSE,151,0,0,0.000241811903832293,2
"elk-363_gamma_rate_151_M21.rds",TRUE,"elk-363","gamma",FALSE,151,0,0,0.000110503606265914,1
"elk-363_gamma_rate_173_H2.rds",TRUE,"elk-363","gamma",FALSE,173,0,0,6.76436684439184e-07,1
"elk-363_gamma_rate_173_H3.rds",TRUE,"elk-363","gamma",FALSE,173,0,0,0.000108809672382646,2
"elk-363_gamma_rate_173_M21.rds",TRUE,"elk-363","gamma",FALSE,173,0,0,8.85165718499617e-05,1
"elk-363_gamma_rate_195_H2.rds",TRUE,"elk-363","gamma",FALSE,195,0,0,2.04749994736426e-05,1
"elk-363_gamma_rate_195_H3.rds",TRUE,"elk-363","gamma",FALSE,195,0,0,0.00044481112126915,3
"elk-363_gamma_rate_195_M21.rds",TRUE,"elk-363","gamma",FALSE,195,0,0,2.70574673778678e-06,1
"elk-363_lognormal_joint_108_H2.rds",TRUE,"elk-363","lognormal",TRUE,108,0,0,1.53477230924028e-06,1
"elk-363_lognormal_joint_108_H3.rds",TRUE,"elk-363","lognormal",TRUE,108,0,0,8.88292106571476e-05,2
"elk-363_lognormal_joint_108_M21.rds",TRUE,"elk-363","lognormal",TRUE,108,0,0,0.000115477405416257,1
"elk-363_lognormal_joint_130_H2.rds",TRUE,"elk-363","lognormal",TRUE,130,0,0,0.000382209464078335,1
"elk-363_lognormal_joint_130_H3.rds",TRUE,"elk-363","lognormal",TRUE,130,0,0,0.000197400140685401,1
"elk-363_lognormal_joint_130_M21.rds",TRUE,"elk-363","lognormal",TRUE,130,0,0,0.000126783561427019,1
"elk-363_lognormal_joint_151_H2.rds",TRUE,"elk-363","lognormal",TRUE,151,0,0,3.68345354215623e-05,1
"elk-363_lognormal_joint_151_H3.rds",TRUE,"elk-363","lognormal",TRUE,151,0,0,8.22751644591654e-05,1
"elk-363_lognormal_joint_151_M21.rds",TRUE,"elk-363","lognormal",TRUE,151,0,0,5.47174749950553e-05,1
"elk-363_lognormal_joint_173_H2.rds",TRUE,"elk-363","lognormal",TRUE,173,0,0,2.94448909698691e-06,1
"elk-363_lognormal_joint_173_H3.rds",TRUE,"elk-363","lognormal",TRUE,173,0,0,0.000493832885695347,1
"elk-363_lognormal_joint_173_M21.rds",TRUE,"elk-363","lognormal",TRUE,173,0,0,0.000224974883167393,1
"elk-363_lognormal_joint_195_H2.rds",TRUE,"elk-363","lognormal",TRUE,195,0,0,0.000137038114189499,1
"elk-363_lognormal_joint_195_H3.rds",TRUE,"elk-363","lognormal",TRUE,195,0,0,0.000384943632525007,1
"elk-363_lognormal_joint_195_M21.rds",TRUE,"elk-363","lognormal",TRUE,195,0,0,1.78147274709594e-05,1
"elk-363_lognormal_rate_108_H2.rds",TRUE,"elk-363","lognormal",FALSE,108,0,0,1.45632839122053e-05,1
"elk-363_lognormal_rate_108_H3.rds",TRUE,"elk-363","lognormal",FALSE,108,0,0,2.41755060413433e-05,2
"elk-363_lognormal_rate_108_M21.rds",TRUE,"elk-363","lognormal",FALSE,108,0,0,5.07554887007647e-05,1
"elk-363_lognormal_rate_130_H2.rds",TRUE,"elk-363","lognormal",FALSE,130,0,0,1.05728759081584e-06,1
"elk-363_lognormal_rate_130_H3.rds",TRUE,"elk-363","lognormal",FALSE,130,0,0,0.000237292852035523,1
"elk-363_lognormal_rate_130_M21.rds",TRUE,"elk-363","lognormal",FALSE,130,0,0,2.14299689106221e-06,1
"elk-363_lognormal_rate_151_H2.rds",TRUE,"elk-363","lognormal",FALSE,151,0,0,4.32009983344107e-07,1
"elk-363_lognormal_rate_151_H3.rds",TRUE,"elk-363","lognormal",FALSE,151,0,0,0.000163180402522653,2
"elk-363_lognormal_rate_151_M21.rds",TRUE,"elk-363","lognormal",FALSE,151,0,0,9.85096448862286e-06,1
"elk-363_lognormal_rate_173_H2.rds",TRUE,"elk-363","lognormal",FALSE,173,0,0,3.16049408865776e-06,1
"elk-363_lognormal_rate_173_H3.rds",TRUE,"elk-363","lognormal",FALSE,173,0,0,1.37731603904952e-05,2
"elk-363_lognormal_rate_173_M21.rds",TRUE,"elk-363","lognormal",FALSE,173,0,0,1.02318153948784e-07,3
"elk-363_lognormal_rate_195_H2.rds",TRUE,"elk-363","lognormal",FALSE,195,0,0,1.53477230923176e-06,1
"elk-363_lognormal_rate_195_H3.rds",TRUE,"elk-363","lognormal",FALSE,195,0,0,9.2927621153556e-05,1
"elk-363_lognormal_rate_195_M21.rds",TRUE,"elk-363","lognormal",FALSE,195,0,0,7.42488737160162e-05,1
"elk-363_truncated_normal_joint_108_H2.rds",TRUE,"elk-363","truncated_normal",TRUE,108,0,0,9.67929736360871e-05,1
"elk-363_truncated_normal_joint_108_H3.rds",TRUE,"elk-363","truncated_normal",TRUE,108,0,0,0.000303089109365525,2
"elk-363_truncated_normal_joint_108_M21.rds",TRUE,"elk-363","truncated_normal",TRUE,108,0,0,0.000116307319330983,1
"elk-363_truncated_normal_joint_130_H2.rds",TRUE,"elk-363","truncated_normal",TRUE,130,0,0,1.30967237055171e-05,1
"elk-363_truncated_normal_joint_130_H3.rds",TRUE,"elk-363","truncated_normal",TRUE,130,0,0,0.000127982957564981,2
"elk-363_truncated_normal_joint_130_M21.rds",TRUE,"elk-363","truncated_normal",TRUE,130,0,0,3.61410457116656e-05,1
"elk-363_truncated_normal_joint_151_H2.rds",TRUE,"elk-363","truncated_normal",TRUE,151,0,0,0.000210661710297944,1
"elk-363_truncated_normal_joint_151_H3.rds",TRUE,"elk-363","truncated_normal",TRUE,151,0,0,0.000425427515437634,2
"elk-363_truncated_normal_joint_151_M21.rds",TRUE,"elk-363","truncated_normal",TRUE,151,0,0,3.2309799280451e-05,1
"elk-363_truncated_normal_joint_173_H2.rds",TRUE,"elk-363","truncated_normal",TRUE,173,0,0,0.000164209268404938,1
"elk-363_truncated_normal_joint_173_H3.rds",TRUE,"elk-363","truncated_normal",TRUE,173,0,0,0.000127806742966513,1
"elk-363_truncated_normal_joint_173_M21.rds",TRUE,"elk-363","truncated_normal",TRUE,173,0,0,5.87647264183261e-05,2
"elk-363_truncated_normal_joint_195_H2.rds",TRUE,"elk-363","truncated_normal",TRUE,195,0,0,1.52340362546813e-06,2
"elk-363_truncated_normal_joint_195_H3.rds",TRUE,"elk-363","truncated_normal",TRUE,195,0,0,0.000345949047186532,1
"elk-363_truncated_normal_joint_195_M21.rds",TRUE,"elk-363","truncated_normal",TRUE,195,0,0,0.000152613210957345,1
"elk-363_truncated_normal_rate_108_H2.rds",TRUE,"elk-363","truncated_normal",FALSE,108,0,0,3.41742634190836e-05,1
"elk-363_truncated_normal_rate_108_H3.rds",TRUE,"elk-363","truncated_normal",FALSE,108,0,0,0.00124481402963159,5
"elk-363_truncated_normal_rate_108_M21.rds",TRUE,"elk-363","truncated_normal",FALSE,108,0,0,2.24645191337689e-05,1
"elk-363_truncated_normal_rate_130_H2.rds",TRUE,"elk-363","truncated_normal",FALSE,130,0,0,5.53086465515109e-06,1
"elk-363_truncated_normal_rate_130_H3.rds",TRUE,"elk-363","truncated_normal",FALSE,130,0,0,0.00013408225640874,1
"elk-363_truncated_normal_rate_130_M21.rds",TRUE,"elk-363","truncated_normal",FALSE,130,0,0,4.00746102968296e-06,1
"elk-363_truncated_normal_rate_151_H2.rds",TRUE,"elk-363","truncated_normal",FALSE,151,0,0,1.40516931424557e-05,1
"elk-363_truncated_normal_rate_151_H3.rds",TRUE,"elk-363","truncated_normal",FALSE,151,0,0,0.000100294528237909,2
"elk-363_truncated_normal_rate_151_M21.rds",TRUE,"elk-363","truncated_normal",FALSE,151,0,0,5.57065504835361e-06,1
"elk-363_truncated_normal_rate_173_H2.rds",TRUE,"elk-363","truncated_normal",FALSE,173,0,0,2.04465777642122e-05,1
"elk-363_truncated_normal_rate_173_H3.rds",TRUE,"elk-363","truncated_normal",FALSE,173,0,0,0.000260962451648185,2
"elk-363_truncated_normal_rate_173_M21.rds",TRUE,"elk-363","truncated_normal",FALSE,173,0,0,2.12594386539504e-06,1
"elk-363_truncated_normal_rate_195_H2.rds",TRUE,"elk-363","truncated_normal",FALSE,195,0,0,7.41238181944195e-06,2
"elk-363_truncated_normal_rate_195_H3.rds",TRUE,"elk-363","truncated_normal",FALSE,195,0,0,0.000338229710905711,1
"elk-363_truncated_normal_rate_195_M21.rds",TRUE,"elk-363","truncated_normal",FALSE,195,0,0,3.89945853384753e-06,1
"elk-363_weibull_joint_108_H2.rds",TRUE,"elk-363","weibull",TRUE,108,0,0,6.93489710101164e-07,1
"elk-363_weibull_joint_108_H3.rds",TRUE,"elk-363","weibull",TRUE,108,0,0,0.000174674141816233,2
"elk-363_weibull_joint_108_M21.rds",TRUE,"elk-363","weibull",TRUE,108,0,0,4.72368810732842e-06,2
"elk-363_weibull_joint_130_H2.rds",TRUE,"elk-363","weibull",TRUE,130,0,0,1.29773525259095e-05,1
"elk-363_weibull_joint_130_H3.rds",TRUE,"elk-363","weibull",TRUE,130,0,0,0.000141818645715688,2
"elk-363_weibull_joint_130_M21.rds",TRUE,"elk-363","weibull",TRUE,130,0,0,0.000124640564535969,1
"elk-363_weibull_joint_151_H2.rds",TRUE,"elk-363","weibull",TRUE,151,0,0,2.6375346351535e-06,1
"elk-363_weibull_joint_151_H3.rds",TRUE,"elk-363","weibull",TRUE,151,0,0,0.000487102624901549,2
"elk-363_weibull_joint_151_M21.rds",TRUE,"elk-363","weibull",TRUE,151,0,0,0.00011716565495513,1
"elk-363_weibull_joint_173_H2.rds",TRUE,"elk-363","weibull",TRUE,173,0,0,2.23963070312603e-06,1
"elk-363_weibull_joint_173_H3.rds",TRUE,"elk-363","weibull",TRUE,173,0,0,9.75660441331349e-05,1
"elk-363_weibull_joint_173_M21.rds",TRUE,"elk-363","weibull",TRUE,173,0,0,0.000224747509491638,1
"elk-363_weibull_joint_195_H2.rds",TRUE,"elk-363","weibull",TRUE,195,0,0,9.7770680440492e-07,1
"elk-363_weibull_joint_195_H3.rds",TRUE,"elk-363","weibull",TRUE,195,0,0,0.000381476183974501,1
"elk-363_weibull_joint_195_M21.rds",TRUE,"elk-363","weibull",TRUE,195,0,0,3.13661985271884e-05,1
"elk-363_weibull_rate_108_H2.rds",TRUE,"elk-363","weibull",FALSE,108,0,0,5.28643795404986e-07,1
"elk-363_weibull_rate_108_H3.rds",TRUE,"elk-363","weibull",FALSE,108,0,0,0.000293800894723678,2
"elk-363_weibull_rate_108_M21.rds",TRUE,"elk-363","weibull",FALSE,108,0,0,6.53528786642056e-05,1
"elk-363_weibull_rate_130_H2.rds",TRUE,"elk-363","weibull",FALSE,130,0,0,1.43074885271716e-05,1
"elk-363_weibull_rate_130_H3.rds",TRUE,"elk-363","weibull",FALSE,130,0,0,5.8417981563194e-05,2
"elk-363_weibull_rate_130_M21.rds",TRUE,"elk-363","weibull",FALSE,130,0,0,5.52518031323434e-06,1
"elk-363_weibull_rate_151_H2.rds",TRUE,"elk-363","weibull",FALSE,151,0,0,1.54045665113491e-06,1
"elk-363_weibull_rate_151_H3.rds",TRUE,"elk-363","weibull",FALSE,151,0,0,3.5470293370487e-05,2
"elk-363_weibull_rate_151_M21.rds",TRUE,"elk-363","weibull",FALSE,151,0,0,8.82778294908691e-06,1
"elk-363_weibull_rate_173_H2.rds",TRUE,"elk-363","weibull",FALSE,173,0,0,5.68434188607512e-07,1
"elk-363_weibull_rate_173_H3.rds",TRUE,"elk-363","weibull",FALSE,173,0,0,0.00013910721463603,4
"elk-363_weibull_rate_173_M21.rds",TRUE,"elk-363","weibull",FALSE,173,0,0,2.00827798833919e-05,1
"elk-363_weibull_rate_195_H2.rds",TRUE,"elk-363","weibull",FALSE,195,0,0,2.86490831058186e-06,1
"elk-363_weibull_rate_195_H3.rds",TRUE,"elk-363","weibull",FALSE,195,0,0,0.000163311142386938,1
"elk-363_weibull_rate_195_M21.rds",TRUE,"elk-363","weibull",FALSE,195,0,0,4.49063008999934e-06,1
