"ID","family","model","joint","n","n_parameters","log_likelihood","BIC","convergence","parameters_at_bounds"
"elk-115","gamma","M21",FALSE,193,10,-1057.30842300924,2167.24374790753,0,1
"elk-115","gamma","M22",FALSE,193,13,-1054.93602992503,2178.28703230582,0,2
"elk-115","gamma","H2",FALSE,193,7,-1077.04455805216,2190.92794742666,0,1
"elk-115","gamma","H3",FALSE,193,14,-1043.06548015108,2159.80862294683,0,2
"elk-115","gamma","H4",FALSE,193,23,-1035.66073209632,2192.36333853745,0,2
"elk-163","gamma","M21",FALSE,158,10,-816.647400516484,1683.92075136324,0,1
"elk-163","gamma","M22",FALSE,158,13,-814.615451120582,1695.04463767051,0,1
"elk-163","gamma","H2",FALSE,158,7,-823.270368828779,1681.97890288875,0,1
"elk-163","gamma","H3",FALSE,158,14,-810.057819748211,1690.9919699588,0,3
"elk-163","gamma","H4",FALSE,158,23,-803.378332063068,1723.19634988576,0,4
"elk-287","gamma","M21",FALSE,163,10,-832.115841609248,1715.10764657082,0,2
"elk-287","gamma","M22",FALSE,163,13,-829.698369550403,1725.53549145883,0,2
"elk-287","gamma","H2",FALSE,163,7,-853.444697868335,1742.5025700833,0,1
"elk-287","gamma","H3",FALSE,163,14,-827.408975332835,1726.04429935892,0,2
"elk-287","gamma","H4",FALSE,163,23,-821.403625220835,1759.82196615202,0,3
"elk-363","gamma","M21",FALSE,217,10,-1132.54266002338,2318.88429358215,0,1
"elk-363","gamma","M22",FALSE,217,13,-1131.99087906122,2333.92042371847,0,1
"elk-363","gamma","H2",FALSE,217,7,-1156.6322149984,2350.92371147158,0,1
"elk-363","gamma","H3",FALSE,217,14,-1129.50013693796,2334.31883682548,0,2
"elk-363","gamma","H4",FALSE,217,23,-1110.38709594856,2344.51183102854,0,1
"elk-115","weibull","M21",FALSE,193,10,-1058.00770099536,2168.64230387977,0,1
"elk-115","weibull","M22",FALSE,193,13,-1054.83742111344,2178.08981468264,0,1
"elk-115","weibull","H2",FALSE,193,7,-1071.63966238372,2180.11815608977,0,1
"elk-115","weibull","H3",FALSE,193,14,-1041.64592276208,2156.96950816884,0,1
"elk-115","weibull","H4",FALSE,193,23,-1034.99722654227,2191.03632742934,0,1
"elk-163","weibull","M21",FALSE,158,10,-816.87519359265,1684.37633751557,0,1
"elk-163","weibull","M22",FALSE,158,13,-814.285254749885,1694.38424492912,0,1
"elk-163","weibull","H2",FALSE,158,7,-822.413371282261,1680.26490779571,0,1
"elk-163","weibull","H3",FALSE,158,14,-810.123190703561,1691.1227118695,0,1
"elk-163","weibull","H4",FALSE,158,23,-803.117459617751,1722.67460499512,0,2
"elk-287","weibull","M21",FALSE,163,10,-830.721285450423,1712.31853425317,0,1
"elk-287","weibull","M22",FALSE,163,13,-828.839154366218,1723.81706109046,0,2
"elk-287","weibull","H2",FALSE,163,7,-854.424280982393,1744.46173631141,0,1
"elk-287","weibull","H3",FALSE,163,14,-825.744350734511,1722.71505016228,0,2
"elk-287","weibull","H4",FALSE,163,23,-820.982794966116,1758.98030564258,0,3
"elk-363","weibull","M21",FALSE,217,10,-1132.92264313781,2319.64425981101,0,1
"elk-363","weibull","M22",FALSE,217,13,-1132.33461677475,2334.60789914553,0,1
"elk-363","weibull","H2",FALSE,217,7,-1156.76084691162,2351.18097529802,0,1
"elk-363","weibull","H3",FALSE,217,14,-1129.90898220343,2335.13652735643,0,2
"elk-363","weibull","H4",FALSE,217,23,-1110.82277995802,2345.38319904748,0,1
"elk-115","lognormal","M21",FALSE,193,10,-1058.93600500613,2170.49891190131,0,1
"elk-115","lognormal","M22",FALSE,193,13,-1056.94488948901,2182.30475143378,0,1
"elk-115","lognormal","H2",FALSE,193,7,-1062.27502954959,2161.38889042152,0,1
"elk-115","lognormal","H3",FALSE,193,14,-1050.01800803975,2173.71367872417,0,1
"elk-115","lognormal","H4",FALSE,193,23,-1038.00744547961,2197.05676530402,0,2
"elk-163","lognormal","M21",FALSE,158,10,-819.510573262629,1689.64709685553,0,1
"elk-163","lognormal","M22",FALSE,158,13,-817.16830893263,1700.15035329461,0,1
"elk-163","lognormal","H2",FALSE,158,7,-824.326504009295,1684.09117324978,0,1
"elk-163","lognormal","H3",FALSE,158,14,-812.891643988814,1696.65961844,0,1
"elk-163","lognormal","H4",FALSE,158,23,-806.644946348236,1729.72957845609,0,2
"elk-287","lognormal","M21",FALSE,163,10,-840.58915637437,1732.05427610106,0,1
"elk-287","lognormal","M22",FALSE,163,13,-835.576770297875,1737.29229295377,0,2
"elk-287","lognormal","H2",FALSE,163,7,-855.848287673014,1747.30974969266,0,1
"elk-287","lognormal","H3",FALSE,163,14,-836.448527536821,1744.1234037669,0,2
"elk-287","lognormal","H4",FALSE,163,23,-826.17914387916,1769.37300346867,0,3
"elk-363","lognormal","M21",FALSE,217,10,-1134.46281048833,2322.72459451206,0,2
"elk-363","lognormal","M22",FALSE,217,13,-1133.22832138357,2336.39530836316,0,1
"elk-363","lognormal","H2",FALSE,217,7,-1139.56538428697,2316.79005004873,0,2
"elk-363","lognormal","H3",FALSE,217,14,-1128.06935173664,2331.45726642285,0,1
"elk-363","lognormal","H4",FALSE,217,23,-1112.6208409751,2348.97932108164,0,2
"elk-115","truncated_normal","M21",FALSE,193,10,-1058.65549184903,2169.93788558711,0,1
"elk-115","truncated_normal","M22",FALSE,193,13,-1056.32909293012,2181.07315831601,0,3
"elk-115","truncated_normal","H2",FALSE,193,7,-1063.39595612965,2163.63074358163,0,2
"elk-115","truncated_normal","H3",FALSE,193,14,-1043.96843546576,2161.61453357618,0,2
"elk-115","truncated_normal","H4",FALSE,193,23,-1035.26722220944,2191.57631876369,0,4
"elk-163","truncated_normal","M21",FALSE,158,10,-818.975553842312,1688.57705801489,0,2
"elk-163","truncated_normal","M22",FALSE,158,13,-817.128215830751,1700.07016709085,0,1
"elk-163","truncated_normal","H2",FALSE,158,7,-827.069578749596,1689.57732273038,0,2
"elk-163","truncated_normal","H3",FALSE,158,14,-812.714086247926,1696.30450295823,0,2
"elk-163","truncated_normal","H4",FALSE,158,23,-805.078548587828,1726.59678293528,0,4
"elk-287","truncated_normal","M21",FALSE,163,10,-831.891482588604,1714.65892852953,0,2
"elk-287","truncated_normal","M22",FALSE,163,13,-829.399469694726,1724.93769174747,0,1
"elk-287","truncated_normal","H2",FALSE,163,7,-856.90707146886,1749.42731728435,0,1
"elk-287","truncated_normal","H3",FALSE,163,14,-826.957469893921,1725.1412884811,0,3
"elk-287","truncated_normal","H4",FALSE,163,23,-821.492569892349,1759.99985549504,0,2
"elk-363","truncated_normal","M21",FALSE,217,10,-1139.88135402393,2333.56168158326,0,1
"elk-363","truncated_normal","M22",FALSE,217,13,-1134.51197796442,2338.96262152487,0,2
"elk-363","truncated_normal","H2",FALSE,217,7,-1153.53714924988,2344.73357997454,0,2
"elk-363","truncated_normal","H3",FALSE,217,14,-1131.86128887426,2339.04114069808,0,3
"elk-363","truncated_normal","H4",FALSE,217,23,-1111.61789635558,2346.97343184258,0,3
