"ID","family","joint","model","state","occupation","self_transition","observed_run_count","weighted_cos_turn","weighted_distance_open_forest"
"elk-115","gamma",FALSE,"M21",1,0.212137929792916,0.78970096094767,8,-0.0161644610122187,1174.25236898079
"elk-115","gamma",FALSE,"M21",2,0.787862070207084,0.944809606921046,7,-0.292931375094522,685.879509780689
"elk-115","gamma",FALSE,"H2",1,0.0680738492154616,0.912491867833411,2,-0.159714614158253,437.339847429713
"elk-115","gamma",FALSE,"H2",2,0.931926150784538,0.988556312042879,2,-0.240910412166121,815.204627136005
"elk-115","gamma",FALSE,"H3",1,0.0705442702514995,0.91838310075926,2,-0.169178677150731,457.677872697212
"elk-115","gamma",FALSE,"H3",2,0.534570510953266,0.966155627990601,3,-0.338143036301662,744.40312662581
"elk-115","gamma",FALSE,"H3",3,0.394885218795234,0.954174898737936,3,-0.106334532912147,909.781852304492
"elk-163","gamma",FALSE,"M21",1,0.70339675022929,0.962734606375608,3,-0.191581748093669,13848.4258668989
"elk-163","gamma",FALSE,"M21",2,0.29660324977071,0.915377693420377,2,-0.354648751422227,19375.536817562
"elk-163","gamma",FALSE,"H2",1,0.486061942423935,0.906525391941476,5,-0.309824198656421,19524.700117963
"elk-163","gamma",FALSE,"H2",2,0.513938057576065,0.902337694424048,5,-0.173640866251919,11669.8329374825
"elk-163","gamma",FALSE,"H3",1,0.352805604733265,0.870791507656856,7,-0.332126479331725,17686.7340749274
"elk-163","gamma",FALSE,"H3",2,0.482657478823781,0.824157247340133,13,-0.178098133913333,16014.9158167672
"elk-163","gamma",FALSE,"H3",3,0.164536916442953,0.350191867359741,17,-0.225013736633172,9226.42265803009
"elk-287","gamma",FALSE,"M21",1,0.55872356323343,0.989015326413953,1,0.188112564915758,9866.43707832577
"elk-287","gamma",FALSE,"M21",2,0.44127643676657,0.999993855825398,1,-0.320395841537031,39915.9525314651
"elk-287","gamma",FALSE,"H2",1,0.723985649996583,0.93531284351256,7,-0.197251713248746,28524.7117884345
"elk-287","gamma",FALSE,"H2",2,0.276014350003417,0.832152453377039,6,0.377382570517199,8967.28079139166
"elk-287","gamma",FALSE,"H3",1,0.319566345001055,0.728388567397927,14,-0.0312626344509868,11697.6662197651
"elk-287","gamma",FALSE,"H3",2,0.439271667880945,0.999993263938537,1,-0.318933909382566,39913.5646816759
"elk-287","gamma",FALSE,"H3",3,0.241161987118,0.665517444387974,13,0.466339269912177,7694.00533863903
"elk-363","gamma",FALSE,"M21",1,0.949381124576189,0.995145956591018,1,-0.126313581914752,9070.42606374545
"elk-363","gamma",FALSE,"M21",2,0.050618875423811,0.999993855825398,1,-0.129681191031162,41241.7591405264
"elk-363","gamma",FALSE,"H2",1,0.573838430157797,0.77853285956686,16,-0.226749744470943,9397.95857082995
"elk-363","gamma",FALSE,"H2",2,0.426161569842203,0.70773392997984,16,0.0102626361078869,12450.6603773976
"elk-363","gamma",FALSE,"H3",1,0.0506313814135889,0.999993234712912,1,-0.129569613662398,41241.7585503005
"elk-363","gamma",FALSE,"H3",2,0.662934679489257,0.780343096398182,27,-0.20866486011977,9736.98649923814
"elk-363","gamma",FALSE,"H3",3,0.286433939097154,0.507702331464924,26,0.0629428534103508,7526.30620652354
"elk-115","gamma",TRUE,"M21",1,0.216313414353329,0.80004742707093,8,0.0215692766142461,1161.18197419441
"elk-115","gamma",TRUE,"M21",2,0.783686585646671,0.946209814189766,7,-0.304571791277189,686.88515209269
"elk-115","gamma",TRUE,"H2",1,0.0680537506453091,0.913228516470837,2,-0.156284697532105,436.808753564728
"elk-115","gamma",TRUE,"H2",2,0.931946249354691,0.988616003378371,2,-0.241160515262188,815.235260219935
"elk-115","gamma",TRUE,"H3",1,0.0711165430260833,0.897507676747456,2,-0.156480624945372,444.790717646374
"elk-115","gamma",TRUE,"H3",2,0.829900416835001,0.951278009950641,7,-0.28784396064806,676.55723112148
"elk-115","gamma",TRUE,"H3",3,0.0989830401389154,0.591497327854519,7,0.169243454522713,1983.92381657804
"elk-163","gamma",TRUE,"M21",1,0.600672387054724,0.936394726026025,4,-0.139833025266558,12390.502553595
"elk-163","gamma",TRUE,"M21",2,0.399327612945276,0.909163097270186,4,-0.389721585805971,20146.7465064476
"elk-163","gamma",TRUE,"H2",1,0.522109179856891,0.9153775216478,5,-0.156314858442881,11520.0529633856
"elk-163","gamma",TRUE,"H2",2,0.477890820143109,0.917665330651455,5,-0.330852391055633,19822.6438608945
"elk-163","gamma",TRUE,"H3",1,0.489192132931484,0.790128824934275,18,-0.144507288523625,15506.4229827146
"elk-163","gamma",TRUE,"H3",2,0.177769760608914,0.342004859885522,19,-0.256922715226219,9601.61828447259
"elk-163","gamma",TRUE,"H3",3,0.333038106459602,0.887965319847918,4,-0.372319506242294,18602.3379895704
"elk-287","gamma",TRUE,"M21",1,0.566021290266374,0.989160726152476,1,0.188084289722042,10258.4697139351
"elk-287","gamma",TRUE,"M21",2,0.433978709733626,0.999993855825398,1,-0.328910371348021,39909.9484189904
"elk-287","gamma",TRUE,"H2",1,0.792789907107471,0.911422852668667,12,-0.209510018763655,27066.1405522134
"elk-287","gamma",TRUE,"H2",2,0.207210092892529,0.663734898647575,11,0.614727901657168,8053.74442241874
"elk-287","gamma",TRUE,"H3",1,0.331209502108554,0.714190203542271,15,-0.0564808898668626,12071.0788082281
"elk-287","gamma",TRUE,"H3",2,0.432044603109719,0.999993233061609,1,-0.326989566302574,39907.5679599057
"elk-287","gamma",TRUE,"H3",3,0.236745894781726,0.626059256978316,14,0.516167051167566,7969.19762216199
"elk-363","gamma",TRUE,"M21",1,0.949363622267173,0.995145890868771,1,-0.126321391540543,9069.8327474829
"elk-363","gamma",TRUE,"M21",2,0.0506363777328273,0.999993855825398,1,-0.129501636115601,41241.7630954538
"elk-363","gamma",TRUE,"H2",1,0.729051314486028,0.844118947527794,18,-0.293767073355797,11689.9062421814
"elk-363","gamma",TRUE,"H2",2,0.270948685513971,0.583643038062266,17,0.316779465452838,8032.37428064189
"elk-363","gamma",TRUE,"H3",1,0.331005756111687,0.582133008919707,22,0.254469294171705,8009.46902241089
"elk-363","gamma",TRUE,"H3",2,0.0506722040576711,0.999981676259431,1,-0.129197582138316,41241.758058069
"elk-363","gamma",TRUE,"H3",3,0.618322039830642,0.7688504293079,23,-0.3317207270829,9635.61259562575
"elk-115","weibull",FALSE,"M21",1,0.213365824826867,0.793326347053988,8,-0.0147534185222882,1172.16758480162
"elk-115","weibull",FALSE,"M21",2,0.786634175173133,0.945371999959296,7,-0.293736829342429,685.682659812253
"elk-115","weibull",FALSE,"H2",1,0.0670716738636496,0.912626189355506,2,-0.154628654589139,429.762224032725
"elk-115","weibull",FALSE,"H2",2,0.93292832613635,0.988672109411457,2,-0.24119039302292,815.343498593732
"elk-115","weibull",FALSE,"H3",1,0.0703344393379957,0.919229887417016,2,-0.169167324177117,456.041374083369
"elk-115","weibull",FALSE,"H3",2,0.521453836526475,0.966803308986629,3,-0.340220693651142,743.737208272915
"elk-115","weibull",FALSE,"H3",3,0.40821172413553,0.957585848885816,3,-0.111225329075642,905.368122139623
"elk-163","weibull",FALSE,"M21",1,0.710862929180309,0.964648898520885,3,-0.19346301255841,13943.8919050684
"elk-163","weibull",FALSE,"M21",2,0.289137070819691,0.917031376828329,2,-0.35427547862574,19283.5497609899
"elk-163","weibull",FALSE,"H2",1,0.452644789936828,0.917786657830694,5,-0.32188075370753,19965.9124639856
"elk-163","weibull",FALSE,"H2",2,0.547355210063172,0.923604564192528,5,-0.171965387657123,11784.5204813279
"elk-163","weibull",FALSE,"H3",1,0.348114196812348,0.867272926049316,8,-0.326830905362691,17218.9133320181
"elk-163","weibull",FALSE,"H3",2,0.506891821369078,0.865921622049517,9,-0.187263336482674,16244.4591791456
"elk-163","weibull",FALSE,"H3",3,0.144993981818573,0.377748680968585,13,-0.21662788176817,8686.24501432853
"elk-287","weibull",FALSE,"M21",1,0.559491845003181,0.989034406283278,1,0.187533466314305,9908.31750385152
"elk-287","weibull",FALSE,"M21",2,0.440508154996819,0.999993855825398,1,-0.320555270023725,39915.1687511185
"elk-287","weibull",FALSE,"H2",1,0.268151149992688,0.817720952314864,6,0.383981427174501,8999.50534177053
"elk-287","weibull",FALSE,"H2",2,0.731848850007312,0.932526292259284,7,-0.19346375593033,28302.773826974
"elk-287","weibull",FALSE,"H3",1,0.323227628109244,0.7253377977239,15,-0.0340851528781307,11697.466652951
"elk-287","weibull",FALSE,"H3",2,0.438940159489332,0.999993189487091,1,-0.31914107240474,39913.1758433314
"elk-287","weibull",FALSE,"H3",3,0.237832212401424,0.652508128659338,14,0.477050074530578,7678.27029859547
"elk-363","weibull",FALSE,"M21",1,0.949407312312793,0.995145953288024,1,-0.126304329154207,9071.31344675225
"elk-363","weibull",FALSE,"M21",2,0.0505926876872074,0.999993855825398,1,-0.129894603836835,41241.7592686344
"elk-363","weibull",FALSE,"H2",1,0.223633074496774,0.464282056703677,22,0.118045019536598,7611.53336299062
"elk-363","weibull",FALSE,"H2",2,0.776366925503226,0.844744569979871,23,-0.198139126328221,11588.2218340833
"elk-363","weibull",FALSE,"H3",1,0.0505830319115622,0.999993328667186,1,-0.129968567415862,41241.7596521958
"elk-363","weibull",FALSE,"H3",2,0.685765239606537,0.7899331306355,26,-0.205115116584465,9740.39920923066
"elk-363","weibull",FALSE,"H3",3,0.2636517284819,0.471085416574559,25,0.0773186980232531,7332.18148786864
"elk-115","weibull",TRUE,"M21",1,0.21917326596005,0.805615173039,8,0.0300440534033114,1159.9788676254
"elk-115","weibull",TRUE,"M21",2,0.78082673403995,0.946829842371865,7,-0.308088895205438,685.485699838963
"elk-115","weibull",TRUE,"H2",1,0.0670325085496687,0.91332571339744,2,-0.150290212807319,429.169976136377
"elk-115","weibull",TRUE,"H2",2,0.932967491450331,0.988730703984493,2,-0.241500191158981,815.369864411102
"elk-115","weibull",TRUE,"H3",1,0.413664102615162,0.957699414750559,3,-0.0983011362040532,909.01987222119
"elk-115","weibull",TRUE,"H3",2,0.0699716384989476,0.91867359001542,2,-0.163683336646736,453.083670382372
"elk-115","weibull",TRUE,"H3",3,0.51636425888589,0.96611716996718,3,-0.353485640795071,739.303726068515
"elk-163","weibull",TRUE,"M21",1,0.535070853779103,0.92245570718539,5,-0.143643606413414,11527.6141371251
"elk-163","weibull",TRUE,"M21",2,0.464929146220897,0.920616334555201,5,-0.350128701224533,20045.4083682964
"elk-163","weibull",TRUE,"H2",1,0.449780229785866,0.923242247601628,5,-0.339880418159159,20245.2813476194
"elk-163","weibull",TRUE,"H2",2,0.550219770214134,0.928733558850898,5,-0.157869812488006,11598.7428761664
"elk-163","weibull",TRUE,"H3",1,0.50533790942935,0.855059942268332,10,-0.164652881889067,15925.3361677618
"elk-163","weibull",TRUE,"H3",2,0.148770511531737,0.371848662849398,13,-0.238122514935642,8992.24232829039
"elk-163","weibull",TRUE,"H3",3,0.345891579038912,0.868953875756579,7,-0.351588672096983,17642.315481317
"elk-287","weibull",TRUE,"M21",1,0.566157130939294,0.989164167690407,1,0.187760852434727,10265.8000721336
"elk-287","weibull",TRUE,"M21",2,0.433842869060706,0.999993855825398,1,-0.32865474156787,39909.6666170875
"elk-287","weibull",TRUE,"H2",1,0.204544856493926,0.656711320421181,11,0.620140154781338,7996.91332214991
"elk-287","weibull",TRUE,"H2",2,0.795455143506074,0.911037756766832,12,-0.208129412271672,27017.0516485088
"elk-287","weibull",TRUE,"H3",1,0.330084749866075,0.713103803428643,15,-0.056021025617916,12022.0522940418
"elk-287","weibull",TRUE,"H3",2,0.433159738392196,0.99999343082768,1,-0.32586440451888,39908.4164287844
"elk-287","weibull",TRUE,"H3",3,0.236755511741729,0.625914696616145,14,0.514729662470573,7905.05287917437
"elk-363","weibull",TRUE,"M21",1,0.949370010747518,0.995146309861744,1,-0.126320206342623,9070.04923604957
"elk-363","weibull",TRUE,"M21",2,0.0506299892524823,0.999993855825398,1,-0.129529164562035,41241.7631347945
"elk-363","weibull",TRUE,"H2",1,0.774627351856939,0.875108462241386,16,-0.271573903220323,11705.6489664811
"elk-363","weibull",TRUE,"H2",2,0.225372648143061,0.5734558776804,15,0.363796326240482,7238.6197604122
"elk-363","weibull",TRUE,"H3",1,0.050654376926524,0.999983561771143,1,-0.129321960821247,41241.7589299588
"elk-363","weibull",TRUE,"H3",2,0.348714644820298,0.605112740820387,24,0.237693646234167,7779.10962157292
"elk-363","weibull",TRUE,"H3",3,0.600630978253179,0.763063636721406,25,-0.339307846522781,9818.23769974659
"elk-115","lognormal",FALSE,"M21",1,0.915905961214121,0.98104528467307,3,-0.240319146450183,821.710273635074
"elk-115","lognormal",FALSE,"M21",2,0.0840940387858787,0.845573603632938,3,-0.181585989869523,438.46840534179
"elk-115","lognormal",FALSE,"H2",1,0.913322278960711,0.979264844962388,3,-0.240331618473817,821.744879066251
"elk-115","lognormal",FALSE,"H2",2,0.0866777210392887,0.831153693125992,3,-0.183206030838477,449.52740979082
"elk-115","lognormal",FALSE,"H3",1,0.105879758133477,0.712448596466525,6,-0.125626788349396,466.812105875801
"elk-115","lognormal",FALSE,"H3",2,0.0858683838272392,0.621794455323186,6,0.128496830201891,2121.99685404161
"elk-115","lognormal",FALSE,"H3",3,0.808251858039284,0.943266416506041,8,-0.286051376541323,690.185266316312
"elk-163","lognormal",FALSE,"M21",1,0.717778523883588,0.972401973101761,3,-0.190987171431671,13737.3777686359
"elk-163","lognormal",FALSE,"M21",2,0.282221476116412,0.932255676499186,2,-0.364457374018262,19939.6242884965
"elk-163","lognormal",FALSE,"H2",1,0.295493992031192,0.926742734696436,2,-0.360238966861972,19861.9460665486
"elk-163","lognormal",FALSE,"H2",2,0.704506007968807,0.968114246984754,3,-0.18947484402161,13653.1116771144
"elk-163","lognormal",FALSE,"H3",1,0.293768238739875,0.925859023758304,3,-0.359847467533405,18760.1558710803
"elk-163","lognormal",FALSE,"H3",2,0.597058745841039,0.887887848830801,10,-0.193670444087588,15167.2561666126
"elk-163","lognormal",FALSE,"H3",3,0.109173015419086,0.335354896121355,10,-0.169101124878744,8435.27166263126
"elk-287","lognormal",FALSE,"M21",1,0.5955406607151,0.98969699639552,1,0.173261230675606,11744.899146695
"elk-287","lognormal",FALSE,"M21",2,0.4044593392849,0.999993855825398,1,-0.345041934927597,39885.3818401527
"elk-287","lognormal",FALSE,"H2",1,0.137871351340098,0.520011152807192,12,0.601465459246714,8150.48259068891
"elk-287","lognormal",FALSE,"H2",2,0.862128648659902,0.922690209977653,13,-0.140607485276698,25521.5531572907
"elk-287","lognormal",FALSE,"H3",1,0.413238609553339,0.772328357775895,15,-0.0135696276457389,13873.5882964767
"elk-287","lognormal",FALSE,"H3",2,0.399299807632808,0.99999354654149,1,-0.342293516478693,39884.2574200492
"elk-287","lognormal",FALSE,"H3",3,0.187461582813853,0.530845134606228,14,0.558876144998448,7829.34566893065
"elk-363","lognormal",FALSE,"M21",1,0.949335746871285,0.995145718090189,1,-0.126330306980947,9068.88837392993
"elk-363","lognormal",FALSE,"M21",2,0.0506642531287146,0.999993855825398,1,-0.129296285290339,41241.757613824
"elk-363","lognormal",FALSE,"H2",1,0.0506671980974014,0.999993855825398,1,-0.12926920770328,41241.7585191054
"elk-363","lognormal",FALSE,"H2",2,0.949332801902599,0.995145711616443,1,-0.126331485787817,9068.78852068526
"elk-363","lognormal",FALSE,"H3",1,0.0553802789802254,0.906265560488423,2,-0.025011728577238,40455.2647436093
"elk-363","lognormal",FALSE,"H3",2,0.873755520505909,0.959814372440117,5,-0.182474865918251,9171.60325662573
"elk-363","lognormal",FALSE,"H3",3,0.0708642005138655,0.574736917984352,4,0.494543270858834,6275.94662277012
"elk-115","lognormal",TRUE,"M21",1,0.916932238025197,0.981956548968326,3,-0.239295746007452,821.191189747666
"elk-115","lognormal",TRUE,"M21",2,0.0830677619748033,0.85398994867713,3,-0.192093192278647,439.463406364761
"elk-115","lognormal",TRUE,"H2",1,0.0867828067315646,0.838417682303996,3,-0.17318875126305,441.825679524378
"elk-115","lognormal",TRUE,"H2",2,0.913217193268435,0.979893493982754,3,-0.241295601033576,822.519604405265
"elk-115","lognormal",TRUE,"H3",1,0.0933000559958364,0.617113776474879,7,0.177614313367676,2056.93798818504
"elk-115","lognormal",TRUE,"H3",2,0.129893309812794,0.62578189862285,10,-0.0157122225249503,496.518244273369
"elk-115","lognormal",TRUE,"H3",3,0.77680663419137,0.933246255135489,10,-0.318927628796849,686.239105108347
"elk-163","lognormal",TRUE,"M21",1,0.309783642798758,0.937312167864995,2,-0.368218887651208,20642.3825946047
"elk-163","lognormal",TRUE,"M21",2,0.690216357201242,0.971302704342825,3,-0.182292068412525,13174.2929092237
"elk-163","lognormal",TRUE,"H2",1,0.695685566966719,0.966842925367816,3,-0.180180861279422,13295.6460805224
"elk-163","lognormal",TRUE,"H2",2,0.304314433033281,0.927006844481459,2,-0.376342876420834,20499.178408372
"elk-163","lognormal",TRUE,"H3",1,0.275566076287991,0.939130089012472,2,-0.37260762395421,19344.4408732131
"elk-163","lognormal",TRUE,"H3",2,0.674513037683136,0.949221672372115,6,-0.214005508753165,14355.6834064159
"elk-163","lognormal",TRUE,"H3",3,0.0499208860288734,0.320340189107513,5,0.138972955482573,9495.37723628069
"elk-287","lognormal",TRUE,"M21",1,0.59128628041639,0.989623650509567,1,0.179162439649886,11541.1767118602
"elk-287","lognormal",TRUE,"M21",2,0.40871371958361,0.999993855825398,1,-0.348095518241879,39887.1874207541
"elk-287","lognormal",TRUE,"H2",1,0.821389219155323,0.90991258612114,13,-0.188285837332965,26474.4231995108
"elk-287","lognormal",TRUE,"H2",2,0.178610780844677,0.588803410979179,12,0.64982956374226,7730.63293316029
"elk-287","lognormal",TRUE,"H3",1,0.400965989815474,0.780283230713781,14,-0.0336244150042652,13424.9761435832
"elk-287","lognormal",TRUE,"H3",2,0.406937990746463,0.999993561524483,1,-0.347119358308293,39886.5761374923
"elk-287","lognormal",TRUE,"H3",3,0.192096019438063,0.573313924998941,13,0.609579405676635,7872.40771393889
"elk-363","lognormal",TRUE,"M21",1,0.112487584313787,0.802374312312463,4,0.429094619555126,23136.9238551955
"elk-363","lognormal",TRUE,"M21",2,0.887512415686213,0.970872043442147,4,-0.191436857016393,9122.44825982973
"elk-363","lognormal",TRUE,"H2",1,0.050679735197427,0.999993855825398,1,-0.129157234020566,41241.7607205668
"elk-363","lognormal",TRUE,"H2",2,0.949320264802573,0.995145676648074,1,-0.126336361295606,9068.36351415433
"elk-363","lognormal",TRUE,"H3",1,0.055808725268286,0.900044604669357,2,-0.0186898380918383,40454.8585233941
"elk-363","lognormal",TRUE,"H3",2,0.0709554858759159,0.518651746855126,5,0.744054415388418,5717.08405526884
"elk-363","lognormal",TRUE,"H3",3,0.873235788855798,0.954775727988769,6,-0.203344575178007,9201.99367168788
"elk-115","truncated_normal",FALSE,"M21",1,0.924537676977632,0.985850671045059,2,-0.240142713903854,817.50913452237
"elk-115","truncated_normal",FALSE,"M21",2,0.0754623230223675,0.887389039281059,2,-0.177017305505795,446.102367524001
"elk-115","truncated_normal",FALSE,"H2",1,0.0707779566262896,0.904218780651918,2,-0.170093716637071,445.59525642562
"elk-115","truncated_normal",FALSE,"H2",2,0.92922204337371,0.987680963944162,2,-0.240353023830251,815.675435996353
"elk-115","truncated_normal",FALSE,"H3",1,0.42879511049818,0.954889647780245,3,-0.129276469694074,904.976169562457
"elk-115","truncated_normal",FALSE,"H3",2,0.495599983853643,0.972663523734514,2,-0.33518854337128,742.230247024845
"elk-115","truncated_normal",FALSE,"H3",3,0.0756049056481769,0.891322689032442,2,-0.17528138607255,444.194219192219
"elk-163","truncated_normal",FALSE,"M21",1,0.611634717214328,0.946316682180122,4,-0.18352418906981,12056.6998088071
"elk-163","truncated_normal",FALSE,"M21",2,0.388365282785672,0.927476742200235,4,-0.328678165058901,20891.38529689
"elk-163","truncated_normal",FALSE,"H2",1,0.721694656490637,0.810397907589831,21,-0.223257462142942,17377.6205641532
"elk-163","truncated_normal",FALSE,"H2",2,0.278305343509363,0.489977432608405,21,-0.285362037594041,10587.1090935004
"elk-163","truncated_normal",FALSE,"H3",1,0.35819444989379,0.867737361437074,7,-0.317369341722446,17258.1941270929
"elk-163","truncated_normal",FALSE,"H3",2,0.482482980950767,0.838370798133964,13,-0.18847885253746,16298.5999564388
"elk-163","truncated_normal",FALSE,"H3",3,0.159322569155443,0.358222164377031,17,-0.223000605013886,9052.06651218909
"elk-287","truncated_normal",FALSE,"M21",1,0.560038498170891,0.989045056946971,1,0.187158083014569,9938.0689934983
"elk-287","truncated_normal",FALSE,"M21",2,0.439961501829109,0.999993855825398,1,-0.320713970681602,39914.5808831079
"elk-287","truncated_normal",FALSE,"H2",1,0.830935681435236,0.900084264254498,14,-0.164533352355057,26187.6295786684
"elk-287","truncated_normal",FALSE,"H2",2,0.169064318564764,0.512550417023706,13,0.581275603890241,8081.80204151873
"elk-287","truncated_normal",FALSE,"H3",1,0.438326560745041,0.999993458825666,1,-0.319541177358417,39912.541458717
"elk-287","truncated_normal",FALSE,"H3",2,0.232800505953982,0.632140550463733,15,0.489969962898849,7671.13658749222
"elk-287","truncated_normal",FALSE,"H3",3,0.328872933300977,0.720946446193962,16,-0.0354347436395267,11694.5126448753
"elk-363","truncated_normal",FALSE,"M21",1,0.632080094379404,0.971798570464431,4,-0.0300774682369678,15883.4609308928
"elk-363","truncated_normal",FALSE,"M21",2,0.367919905620596,0.9394781321549,4,-0.291689575690688,1791.92066163035
"elk-363","truncated_normal",FALSE,"H2",1,0.708120382594959,0.927306110347369,7,-0.108023376550639,5850.53813892837
"elk-363","truncated_normal",FALSE,"H2",2,0.291879617405041,0.836090056234765,7,-0.172311048147207,22461.374719958
"elk-363","truncated_normal",FALSE,"H3",1,0.857954394745264,0.938487911493304,9,-0.178736843429829,9273.01715206205
"elk-363","truncated_normal",FALSE,"H3",2,0.0505425563301018,0.999993471251545,1,-0.130170180765426,41241.7383802453
"elk-363","truncated_normal",FALSE,"H3",3,0.0915030489246337,0.473620704704625,8,0.362797298884662,7197.72804646871
"elk-115","truncated_normal",TRUE,"M21",1,0.923711644349262,0.985687111143813,2,-0.239603832283989,817.736102980428
"elk-115","truncated_normal",TRUE,"M21",2,0.0762883556507384,0.886713784711202,2,-0.184189078141327,447.375703402083
"elk-115","truncated_normal",TRUE,"H2",1,0.0695975766487901,0.905891440995138,2,-0.155922095127956,438.430052922982
"elk-115","truncated_normal",TRUE,"H2",2,0.93040242335121,0.987940380113905,2,-0.241329415157698,815.741907841644
"elk-115","truncated_normal",TRUE,"H3",1,0.0717018473618959,0.89538573484335,2,-0.16025122517426,447.180717238204
"elk-115","truncated_normal",TRUE,"H3",2,0.82908365302012,0.950879038064671,7,-0.287537212977436,676.467314002214
"elk-115","truncated_normal",TRUE,"H3",3,0.0992144996179841,0.589527820404476,7,0.167471258735261,1981.2652634752
"elk-163","truncated_normal",TRUE,"M21",1,0.596341802909809,0.947190988487882,4,-0.161915586963525,11385.9712060331
"elk-163","truncated_normal",TRUE,"M21",2,0.403658197090191,0.934621481225005,4,-0.35476340795523,21547.5726803598
"elk-163","truncated_normal",TRUE,"H2",1,0.721065378163631,0.811175665649463,21,-0.215650697861977,17392.6160492127
"elk-163","truncated_normal",TRUE,"H2",2,0.278934621836369,0.493532272857707,21,-0.305339232263436,10563.664160905
"elk-163","truncated_normal",TRUE,"H3",1,0.167328460356187,0.329998437454394,18,-0.257782742629514,9529.70199404964
"elk-163","truncated_normal",TRUE,"H3",2,0.416548989121308,0.925068545596355,4,-0.352687433936941,20559.5211930099
"elk-163","truncated_normal",TRUE,"H3",3,0.416122550522505,0.756333264991793,16,-0.120928224336449,12806.6762974833
"elk-287","truncated_normal",TRUE,"M21",1,0.56684019707008,0.989176420030902,1,0.187393772665741,10302.0655107015
"elk-287","truncated_normal",TRUE,"M21",2,0.43315980292992,0.999993855825398,1,-0.328993929218247,39908.9555928415
"elk-287","truncated_normal",TRUE,"H2",1,0.803691853621676,0.908876087306423,13,-0.202629465708612,26854.8308752168
"elk-287","truncated_normal",TRUE,"H2",2,0.196308146378324,0.629787384890309,12,0.632547672137125,7863.00216127897
"elk-287","truncated_normal",TRUE,"H3",1,0.432393881747497,0.999992656528971,1,-0.326451427308231,39907.6626944075
"elk-287","truncated_normal",TRUE,"H3",2,0.333983570849076,0.713106417334193,15,-0.0517347578904826,12058.3564375093
"elk-287","truncated_normal",TRUE,"H3",3,0.233622547403426,0.616117203727849,14,0.516570880038607,7890.75403492963
"elk-363","truncated_normal",TRUE,"M21",1,0.655513473404328,0.973841463271698,3,-0.0186813737375756,15330.4025075866
"elk-363","truncated_normal",TRUE,"M21",2,0.344486526595672,0.937236655088475,3,-0.331396531961678,1885.75551840064
"elk-363","truncated_normal",TRUE,"H2",1,0.896488476362525,0.929820799054826,16,-0.202088387686708,11115.3811408223
"elk-363","truncated_normal",TRUE,"H2",2,0.103511523637475,0.395319203146201,15,0.518487064339565,7091.88345467111
"elk-363","truncated_normal",TRUE,"H3",1,0.2010188414184,0.546113035932248,18,0.298476676667028,8776.59170242361
"elk-363","truncated_normal",TRUE,"H3",2,0.356019862270744,0.790331371731332,17,-0.126205782402859,22076.3757788392
"elk-363","truncated_normal",TRUE,"H3",3,0.442961296310857,0.931785817175364,5,-0.321480573162914,2426.88066448923
