cell_line,chromosome,start,end,copy_ratio,p_value,normal_count,tumor_count
HCC1954,1,1,4235675,0.723,1.0,25212,23557
HCC1954,1,4235799,42076566,0.815,0.0,252929,266313
HCC1954,1,42076686,51649045,0.853,2.54e-12,55154,60797
HCC1954,1,51649542,52768386,0.937,1.79e-06,5444,6589
HCC1954,1,52768409,55311810,0.809,9.67e-12,18120,18953
HCC1954,1,55311934,81011518,0.898,0.0,124603,144583
HCC1954,1,81012101,108174764,0.926,2.47e-08,117902,141087
HCC1954,1,108175741,117447468,0.881,5.64e-12,49401,56222
HCC1954,1,117447640,118386917,1.109,0.0,5250,7522
HCC1954,1,118386948,144099850,0.888,2.41e-22,10159,11659
HCC1954,1,144100024,146182173,1.914,0.0,6619,16370
HCC1954,1,146182195,146295195,1.389,1.07e-07,410,736
HCC1954,1,146295684,148716371,1.858,3.7e-06,2998,7197
HCC1954,1,148716400,151421625,1.504,8.92e-18,13901,27015
HCC1954,1,151425633,154448669,1.374,7.72e-11,18739,33269
HCC1954,1,154448690,154453195,0.58,1.32e-41,392,294
HCC1954,1,154453232,154777517,1.34,0.0,2602,4506
HCC1954,1,154777780,155837111,1.599,2.42e-10,7551,15601
HCC1954,1,155837536,165643013,1.213,6.25e-70,53988,84651
HCC1954,1,165643177,165680639,0.9,1.07e-05,356,414
HCC1954,1,165681499,171420963,1.274,2.61e-07,28650,47156
HCC1954,1,171421011,175144308,1.158,1.67e-15,19097,28584
HCC1954,1,175144720,179147475,1.254,6.25e-10,20783,33678
HCC1954,1,179147523,179190861,0.929,6.01e-07,455,546
HCC1954,1,179190884,191567999,1.238,1.59e-06,55363,88559
HCC1954,1,191568157,191739441,2.19,0.0,400,1132
HCC1954,1,191740203,199910218,1.257,2.78e-18,34838,56600
HCC1954,1,199910952,205245298,1.178,1.21e-11,36025,54837
HCC1954,1,205245568,206119265,1.33,1.03e-08,4102,7048
HCC1954,1,206119345,206314346,1.12,4e-06,1630,2360
HCC1954,1,206314482,208482628,1.297,1.01e-05,13653,22887
HCC1954,1,208482738,211663982,1.2,5.95e-08,18348,28448
HCC1954,1,211664099,223946702,1.287,5.74e-11,61103,101606
HCC1954,1,223946756,225267525,1.134,7.54e-19,9124,13372
HCC1954,1,225267872,225954492,1.297,7.98e-07,2978,4991
HCC1954,1,225955585,226535187,1.119,1.34e-06,4342,6278
HCC1954,1,226535295,226569287,0.789,2.65e-07,404,412
HCC1954,1,226569454,229448748,1.186,2.88e-10,19091,29248
HCC1954,1,229448887,232963093,1.274,2.34e-08,20645,33975
HCC1954,1,232963367,242967423,1.207,4.19e-07,48151,75094
HCC1954,1,242967941,244081963,1.056,1.35e-15,6734,9189
HCC1954,1,244082129,244812184,1.191,8.96e-06,3574,5498
HCC1954,1,244812237,244900406,0.66,5.42e-20,456,389
HCC1954,1,244901206,247249718,1.135,0.0,7456,10934
HCC1954,2,1,3788425,0.775,1.0,25590,25641
HCC1954,2,3788625,7312573,0.835,3.47e-08,19098,20605
HCC1954,2,7312812,7352480,0.585,8.02e-06,308,233
HCC1954,2,7352656,10590299,0.832,9.44e-06,22335,24025
HCC1954,2,10590362,30197517,0.884,2.63e-09,115432,131809
HCC1954,2,30197584,42570641,0.919,1.13e-08,60419,71745
HCC1954,2,42571057,79378884,0.884,1.03e-09,188729,215538
HCC1954,2,79378985,80859074,0.814,1.59e-07,7816,8216
HCC1954,2,80859199,85111314,0.92,3.76e-11,17119,20361
HCC1954,2,85113638,94946926,0.852,2.84e-07,16076,17701
HCC1954,2,94947398,98921040,1.025,0.0,19420,25712
HCC1954,2,98921196,105174160,1.13,0.0,34169,49900
HCC1954,2,105175069,119400990,1.086,7.43e-06,58360,81901
HCC1954,2,119401063,136006549,1.036,5.32e-11,80936,108380
HCC1954,2,136006801,136361442,0.789,1.01e-18,1874,1910
HCC1954,2,136361634,140449937,1.096,0.0,19710,27905
HCC1954,2,140450687,148404299,0.885,2.89e-71,35539,40662
HCC1954,2,148404536,151725896,1.348,0.0,15837,27594
HCC1954,2,151726140,171147237,1.104,9.56e-72,88096,125639
HCC1954,2,171147339,180429012,1.016,7.5e-29,48323,63441
HCC1954,2,180429072,184047880,0.956,4.29e-07,16157,19953
HCC1954,2,184048030,197470393,1.018,1.11e-07,52845,69539
HCC1954,2,197470443,198794667,0.632,5.98e-163,6543,5342
HCC1954,2,198795118,198856668,1.006,1.92e-08,334,434
HCC1954,2,198856911,201959364,0.687,1.95e-06,15480,13737
HCC1954,2,201959392,202780362,0.464,1.72e-56,4687,2807
HCC1954,2,202781757,205204732,0.705,0.0,10916,9940
HCC1954,2,205204985,205615572,0.508,2.39e-17,1647,1081
HCC1954,2,205615725,206246834,0.912,0.0,3355,3955
HCC1954,2,206247556,207076301,0.602,1.12e-39,5516,4291
HCC1954,2,207077400,217211943,0.703,5.86e-14,46751,42490
HCC1954,2,217212451,220421672,0.649,3.94e-12,23779,19937
HCC1954,2,220422008,230440080,0.686,1.11e-06,52428,46480
HCC1954,2,230440474,233926772,0.63,5.54e-13,21300,17327
HCC1954,2,233926887,238694770,0.668,3.9e-06,33060,28555
HCC1954,2,238695064,242951148,0.601,6e-19,28442,22073
HCC1954,3,1,7833806,0.856,1.0,36993,40933
HCC1954,3,7834045,8317261,0.992,6.56e-07,2304,2953
HCC1954,3,8317514,20146966,0.836,5.46e-09,74868,80885
HCC1954,3,20147930,36536911,0.902,0.0,76205,88786
HCC1954,3,36536991,39113615,0.856,9.77e-06,16636,18406
HCC1954,3,39113715,39198870,0.64,6.74e-09,789,652
HCC1954,3,39198984,48199600,0.864,1.17e-09,53126,59277
HCC1954,3,48199723,51949005,0.808,4.04e-10,24784,25873
HCC1954,3,51949473,52547091,0.73,5.35e-07,6094,5752
HCC1954,3,52547221,64851512,0.867,0.0,71399,80013
HCC1954,3,64851687,71544017,0.909,2.7e-07,32812,38541
HCC1954,3,71544162,87838356,0.855,5.55e-11,65840,72771
HCC1954,3,87839080,101697589,0.895,7.11e-07,35266,40772
HCC1954,3,101697607,104607168,0.962,5.91e-07,11671,14508
HCC1954,3,104608206,125960469,0.869,4.35e-14,101025,113494
HCC1954,3,125960581,129555974,0.804,1.07e-15,25009,25984
HCC1954,3,129556201,148625236,0.861,2.58e-12,98962,110107
HCC1954,3,148625320,151514322,0.922,5.25e-08,13391,15962
HCC1954,3,151514649,151654198,1.231,4.75e-08,686,1091
HCC1954,3,151654384,178468577,0.89,5.26e-10,115677,132989
HCC1954,3,178468724,178574403,0.7,1.13e-05,627,567
HCC1954,3,178575014,180212048,0.911,3.1e-06,8068,9496
HCC1954,3,180212272,189538030,1.262,0.0,50611,82510
HCC1954,3,189538278,191684326,1.482,0.0,10832,20740
HCC1954,3,191684524,194871398,1.317,7.51e-14,14791,25167
HCC1954,3,194871765,199501826,1.219,9.22e-09,23063,36337
HCC1954,4,1,3200045,0.761,1.0,21623,21257
HCC1954,4,3200060,3241129,0.363,7.06e-28,450,211
HCC1954,4,3241475,5202081,0.731,0.0,12764,12053
HCC1954,4,5202261,8575229,0.805,1.87e-10,27225,28311
HCC1954,4,8575251,19683363,0.864,5.85e-12,53913,60180
HCC1954,4,19683880,38149908,0.659,5.15e-253,79953,68084
HCC1954,4,38150237,40676105,0.894,0.0,11931,13776
HCC1954,4,40676268,42409111,1.01,4.04e-11,9409,12283
HCC1954,4,42409656,44327150,1.19,2.44e-15,6952,10692
HCC1954,4,44327717,47131642,1.396,2.22e-16,10531,19001
HCC1954,4,47131749,75470878,1.063,5.89e-92,93305,128125
HCC1954,4,75470948,75597944,1.527,3.2e-08,402,793
HCC1954,4,75598041,87256287,1.103,6.06e-07,55266,78794
HCC1954,4,87256550,88372112,1.3,0.0,4914,8253
HCC1954,4,88372530,89030081,1.126,2.16e-06,2777,4041
HCC1954,4,89031685,97304669,0.942,1.81e-11,33312,40551
HCC1954,4,97304903,108824583,0.9,2.46e-06,45213,52554
HCC1954,4,108824658,114917046,0.855,9.51e-07,28591,31589
HCC1954,4,114918021,115289498,1.15,6.66e-16,1480,2199
HCC1954,4,115292302,117281327,0.954,9.72e-07,7302,9005
HCC1954,4,117282595,118147575,0.664,6.42e-34,2987,2564
HCC1954,4,118148275,121666719,0.913,0.0,12764,15061
HCC1954,4,121667083,122924120,0.687,1.97e-38,5737,5089
HCC1954,4,122924389,123971057,0.492,4.69e-29,4664,2963
HCC1954,4,123971592,124175425,0.703,5.47e-10,879,799
HCC1954,4,124175606,125456904,0.925,4.27e-08,4841,5789
HCC1954,4,125457012,126159727,0.778,9.82e-08,2799,2813
HCC1954,4,126160047,137170096,0.665,5.21e-08,37383,32132
HCC1954,4,137172111,146899369,0.71,3.24e-10,40617,37281
HCC1954,4,146900025,148373195,0.639,3.75e-09,7871,6502
HCC1954,4,148374593,148463502,1.021,9.14e-10,389,513
HCC1954,4,148463569,148753355,0.631,4.3e-09,1508,1229
HCC1954,4,148754235,149543678,1.084,0.0,4253,5959
HCC1954,4,149543878,150474734,0.694,8.54e-51,4149,3718
HCC1954,4,150474970,150870359,1.215,0.0,1455,2285
HCC1954,4,150870638,150968205,0.807,1.24e-08,419,437
HCC1954,4,150968330,151097496,1.364,6.73e-10,526,927
HCC1954,4,151097667,152749220,0.672,1.07e-27,7213,6261
HCC1954,4,152749326,155181324,0.87,0.0,14843,16686
HCC1954,4,155181393,155300346,1.682,0.0,610,1326
HCC1954,4,155300400,158036902,0.982,1.24e-22,11946,15156
HCC1954,4,158036981,158458846,1.817,0.0,1802,4232
HCC1954,4,158459222,162059054,0.958,2.07e-84,14345,17757
HCC1954,4,162059711,166666147,0.655,1.69e-126,17274,14624
HCC1954,4,166666976,166955990,1.504,0.0,1503,2920
HCC1954,4,166956093,170464714,0.716,2.78e-84,13847,12809
HCC1954,4,170465062,170971516,1.386,0.0,1964,3518
HCC1954,4,170971676,171113182,0.784,2.22e-24,706,715
HCC1954,4,171113223,171209335,1.458,0.0,606,1142
HCC1954,4,171209374,171417954,0.709,9.88e-25,862,790
HCC1954,4,171418071,173522452,0.914,2.31e-07,7840,9256
HCC1954,4,173522694,173978082,1.177,1.34e-13,1912,2908
HCC1954,4,173978142,174184553,0.712,6.22e-23,1049,965
HCC1954,4,174185319,174445422,1.383,0.0,1223,2186
HCC1954,4,174445445,174646129,0.982,2.95e-10,1013,1285
HCC1954,4,174646278,174745175,0.588,9.65e-14,682,518
HCC1954,4,174745558,176284792,0.926,2.22e-16,6544,7829
HCC1954,4,176285246,177904660,1.649,0.0,6910,14726
HCC1954,4,177904885,179306773,0.966,4.33e-121,5319,6638
HCC1954,4,179307245,191273062,0.651,9.24e-79,55827,46964
HCC1954,5,1,529016,3.638,1.0,1713,8053
HCC1954,5,529025,573622,6.68,0.0,438,3781
HCC1954,5,573664,1695092,8.705,3.28e-07,5112,57504
HCC1954,5,1695242,2028632,4.868,7.81e-122,2781,17494
HCC1954,5,2028693,2182432,1.721,8.21e-148,1004,2233
HCC1954,5,2182509,2235145,3.555,0.0,443,2035
HCC1954,5,2235184,3263992,5.565,0.0,7503,53956
HCC1954,5,3264016,6670603,1.347,0.0,21797,37951
HCC1954,5,6670905,6843418,1.14,1.13e-06,1418,2088
HCC1954,5,6843567,11217939,1.421,7.85e-11,24686,45339
HCC1954,5,11218054,28564633,1.53,1.55e-15,65117,128697
HCC1954,5,28564743,35527818,1.456,9.31e-09,30547,57486
HCC1954,5,35527968,49511507,1.634,0.0,47657,100653
HCC1954,5,49512156,51873837,1.226,1.03e-85,8133,12886
HCC1954,5,51874102,63086808,0.71,1.65e-232,54321,49814
HCC1954,5,63087330,63289147,1.461,0.0,940,1775
HCC1954,5,63289431,64689445,0.65,9.66e-60,6376,5358
HCC1954,5,64689777,71925013,0.71,1.34e-05,27944,25635
HCC1954,5,71925091,102150945,0.893,0.0,130423,150506
HCC1954,5,102150989,102502097,1.129,2.57e-11,1523,2222
HCC1954,5,102502557,102922728,0.806,1.3e-13,2081,2168
HCC1954,5,102923096,103448667,1.06,4.09e-11,2184,2990
HCC1954,5,103448764,103650608,2.128,0.0,722,1985
HCC1954,5,103650933,104287517,1.312,7.99e-20,2044,3464
HCC1954,5,104288133,106528528,0.913,1e-27,7697,9085
HCC1954,5,106529313,106856727,1.576,0.0,1838,3744
HCC1954,5,106857018,108619587,0.878,2.95e-65,8295,9415
HCC1954,5,108619981,109169182,1.75,0.0,2039,4612
HCC1954,5,109169244,109255943,2.309,4.63e-06,477,1423
HCC1954,5,109255977,109717693,1.38,1.67e-16,1926,3435
HCC1954,5,109717833,110551197,1.165,3.59e-06,3277,4934
HCC1954,5,110551328,110795517,2.131,0.0,1155,3181
HCC1954,5,110795946,111332508,1.696,4.85e-08,2743,6013
HCC1954,5,111332518,111647687,1.347,3.23e-09,1524,2652
HCC1954,5,111647756,111875896,1.021,3.12e-08,1149,1516
HCC1954,5,111876178,113978999,1.928,0.0,10462,26066
HCC1954,5,113979803,114857404,2.353,0.0,3710,11281
HCC1954,5,114857626,115198895,3.99,0.0,1717,8852
HCC1954,5,115198993,116499398,2.251,1.02e-76,6510,18938
HCC1954,5,116499495,116860501,1.037,3e-122,1583,2122
HCC1954,5,116861007,116932576,2.37,0.0,241,738
HCC1954,5,116932610,131559169,0.891,6.15e-29,63890,73516
HCC1954,5,131559210,134394979,0.814,1.84e-15,19204,20198
HCC1954,5,134395482,138433112,0.867,2.12e-06,25539,28599
HCC1954,5,138433276,141457992,0.804,1.91e-08,18797,19531
HCC1954,5,141458757,149407584,0.886,8.88e-16,43960,50305
HCC1954,5,149407697,151258645,0.799,1.11e-14,14060,14514
HCC1954,5,151258906,175111696,0.845,4.75e-06,133754,146057
HCC1954,5,175111785,175261378,1.514,0.0,1272,2488
HCC1954,5,175261477,176130247,0.804,7.02e-48,3585,3724
HCC1954,5,176131056,176179100,1.977,0.0,471,1203
HCC1954,5,176179113,176256705,3.372,2.22e-16,848,3695
HCC1954,5,176256752,176461383,5.606,0.0,1111,8048
HCC1954,5,176461624,176621371,3.327,1.25e-24,750,3224
HCC1954,5,176621464,176815049,2.132,6.26e-19,1707,4702
HCC1954,5,176815293,179159307,0.793,1.44e-177,11485,11774
HCC1954,5,179159530,179207783,0.55,2.51e-07,404,287
HCC1954,5,179208098,179314183,0.921,2.73e-09,741,882
HCC1954,5,179314359,179459904,2.03,0.0,972,2550
HCC1954,5,179459944,179948527,2.894,0.0,3014,11273
HCC1954,5,179948943,180384245,2.43,9.07e-06,1130,3548
HCC1954,5,180384363,180857865,5.485,0.0,1733,12282
HCC1954,6,1,8125748,1.076,1.0,50091,69657
HCC1954,6,8125864,26718838,1.116,3.24e-07,96241,138839
HCC1954,6,26718895,32325831,0.991,6.71e-41,27834,35641
HCC1954,6,32326577,33723623,1.36,0.0,6132,10774
HCC1954,6,33723741,34634560,0.994,1.39e-45,7676,9857
HCC1954,6,34634722,34677684,0.595,1.46e-14,425,327
HCC1954,6,34677700,34938220,1.068,2.49e-14,1127,1556
HCC1954,6,34939060,35190764,0.609,1.12e-25,1754,1380
HCC1954,6,35191158,44013379,1.054,0.0,59892,81596
HCC1954,6,44013404,48050627,1.166,0.0,23637,35618
HCC1954,6,48050768,48886188,1.735,0.0,3296,7389
HCC1954,6,48886231,49060870,1.369,3.88e-06,668,1182
HCC1954,6,49061301,49197721,2.032,2.87e-07,396,1040
HCC1954,6,49197998,52469163,1.509,1.8e-06,14876,29008
HCC1954,6,52469293,58819390,1.373,4.13e-13,23151,41068
HCC1954,6,58819874,64013080,1.098,3.51e-43,8200,11632
HCC1954,6,64013317,64161666,1.545,6.98e-10,586,1170
HCC1954,6,64162235,76456100,0.885,8.45e-23,48122,55048
HCC1954,6,76456327,85506297,0.94,3.28e-10,34335,41723
HCC1954,6,85506355,100551695,0.867,3.58e-19,65000,72798
HCC1954,6,100551926,118802856,0.918,1.11e-15,81427,96602
HCC1954,6,118803051,119600343,0.814,1.94e-08,4264,4487
HCC1954,6,119600345,132389988,0.95,6.67e-13,55636,68302
HCC1954,6,132390488,132847766,1.136,2.25e-09,2096,3077
HCC1954,6,132847850,153733371,0.923,3.23e-12,103843,123804
HCC1954,6,153734016,153850581,1.376,4.5e-07,292,519
HCC1954,6,153850674,159530858,0.884,3.35e-08,28444,32478
HCC1954,6,159530948,164044965,0.835,2.82e-06,24461,26402
HCC1954,6,164045105,164098470,0.586,9.8e-09,516,391
HCC1954,6,164098596,170899991,0.807,2.52e-07,35609,37141
HCC1954,7,1,1495188,0.965,1.0,7125,8883
HCC1954,7,1495308,2847702,1.515,0.0,10999,21529
HCC1954,7,2847731,6714680,1.028,2.42e-146,21403,28420
HCC1954,7,6715007,8085691,1.17,1.01e-08,4042,6109
HCC1954,7,8085782,8144578,0.842,4.91e-07,433,471
HCC1954,7,8144939,15164334,1.127,3.29e-06,27559,40147
HCC1954,7,15164434,22203022,1.191,2.56e-07,30704,47267
HCC1954,7,22203136,30285778,1.118,2.49e-11,45585,65841
HCC1954,7,30285987,30994939,1.408,0.0,5174,9414
HCC1954,7,30994987,37021718,1.08,4.6e-42,31077,43383
HCC1954,7,37021803,37988170,0.884,7.48e-25,5374,6140
HCC1954,7,37988409,44251938,1.119,0.0,32892,47579
HCC1954,7,44252053,44303391,0.802,1.82e-10,630,653
HCC1954,7,44305165,45586884,1.031,4.56e-06,8377,11160
HCC1954,7,45586929,49208424,1.137,8.78e-09,19595,28790
HCC1954,7,49208552,56024807,1.072,5.79e-07,33716,46716
HCC1954,7,56024895,76673056,0.976,3.03e-24,53322,67262
HCC1954,7,76673329,80156572,1.145,0.0,14559,21545
HCC1954,7,80156693,90183036,1.069,4.78e-08,39225,54161
HCC1954,7,90183225,90439858,1.987,0.0,581,1492
HCC1954,7,90440077,98570484,1.064,3.2e-30,38332,52706
HCC1954,7,98570672,102729071,0.955,3.08e-21,20860,25751
HCC1954,7,102729323,126726096,1.081,0.0,102881,143668
HCC1954,7,126727003,137950281,1.047,1.69e-06,62995,85215
HCC1954,7,137950340,139906514,0.983,2.84e-06,11614,14759
HCC1954,7,139906598,148275694,1.048,5.73e-06,36028,48811
HCC1954,7,148275743,153654995,0.965,6.03e-15,27577,34388
HCC1954,7,153655274,155097608,0.891,9.2e-07,9314,10729
HCC1954,7,155097716,158821423,0.958,1.13e-05,24127,29877
HCC1954,8,1,8652725,0.404,1.0,27820,14535
HCC1954,8,8653696,16929458,0.437,8.62e-09,33323,18835
HCC1954,8,16929558,18757021,0.501,6.42e-12,8841,5722
HCC1954,8,18757439,33371845,0.454,1.13e-07,80510,47272
HCC1954,8,33372107,39301459,0.43,4.67e-07,30741,17070
HCC1954,8,39301994,39778413,1.152,0.0,592,881
HCC1954,8,39778765,42335836,1.766,0.0,15273,34853
HCC1954,8,42337048,42722898,2.084,6.09e-09,1984,5344
HCC1954,8,42723405,43260012,1.624,5.15e-12,2407,5052
HCC1954,8,43260081,43772156,2.058,7.59e-10,1612,4287
HCC1954,8,43772403,55576125,0.86,1.72e-140,38095,42338
HCC1954,8,55576642,62311290,1.028,0.0,34009,45180
HCC1954,8,62311357,72289337,1.075,2.47e-06,46798,64979
HCC1954,8,72289953,78704100,1.739,0.0,28413,63858
HCC1954,8,78704194,80724505,1.938,1.11e-12,7956,19922
HCC1954,8,80724677,80954000,1.508,9.78e-14,1473,2870
HCC1954,8,80954124,82560777,1.802,1.49e-07,8312,19353
HCC1954,8,82560929,84136453,1.585,3.33e-10,5996,12280
HCC1954,8,84136536,86474025,1.275,1.09e-24,8128,13394
HCC1954,8,86474149,88729235,1.077,7.44e-17,8017,11157
HCC1954,8,88729462,89638977,1.96,0.0,3648,9237
HCC1954,8,89639103,90535859,2.288,8.2e-08,2955,8738
HCC1954,8,90536220,91509277,1.773,1.3e-19,4277,9796
HCC1954,8,91509513,96085704,2.715,0.0,21713,76183
HCC1954,8,96086050,97385373,2.914,3.98e-06,7286,27435
HCC1954,8,97385395,102983068,2.653,2.68e-10,29504,101159
HCC1954,8,102983551,106672809,2.37,3.53e-26,18805,57599
HCC1954,8,106673236,107176690,1.603,1.99e-49,2124,4400
HCC1954,8,107176966,107467277,2.99,0.0,1329,5135
HCC1954,8,107467366,107598322,5.649,0.0,681,4971
HCC1954,8,107598418,107756837,9.485,0.0,629,7709
HCC1954,8,107757015,107911166,6.729,2.67e-09,686,5965
HCC1954,8,107911198,108120767,3.618,1.79e-30,926,4329
HCC1954,8,108120912,108563062,6.228,0.0,2019,16249
HCC1954,8,108563266,108993302,2.459,2.9e-163,2021,6421
HCC1954,8,108993329,109103059,4.353,0.0,469,2638
HCC1954,8,109103360,109288088,3.076,9.21e-08,736,2925
HCC1954,8,109288176,109604719,5.274,0.0,1344,9160
HCC1954,8,109604862,109886920,2.357,1.44e-83,1443,4395
HCC1954,8,109886997,110859721,1.44,1.26e-41,4662,8674
HCC1954,8,110859839,111524831,3.005,0.0,2466,9574
HCC1954,8,111524986,111645611,6.102,0.0,408,3217
HCC1954,8,111645653,111756913,9.532,5e-10,442,5444
HCC1954,8,111757341,111899636,2.129,1.23e-108,567,1560
HCC1954,8,111899666,112023767,4.22,0.0,442,2410
HCC1954,8,112023808,112776068,6.656,0.0,2511,21596
HCC1954,8,112776091,112948545,1.324,4.43e-265,667,1141
HCC1954,8,112948571,113103760,2.498,0.0,610,1969
HCC1954,8,113103944,113826237,4.463,0.0,2357,13593
HCC1954,8,113826342,113910183,1.467,2.09e-67,327,620
HCC1954,8,113910221,114726842,4.204,0.0,2834,15394
HCC1954,8,114726912,115175251,2.362,9.6e-63,1602,4889
HCC1954,8,115175487,115843058,1.811,3.1e-11,1850,4329
HCC1954,8,115843178,116262918,1.488,1.59e-06,1667,3206
HCC1954,8,116263042,117416289,1.767,3.96e-07,5338,12187
HCC1954,8,117416421,117518614,3.583,0.0,433,2005
HCC1954,8,117518626,117949378,5.391,3.1e-13,2327,16210
HCC1954,8,117949423,119190736,6.279,2.25e-09,6748,54755
HCC1954,8,119190799,119874586,4.86,1.03e-33,4050,25436
HCC1954,8,119874644,120996214,1.911,0.0,5258,12986
HCC1954,8,120996310,122154844,2.944,0.0,5799,22058
HCC1954,8,122154979,122979073,1.533,3.46e-147,3205,6349
HCC1954,8,122979122,124619092,2.299,0.0,9046,26876
HCC1954,8,124619186,124830262,1.621,5.07e-29,1633,3421
HCC1954,8,124830507,124987092,2.111,3.55e-07,788,2150
HCC1954,8,124987122,125371394,1.648,4.8e-07,2365,5035
HCC1954,8,125371839,125463127,3.261,0.0,361,1521
HCC1954,8,125463321,125939955,2.349,2.62e-07,3086,9369
HCC1954,8,125940065,126091309,2.953,2.7e-07,843,3217
HCC1954,8,126091448,127895472,1.973,7.35e-22,10344,26367
HCC1954,8,127895598,127955349,3.694,0.0,420,2005
HCC1954,8,127955407,127990767,6.023,1.45e-07,198,1541
HCC1954,8,127991167,128057801,3.558,3.95e-08,350,1609
HCC1954,8,128057878,128136753,7.333,0.0,389,3686
HCC1954,8,128136791,128241856,5.051,1.2e-07,541,3531
HCC1954,8,128241863,128832133,1.823,9.35e-82,3883,9149
HCC1954,8,128832177,128999978,2.534,0.0,1159,3795
HCC1954,8,128999990,129278443,3.445,3.29e-14,2207,9824
HCC1954,8,129278460,129401001,1.8,3.52e-46,837,1947
HCC1954,8,129401101,130356095,0.928,2.08e-41,4971,5962
HCC1954,8,130356766,130450080,2.042,0.0,456,1203
HCC1954,8,130450102,130537748,2.991,3.29e-07,474,1832
HCC1954,8,130537807,130638042,5.979,0.0,551,4257
HCC1954,8,130638112,131014252,2.243,1.14e-73,1909,5533
HCC1954,8,131014372,131349054,0.809,3.36e-154,2221,2323
HCC1954,8,131349833,131665383,1.126,4.44e-16,2146,3122
HCC1954,8,131665703,131893800,0.832,1.1e-11,1523,1637
HCC1954,8,131894022,131973869,2.15,0.0,433,1203
HCC1954,8,131973882,132123278,3.647,2.22e-16,1008,4750
HCC1954,8,132123289,132189243,0.78,5.91e-115,380,383
HCC1954,8,132190441,132280029,2.149,0.0,434,1205
HCC1954,8,132280103,132471145,3.491,4.85e-13,770,3474
HCC1954,8,132471271,132554754,1.575,1.1e-30,404,822
HCC1954,8,132554954,132612495,2.366,1.44e-05,262,801
HCC1954,8,132612589,133944208,1.499,2.78e-09,7785,15078
HCC1954,8,133944370,142424855,0.805,0.0,54634,56831
HCC1954,8,142425023,145464606,0.726,1.12e-21,25086,23542
HCC1954,8,145464786,145619856,1.044,4.44e-14,918,1238
HCC1954,8,145620054,146274825,0.734,4.81e-12,4476,4244
HCC1954,9,1,1077131,1.45,1.0,3010,5641
HCC1954,9,1077257,1163350,3.061,0.0,406,1606
HCC1954,9,1163365,1374759,4.959,6.66e-15,1217,7798
HCC1954,9,1374819,1644368,3.137,2.23e-25,1243,5039
HCC1954,9,1644386,2278548,2.268,4.25e-18,3790,11108
HCC1954,9,2278715,2697147,2.593,9.84e-06,2326,7794
HCC1954,9,2697343,6525767,3.56,0.0,18887,86882
HCC1954,9,6525789,18572332,3.057,1.09e-58,53463,211168
HCC1954,9,18574043,26750329,0.714,0.0,35773,32998
HCC1954,9,26750446,31512386,0.67,1.96e-06,18184,15751
HCC1954,9,31513346,81182200,0.932,0.0,92873,111791
HCC1954,9,81182330,84699407,1.116,0.0,15227,21950
HCC1954,9,84699547,104032838,1.043,3.34e-09,108060,145612
HCC1954,9,104033539,119353754,1.096,2.22e-16,81903,116039
HCC1954,9,119353905,127438848,1.036,2.03e-14,50080,67027
HCC1954,9,127438890,132236861,0.983,1.55e-08,34081,43271
HCC1954,9,132236921,132263376,0.686,2.45e-06,309,274
HCC1954,9,132263535,135649154,0.979,3.28e-06,24687,31231
HCC1954,9,135649295,140273251,0.909,3.21e-11,34463,40458
HCC1954,10,1,1700330,0.922,1.0,11038,13148
HCC1954,10,1700362,4219173,0.8,2.33e-15,13026,13470
HCC1954,10,4219217,12983960,0.861,6.95e-08,48714,54219
HCC1954,10,12984031,15852394,0.766,2.24e-21,17044,16872
HCC1954,10,15852700,32149322,0.828,4.31e-11,76162,81506
HCC1954,10,32150107,33803885,0.902,5.08e-07,7234,8435
HCC1954,10,33803978,41701335,0.825,1.49e-06,22227,23682
HCC1954,10,41702193,51687834,0.63,1.65e-102,33703,27446
HCC1954,10,51688512,52671503,0.73,7.69e-10,4333,4089
HCC1954,10,52671566,58301214,0.894,0.0,19529,22549
HCC1954,10,58301403,63382584,0.742,1.2e-42,23007,22053
HCC1954,10,63382869,70942378,0.698,6.71e-07,32974,29719
HCC1954,10,70942822,71292200,0.854,1.53e-13,3034,3348
HCC1954,10,71292280,91399226,0.661,2.71e-21,113980,97358
HCC1954,10,91399743,97916396,0.708,2.34e-13,31856,29129
HCC1954,10,97916614,108648718,0.65,4.21e-17,64558,54247
HCC1954,10,108648921,108728007,0.479,3.59e-06,507,314
HCC1954,10,108728105,112601598,0.642,1.25e-05,20293,16821
HCC1954,10,112602012,117590070,0.703,1.07e-11,29042,26367
HCC1954,10,117590655,119432814,0.65,1.04e-06,11976,10064
HCC1954,10,119432865,120516336,0.725,1.16e-06,6732,6305
HCC1954,10,120516649,129382980,0.658,2.92e-07,58945,50100
HCC1954,10,129383016,135374736,0.604,1.47e-19,44032,34379
HCC1954,11,1,2568275,0.566,1.0,20017,14649
HCC1954,11,2568454,9798880,0.645,0.0,38380,31991
HCC1954,11,9799301,21417259,0.697,0.0,68339,61554
HCC1954,11,21418170,26041053,0.583,6.76e-45,16356,12314
HCC1954,11,26041287,26735984,0.94,0.0,3002,3645
HCC1954,11,26736310,31758509,0.711,1.08e-23,23048,21180
HCC1954,11,31758667,33511420,0.812,3.22e-14,9476,9941
HCC1954,11,33511498,37864618,1.02,0.0,25506,33623
HCC1954,11,37864701,39939978,0.873,1.66e-18,7272,8203
HCC1954,11,39940192,44939708,0.652,4.67e-52,25668,21610
HCC1954,11,44940051,46481661,0.816,0.0,11629,12255
HCC1954,11,46481732,46594702,0.453,4.55e-21,526,308
HCC1954,11,46594808,47354314,0.809,0.0,4591,4798
HCC1954,11,47354791,57588297,0.997,0.0,17837,22969
HCC1954,11,57588402,60257861,1.16,0.0,11266,16889
HCC1954,11,60258103,63692597,1.005,2.34e-21,22931,29775
HCC1954,11,63692764,65307554,1.165,0.0,13352,20091
HCC1954,11,65307912,68585312,0.784,6.07e-156,21768,22045
HCC1954,11,68585593,68633762,1.861,0.0,506,1217
HCC1954,11,68633774,68680509,3.962,0.0,445,2278
HCC1954,11,68680535,69160660,5.102,2.07e-06,4388,28932
HCC1954,11,69160692,69320163,4.06,2.39e-11,1274,6683
HCC1954,11,69320225,70355230,2.049,9.47e-86,7822,20709
HCC1954,11,70355353,72052722,0.961,0.0,9920,12312
HCC1954,11,72052798,72817618,0.616,3.85e-84,5859,4661
HCC1954,11,72817966,78325811,1.079,0.0,34537,48172
HCC1954,11,78326255,84434691,1.142,1.4e-07,26710,39398
HCC1954,11,84435061,84831963,1.679,0.0,1542,3345
HCC1954,11,84832174,87667152,1.165,2.01e-26,13363,20111
HCC1954,11,87667518,87850751,2.44,0.0,799,2519
HCC1954,11,87850812,90189729,1.125,4.74e-59,5630,8185
HCC1954,11,90189959,91064039,1.45,0.0,3116,5840
HCC1954,11,91064217,91351501,1.12,9.43e-11,1441,2085
HCC1954,11,91351730,91466635,1.9,1.2e-14,442,1085
HCC1954,11,91469605,92218551,1.331,1.09e-08,4378,7532
HCC1954,11,92218632,93704876,1.181,8.34e-07,7312,11157
HCC1954,11,93704966,94452680,2.535,0.0,4252,13928
HCC1954,11,94452736,94622176,3.867,0.0,1024,5117
HCC1954,11,94622291,96624428,1.344,1.31e-153,9893,17183
HCC1954,11,96624601,97183200,1.117,7.45e-10,2139,3087
HCC1954,11,97183528,101303484,1.531,0.0,16043,31743
HCC1954,11,101303690,103498004,2.559,0.0,10366,34277
HCC1954,11,103498294,112757632,0.675,0.0,45980,40111
HCC1954,11,112757841,132555088,0.64,3.86e-11,132732,109818
HCC1954,11,132555237,134452383,0.591,6.05e-09,12943,9888
HCC1954,12,1,4844278,1.223,1.0,29581,46738
HCC1954,12,4844533,5883536,1.396,6.66e-16,7592,13692
HCC1954,12,5883567,9076383,1.224,2.49e-13,14728,23302
HCC1954,12,9076612,20764841,0.467,0.0,53045,32007
HCC1954,12,20766135,22786345,0.371,9.71e-26,6203,2971
HCC1954,12,22786472,33473810,0.449,0.0,49635,28825
HCC1954,12,33474062,33918329,1.737,0.0,1584,3556
HCC1954,12,33918410,38611602,0.785,1.32e-100,7161,7263
HCC1954,12,38612126,38715102,1.912,0.0,487,1203
HCC1954,12,38715118,39621385,3.9,0.0,3988,20096
HCC1954,12,39621628,40284455,3.102,8.87e-18,3011,12071
HCC1954,12,40284942,44050839,2.61,1.19e-14,17149,57827
HCC1954,12,44056979,49908164,0.742,0.0,31499,30218
HCC1954,12,49908492,50151593,0.942,1.89e-10,1517,1847
HCC1954,12,50151866,56219787,0.711,6.82e-14,39457,36229
HCC1954,12,56220134,92744782,0.783,0.0,157211,159080
HCC1954,12,92744831,92831156,0.59,1.65e-06,567,432
HCC1954,12,92833204,97555034,0.769,1.01e-05,24415,24257
HCC1954,12,97555926,97901975,0.491,5.41e-42,2020,1282
HCC1954,12,97902591,98796367,0.754,0.0,3671,3575
HCC1954,12,98796501,99155841,0.445,7.43e-32,1526,878
HCC1954,12,99156930,110063898,0.731,0.0,64924,61298
HCC1954,12,110064642,110385866,0.63,2.07e-07,2628,2139
HCC1954,12,110386856,118322881,0.727,6.69e-07,50089,47041
HCC1954,12,118323075,132349533,0.695,2.36e-08,86820,77922
HCC1954,13,1,31495230,0.837,1.0,68377,73941
HCC1954,13,31495546,54119798,0.873,2.81e-10,112923,127368
HCC1954,13,54120357,65356124,0.821,3.32e-14,38167,40465
HCC1954,13,65356204,66090974,0.706,1.53e-08,2999,2737
HCC1954,13,66091393,108325144,0.86,8.44e-15,184668,205228
HCC1954,13,108325240,111908512,0.813,1.23e-08,21865,22971
HCC1954,13,111909106,114142979,0.745,9.21e-09,14319,13790
HCC1954,14,1,22857915,1.262,1.0,13157,21450
HCC1954,14,22858094,30505492,1.126,6.58e-18,34207,49753
HCC1954,14,30505643,37111831,1.327,0.0,30769,52760
HCC1954,14,37111898,61510838,0.92,0.0,106941,127180
HCC1954,14,61510896,63036380,1.009,2.62e-08,7108,9271
HCC1954,14,63036572,76802878,0.889,4.73e-14,83394,95791
HCC1954,14,76803197,88801623,0.921,2.18e-06,57286,68148
HCC1954,14,88801677,102582141,0.868,1.85e-16,96016,107628
HCC1954,14,102582544,106368584,0.78,8.67e-23,19880,20048
HCC1954,15,1,22720348,0.875,1.0,3752,4240
HCC1954,15,22720418,23605472,1.091,1.6e-14,5005,7054
HCC1954,15,23605533,24545582,1.542,0.0,5271,10503
HCC1954,15,24545680,25353607,2.736,0.0,3534,12494
HCC1954,15,25353717,29446176,0.768,0.0,15268,15160
HCC1954,15,29446349,38012712,0.876,0.0,36053,40824
HCC1954,15,38012851,39209533,0.803,2.04e-07,8202,8509
HCC1954,15,39209975,39580779,1.255,0.0,1507,2443
HCC1954,15,39580949,40015182,0.754,7.52e-33,3101,3023
HCC1954,15,40015704,62740852,0.858,2.72e-07,116935,129696
HCC1954,15,62741120,94522020,0.818,2.88e-20,187440,198206
HCC1954,15,94522460,94869543,1.183,0.0,2134,3262
HCC1954,15,94869566,100338914,0.818,1.25e-32,30929,32700
HCC1954,16,1,1493256,0.711,1.0,11630,10679
HCC1954,16,1493406,1680079,0.503,8.81e-21,1807,1175
HCC1954,16,1680192,3170112,0.73,0.0,10342,9756
HCC1954,16,3170226,13175053,0.82,6.44e-15,63029,66752
HCC1954,16,13175296,22036312,0.865,6.9e-09,34825,38916
HCC1954,16,22036355,22709311,0.705,2.47e-11,2148,1956
HCC1954,16,22710708,34870720,0.808,9.76e-06,49610,51782
HCC1954,16,34870973,52113313,1.209,0.0,43434,67844
HCC1954,16,52113416,65723809,1.264,4.92e-09,75163,122797
HCC1954,16,65723858,65771045,0.859,1.24e-11,498,553
HCC1954,16,65771183,69072714,1.184,3.81e-08,18987,29058
HCC1954,16,69072930,73882191,1.288,1.07e-11,24543,40839
HCC1954,16,73882524,82323584,1.497,0.0,49456,95657
HCC1954,16,82323655,86281231,1.348,3.44e-32,32516,56647
HCC1954,16,86281472,88827253,1.253,3.36e-10,18305,29640
HCC1954,17,1,8003480,0.78,1.0,51479,51912
HCC1954,17,8003490,14338074,0.814,8.08e-06,37273,39224
HCC1954,17,14338851,16151429,0.895,3.18e-08,8102,9369
HCC1954,17,16151480,22128688,0.775,2.73e-16,28821,28850
HCC1954,17,22128997,23987500,1.434,0.0,9407,17428
HCC1954,17,23987638,34810381,1.037,1.21e-109,56715,76025
HCC1954,17,34810447,34902469,2.316,0.0,402,1203
HCC1954,17,34902472,35172289,51.356,0.0,2482,164713
HCC1954,17,35172291,35387729,63.349,6.09e-10,1363,111576
HCC1954,17,35387734,37344915,1.16,0.0,10215,15311
HCC1954,17,37344931,38360661,1.027,3.35e-09,6584,8737
HCC1954,17,38360848,46805263,0.815,4.23e-37,48621,51181
HCC1954,17,46805472,52518150,0.9,0.0,28175,32763
HCC1954,17,52518241,57035210,0.848,7.32e-07,24268,26589
HCC1954,17,57035454,64044025,1.502,0.0,34848,67651
HCC1954,17,64044137,67952699,1.58,3.26e-06,20151,41147
HCC1954,17,67952722,76463969,1.002,0.0,62269,80649
HCC1954,17,76465503,77270457,0.889,2.85e-13,7309,8392
HCC1954,17,77270496,77754126,0.713,1.01e-11,2420,2228
HCC1954,17,77754325,78774741,1.371,0.0,6455,11438
HCC1954,18,1,4665046,1.091,1.0,19802,27917
HCC1954,18,4665130,16976057,1.034,9.84e-07,53524,71516
HCC1954,18,16976195,33062973,0.862,9.27e-127,77638,86472
HCC1954,18,33063118,38166544,0.635,1.13e-201,25766,21153
HCC1954,18,38166704,43562899,0.682,1.36e-08,29963,26411
HCC1954,18,43564730,55049006,0.652,8.12e-06,66507,56002
HCC1954,18,55049149,55131776,0.391,6.09e-15,511,258
HCC1954,18,55131989,66421029,0.667,2.22e-16,50147,43220
HCC1954,18,66421308,73784721,0.626,8.59e-11,40380,32636
HCC1954,18,73785038,76117152,0.539,1.9e-25,15263,10620
HCC1954,19,1,6575483,0.585,1.0,44419,33550
HCC1954,19,6575925,17257807,0.763,0.0,61455,60573
HCC1954,19,17257968,19522297,0.712,1.93e-08,17042,15673
HCC1954,19,19522313,24312157,0.799,8.64e-11,10465,10798
HCC1954,19,24312724,33184597,1.506,0.0,2412,4693
HCC1954,19,33184858,35925933,1.221,2.17e-14,19204,30292
HCC1954,19,35926018,40397439,1.291,4.87e-06,24086,40188
HCC1954,19,40397523,42760182,1.192,1.75e-08,12135,18696
HCC1954,19,42760389,47125486,1.08,4.91e-12,25533,35626
HCC1954,19,47125680,47389845,1.26,6.35e-08,2291,3729
HCC1954,19,47390317,49486668,1.092,3.17e-06,8400,11856
HCC1954,19,49487485,51313014,1.262,6.88e-15,11232,18314
HCC1954,19,51313076,52668105,0.954,1.29e-50,8427,10386
HCC1954,19,52668126,53949955,1.338,0.0,7688,13294
HCC1954,19,53950349,63811650,0.968,2.75e-88,49654,62106
HCC1954,20,1,205168,1.129,1.0,843,1230
HCC1954,20,205340,1158766,0.834,1.46e-09,6937,7474
HCC1954,20,1158945,1920520,1.626,0.0,5160,10844
HCC1954,20,1920571,3566245,1.47,2.07e-06,9366,17792
HCC1954,20,3566292,11959773,1.32,3.86e-14,45641,77849
HCC1954,20,11959890,12820873,0.936,6.06e-42,2619,3166
HCC1954,20,12821006,15053032,0.705,1.62e-19,10003,9118
HCC1954,20,15053377,22433809,0.448,1.2e-144,44119,25545
HCC1954,20,22433819,28259999,0.418,4.01e-07,20905,11277
HCC1954,20,28260006,31421358,0.859,0.0,15393,17077
HCC1954,20,31421523,39979840,0.662,3.84e-87,56818,48577
HCC1954,20,39980467,49175539,1.077,0.0,63186,87950
HCC1954,20,49175661,53350817,1.139,1.78e-08,24405,35907
HCC1954,20,53351254,53487763,2.752,0.0,619,2201
HCC1954,20,53487821,53699150,1.389,9.46e-30,1019,1829
HCC1954,20,53699905,53783972,2.867,0.0,433,1604
HCC1954,20,53783976,54036786,4.306,1.63e-11,1324,7367
HCC1954,20,54036863,54702578,2.143,8.67e-84,3981,11023
HCC1954,20,54702661,56132011,1.869,2.2e-10,12436,30034
HCC1954,20,56132687,56193887,0.95,2.64e-42,603,740
HCC1954,20,56193952,56615144,2.34,0.0,3272,9893
HCC1954,20,56615162,57842288,2.602,4.1e-06,9822,33024
HCC1954,20,57842356,57963593,3.731,1.22e-13,576,2777
HCC1954,20,57963738,59293169,2.899,1.65e-07,9160,34319
HCC1954,20,59293198,59354183,4.792,0.0,524,3245
HCC1954,20,59354218,59592815,3.265,1.07e-12,2051,8654
HCC1954,20,59592849,62435963,0.947,0.0,24164,29559
HCC1954,21,1,15395295,0.674,1.0,4514,3931
HCC1954,21,15396014,15833673,1.246,0.0,2141,3446
HCC1954,21,15833683,16667424,0.736,2.84e-45,3437,3270
HCC1954,21,16668130,17991517,1.333,0.0,5046,8692
HCC1954,21,17991655,20475358,1.644,0.0,9560,20314
HCC1954,21,20475586,21022774,1.254,2.54e-18,1837,2976
HCC1954,21,21022921,22056428,1.049,1.69e-06,3603,4883
HCC1954,21,22057026,23881369,1.424,0.0,6008,11057
HCC1954,21,23881555,26367191,1.164,6.57e-23,10619,15966
HCC1954,21,26367429,26756595,1.732,0.0,1813,4058
HCC1954,21,26756676,27074622,2.224,1.89e-09,1447,4159
HCC1954,21,27075269,27170695,1.369,1.83e-14,449,794
HCC1954,21,27171498,28969331,0.959,4.24e-08,7161,8874
HCC1954,21,28969519,29260330,1.147,7.94e-06,1316,1950
HCC1954,21,29260510,29711629,1.702,0.0,2343,5154
HCC1954,21,29711684,30247607,1.102,2.14e-36,2998,4270
HCC1954,21,30247757,30617381,1.48,1.51e-13,1551,2966
HCC1954,21,30617598,31515730,1.024,9.79e-22,4207,5568
HCC1954,21,31515800,33073308,1.248,2.22e-16,9052,14598
HCC1954,21,33073363,33239843,0.882,2.68e-17,1092,1245
HCC1954,21,33239933,35722953,1.15,6.22e-11,16391,24354
HCC1954,21,35723394,36004820,1.496,1.11e-15,1694,3275
HCC1954,21,36004907,37970248,1.261,1.81e-07,12050,19631
HCC1954,21,37970331,38139781,1.579,2.65e-09,1229,2508
HCC1954,21,38139874,39449216,1.251,1.27e-09,9275,14994
HCC1954,21,39449268,40807882,1.538,0.0,7968,15838
HCC1954,21,40807989,40981024,1.073,2.34e-19,1076,1492
HCC1954,21,40981113,41624991,1.317,2.46e-06,4077,6938
HCC1954,21,41625287,41922086,1.05,1.17e-11,2282,3096
HCC1954,21,41922204,41995091,1.517,6.53e-10,594,1164
HCC1954,21,41995158,43128660,1.095,2.79e-09,9984,14123
HCC1954,21,43128716,43168808,0.812,6.88e-06,403,423
HCC1954,21,43168985,43570518,1.274,4.35e-11,2621,4316
HCC1954,21,43570572,44081169,0.815,1.35e-39,3711,3909
HCC1954,21,44081225,44646763,0.603,2.22e-21,4805,3744
HCC1954,21,44646785,45552784,1.452,0.0,7258,13617
HCC1954,21,45552868,45770103,0.892,6.44e-55,2091,2410
HCC1954,21,45770250,46944322,1.149,4.44e-15,7574,11243
HCC1954,22,1,18663239,0.789,1.0,17457,17790
HCC1954,22,18663338,21774324,1.745,0.0,9817,22138
HCC1954,22,21774435,22554788,1.287,8.23e-44,4473,7436
HCC1954,22,22554807,24902579,1.013,1.13e-23,9167,12005
HCC1954,22,24903105,25685217,1.457,0.0,5960,11219
HCC1954,22,25685314,26568692,1.284,6.22e-09,7541,12513
HCC1954,22,26568959,27616003,1.496,2.5e-11,4969,9604
HCC1954,22,27616074,31722641,1.092,7.54e-56,26359,37197
HCC1954,22,31722949,35161800,0.675,0.0,21911,19121
HCC1954,22,35161953,35254743,1.027,2.76e-13,663,880
HCC1954,22,35254817,38348083,0.603,1.99e-19,24650,19217
HCC1954,22,38348279,39965126,0.674,9.74e-10,9590,8347
HCC1954,22,39965386,40244576,1.022,0.0,1966,2596
HCC1954,22,40245089,42254039,0.602,4.51e-50,14426,11229
HCC1954,22,42254586,44470927,0.65,7.79e-06,16457,13824
HCC1954,22,44471302,44632461,1.033,0.0,972,1298
HCC1954,22,44632515,46652594,0.766,1.24e-10,17101,16934
HCC1954,22,46652732,47254229,0.477,7.97e-88,4705,2901
HCC1954,22,47254501,47510702,0.391,1.09e-06,2459,1241
HCC1954,22,47512300,49691431,0.489,1.49e-10,15515,9808
HCC1954,X,1,8211159,1.238,1.0,20602,32970
HCC1954,X,8211277,23481493,0.946,1.05e-148,80270,98080
HCC1954,X,23481598,23608617,0.618,8.96e-17,699,558
HCC1954,X,23609692,45288008,0.921,7.55e-15,97597,116209
HCC1954,X,45288353,47468656,1.512,0.0,10523,20561
HCC1954,X,47468773,50524022,1.153,4.83e-58,11712,17442
HCC1954,X,50524260,55048381,0.925,2.05e-42,15942,19049
HCC1954,X,55048400,63206281,1.118,0.0,15126,21850
HCC1954,X,63206492,65174962,0.852,6.83e-46,6984,7686
HCC1954,X,65175148,68025195,0.699,1.15e-19,10874,9820
HCC1954,X,68025455,81243848,0.645,4.44e-07,45205,37699
HCC1954,X,81244054,90364553,0.607,1.9e-07,24264,19022
HCC1954,X,90370513,114790630,0.745,0.0,92746,89291
HCC1954,X,114790809,114932797,0.477,2.78e-10,406,250
HCC1954,X,114932855,138830530,0.736,8.98e-10,103456,98430
HCC1954,X,138830706,146195169,0.67,3.77e-21,26135,22634
HCC1954,X,146195744,151760935,0.736,5.6e-14,27536,26199
HCC1954,X,151760959,153433458,0.658,3.79e-12,11327,9636
HCC1954,X,153433622,154913753,0.756,2.34e-07,4020,3928
HCC1143,1,1,6212649,1.028,1.0,15731,24253
HCC1143,1,6213691,8685096,0.881,1.58e-18,8499,11240
HCC1143,1,8685340,8906628,1.656,0.0,638,1585
HCC1143,1,8907106,19951224,0.831,3.18e-38,33083,41242
HCC1143,1,19951528,21862868,1.102,0.0,6419,10612
HCC1143,1,21862994,27466366,0.917,2.91e-22,17529,24109
HCC1143,1,27466670,36203957,0.85,2.41e-09,30142,38452
HCC1143,1,36204389,39057840,0.787,2.44e-07,10991,12980
HCC1143,1,39058306,47617999,0.857,1.83e-08,28742,36939
HCC1143,1,47618463,50501688,1.016,0.0,10664,16256
HCC1143,1,50501737,54315987,0.908,3.81e-11,13211,18003
HCC1143,1,54316126,84104854,0.846,6e-09,108628,137810
HCC1143,1,84105398,84522157,1.508,0.0,1527,3455
HCC1143,1,84522713,94358603,0.863,9.68e-59,35294,45695
HCC1143,1,94358919,94718152,1.659,0.0,1210,3012
HCC1143,1,94718271,99286909,0.896,1.19e-56,16770,22555
HCC1143,1,99287136,104133998,0.814,9.07e-11,15523,18962
HCC1143,1,104135405,107701603,0.566,2.47e-98,11171,9487
HCC1143,1,107702316,148713730,0.844,0.0,49921,63189
HCC1143,1,148713929,148986342,1.783,0.0,720,1926
HCC1143,1,148986498,184837889,0.898,3.67e-44,127956,172417
HCC1143,1,184838330,199135086,1.183,0.0,46506,82555
HCC1143,1,199135339,200242953,1.004,5.48e-17,4497,6776
HCC1143,1,200243070,200560853,1.441,2.22e-16,1033,2234
HCC1143,1,200561661,201593154,1.016,1.49e-14,2984,4548
HCC1143,1,201593473,202935295,1.508,0.0,4984,11274
HCC1143,1,202935456,210541832,1.303,1.05e-14,27867,54495
HCC1143,1,210542048,211135191,2.091,0.0,2004,6287
HCC1143,1,211135223,214890321,1.655,9.36e-17,14486,35983
HCC1143,1,214890366,216011402,1.438,7.12e-12,4333,9346
HCC1143,1,216011593,219177686,1.957,0.0,11663,34245
HCC1143,1,219177775,221670720,2.255,0.0,9123,30871
HCC1143,1,221670740,233147476,1.072,0.0,40202,64635
HCC1143,1,233148079,234562109,1.431,0.0,4504,9672
HCC1143,1,234562168,236150382,1.235,1.36e-09,5800,10746
HCC1143,1,236150389,240331988,1.355,9.66e-07,14937,30370
HCC1143,1,240332448,247249718,1.636,0.0,19823,48649
HCC1143,2,1,23823151,0.58,1.0,132772,115462
HCC1143,2,23824025,36370982,0.616,0.0,63533,58730
HCC1143,2,36370995,39677497,0.721,0.0,17862,19332
HCC1143,2,39677913,62692715,0.794,0.0,122879,146342
HCC1143,2,62693688,63422207,1.278,0.0,3397,6514
HCC1143,2,63422237,63773574,0.851,1.36e-27,1701,2171
HCC1143,2,63773905,86480491,0.622,4.78e-19,119248,111325
HCC1143,2,86480960,94909890,0.701,1.11e-10,6289,6619
HCC1143,2,94911272,95688901,1.62,0.0,2398,5828
HCC1143,2,95690754,96784445,0.96,1.45e-56,3441,4956
HCC1143,2,96785287,99947538,0.806,1.24e-11,12499,15117
HCC1143,2,99947663,100466783,0.687,2.98e-08,2700,2783
HCC1143,2,100468277,101893183,0.802,7.01e-07,6589,7929
HCC1143,2,101893351,102158531,0.658,3.62e-07,1496,1476
HCC1143,2,102159144,104049460,0.856,1.63e-12,9431,12114
HCC1143,2,104049852,104395801,1.449,0.0,1741,3785
HCC1143,2,104396164,106034612,0.988,2.75e-30,8547,12667
HCC1143,2,106034696,114153350,0.825,1.19e-26,22410,27727
HCC1143,2,114153535,117796084,0.705,3.75e-29,16715,17689
HCC1143,2,117796337,143544282,0.654,1.02e-10,111845,109702
HCC1143,2,143544714,145681734,0.612,8.17e-07,12431,11410
HCC1143,2,145682108,150321520,0.66,1.74e-06,22812,22593
HCC1143,2,150321667,150916933,0.781,9.32e-09,2563,3005
HCC1143,2,150917187,152912706,0.668,4.91e-07,9554,9577
HCC1143,2,152912858,153025122,0.49,1.48e-07,617,454
HCC1143,2,153025256,159754451,0.654,5.87e-07,31239,30668
HCC1143,2,159754763,165976305,0.692,7.67e-07,31200,32388
HCC1143,2,165976499,166690151,1.097,0.0,3613,5947
HCC1143,2,166690253,172520056,0.664,6.01e-93,28075,27956
HCC1143,2,172521576,172640293,0.934,1.23e-06,406,569
HCC1143,2,172640543,183401891,0.664,1.18e-06,54153,53945
HCC1143,2,183402100,193386548,0.696,1.24e-07,44545,46538
HCC1143,2,193386691,193437715,0.425,6.57e-09,271,173
HCC1143,2,193438238,223725525,0.664,2.01e-07,146600,146096
HCC1143,2,223725709,223804412,0.47,1.55e-07,462,326
HCC1143,2,223804787,230621389,0.663,2.26e-07,33899,33701
HCC1143,2,230622512,242951148,0.632,1.14e-06,55404,52506
HCC1143,3,1,9243196,0.844,1.0,33668,42641
HCC1143,3,9243306,9687478,1.063,1.73e-10,1420,2265
HCC1143,3,9687929,10110126,1.766,0.0,1256,3329
HCC1143,3,10110462,23266868,0.836,5.75e-86,48016,60259
HCC1143,3,23267722,37561750,0.884,3.77e-11,52001,69001
HCC1143,3,37561881,37733847,1.514,0.0,666,1513
HCC1143,3,37734513,39769674,0.853,4.47e-27,7206,9224
HCC1143,3,39770555,41325030,1.668,0.0,5730,14340
HCC1143,3,41325322,52565087,0.591,0.0,37398,33153
HCC1143,3,52565253,52691048,0.283,2.01e-24,412,175
HCC1143,3,52691476,85294237,0.578,0.0,117233,101737
HCC1143,3,85294392,95175394,1.181,0.0,16643,29482
HCC1143,3,95175544,96291019,1.897,0.0,3738,10641
HCC1143,3,96291244,97104554,1.4,6.85e-24,2594,5449
HCC1143,3,97104645,127254833,1.119,4.45e-19,105766,177640
HCC1143,3,127254934,127356430,0.813,3.81e-07,401,489
HCC1143,3,127356885,137124788,1.113,6.92e-07,35912,59977
HCC1143,3,137124833,154133308,1.411,0.0,59666,126360
HCC1143,3,154133423,171114530,1.363,1.09e-06,57191,116987
HCC1143,3,171114756,172346707,1.553,1.02e-11,4361,10161
HCC1143,3,172347089,174864216,1.722,1.88e-06,9375,24221
HCC1143,3,174864704,193840605,1.366,3.7e-67,68927,141306
HCC1143,3,193840819,199501826,1.492,0.0,16405,36723
HCC1143,4,1,14446207,0.783,1.0,46583,54718
HCC1143,4,14446448,15280935,1.384,0.0,3206,6656
HCC1143,4,15281268,30489571,0.821,7.97e-103,54890,67608
HCC1143,4,30490099,35227675,0.882,1.41e-08,14221,18816
HCC1143,4,35228206,47120544,0.825,3.96e-07,40487,50138
HCC1143,4,47121054,53964129,0.976,0.0,11284,16526
HCC1143,4,53964738,57637325,1.456,0.0,12972,28336
HCC1143,4,57637584,60380425,1.761,0.0,8786,23214
HCC1143,4,60380663,63334931,0.599,0.0,9717,8733
HCC1143,4,63335972,65813589,1.883,0.0,7219,20401
HCC1143,4,65813642,90610300,0.602,0.0,79272,71656
HCC1143,4,90610696,92515652,0.7,8.88e-16,6541,6867
HCC1143,4,92522151,92524212,0.016,0.0,427,10
HCC1143,4,92682650,94185375,0.404,0.0,4864,2948
HCC1143,4,94185848,152720757,0.55,0.0,196743,162344
HCC1143,4,152721192,153114792,0.452,5.16e-08,1734,1177
HCC1143,4,153116125,160540715,0.571,2.02e-10,26766,22927
HCC1143,4,160540979,191273062,0.544,1.9e-06,102637,83742
HCC1143,5,1,14169993,1.771,1.0,47101,125181
HCC1143,5,14170562,32468994,1.67,7.49e-16,57217,143339
HCC1143,5,32469892,63040507,1.126,0.0,93911,158631
HCC1143,5,63040529,63132011,0.806,1.37e-07,396,479
HCC1143,5,63132105,108589211,1.127,1.18e-07,150183,254026
HCC1143,5,108589403,118768041,1.051,3.18e-21,35880,56571
HCC1143,5,118768233,152676722,1.107,5.55e-12,122613,203733
HCC1143,5,152677126,154066337,1.269,6.88e-15,5426,10335
HCC1143,5,154066485,154171993,0.924,3.57e-07,424,588
HCC1143,5,154173005,164428001,1.293,2.18e-08,37609,72970
HCC1143,5,164428765,180857865,1.534,0.0,54707,125910
HCC1143,6,1,549244,0.773,1.0,735,853
HCC1143,6,549315,791916,0.264,1.02e-45,929,368
HCC1143,6,794100,10728164,0.887,0.0,32918,43803
HCC1143,6,10728362,24998743,1.132,0.0,48864,82967
HCC1143,6,24999189,29936270,0.583,0.0,14688,12850
HCC1143,6,29937624,31363517,1.479,0.0,3863,8573
HCC1143,6,31363762,31746704,2.258,3.55e-15,562,1904
HCC1143,6,31746861,36178981,1.237,1.12e-29,11176,20748
HCC1143,6,36179501,38021439,0.91,1.12e-53,6284,8581
HCC1143,6,38021661,38225616,1.972,0.0,589,1743
HCC1143,6,38225920,42416933,1.391,6.81e-12,15104,31529
HCC1143,6,42416992,52124247,1.278,2.93e-12,32184,61738
HCC1143,6,52124684,52660802,1.602,9.77e-15,1883,4527
HCC1143,6,52660827,54180553,0.916,3.26e-60,5076,6976
HCC1143,6,54181272,54823355,0.744,2.64e-09,2023,2258
HCC1143,6,54823854,57224320,0.38,3.89e-66,8003,4565
HCC1143,6,57225781,58179822,1.111,0.0,662,1104
HCC1143,6,58247539,58887093,0.746,2.46e-10,1346,1506
HCC1143,6,58887127,102026238,1.195,0.0,119685,214612
HCC1143,6,102027791,103407351,1.349,1.67e-09,3962,8021
HCC1143,6,103407459,115240073,1.2,1.69e-08,37055,66713
HCC1143,6,115240302,115786941,0.941,2.33e-07,718,1014
HCC1143,6,115787381,130082101,1.228,1.15e-08,45955,84706
HCC1143,6,130082275,130367303,2.259,0.0,1058,3586
HCC1143,6,130367855,139658768,1.187,1.2e-61,31315,55793
HCC1143,6,139659127,142189245,1.301,5.9e-09,7805,15241
HCC1143,6,142189438,149836366,1.165,5.64e-12,26043,45516
HCC1143,6,149836792,152647789,1.269,3.43e-08,8532,16250
HCC1143,6,152647978,167294437,1.152,4.4e-11,45957,79413
HCC1143,6,167295191,170899991,1.377,0.0,7751,16011
HCC1143,7,1,43458788,0.841,1.0,148526,187436
HCC1143,7,43459084,48992455,1.752,0.0,18483,48582
HCC1143,7,48992691,57323295,1.625,4.39e-11,25480,62118
HCC1143,7,57323526,61553694,2.044,4.21e-10,1085,3327
HCC1143,7,61553788,62295717,0.832,2.05e-47,545,680
HCC1143,7,62295827,69024206,0.544,4.91e-11,13507,11017
HCC1143,7,69025090,69337925,0.257,5.1e-64,1268,489
HCC1143,7,69339792,78370780,0.549,0.0,20388,16789
HCC1143,7,78371600,84258523,0.665,0.0,20268,20227
HCC1143,7,84258723,91667083,0.579,1.12e-24,25413,22064
HCC1143,7,91667533,91846247,0.314,5.49e-26,658,310
HCC1143,7,91849487,98144359,0.593,0.0,21889,19485
HCC1143,7,98145465,116346185,0.547,4.22e-12,58438,47959
HCC1143,7,116346474,124998287,0.818,0.0,30967,38010
HCC1143,7,124998847,136215703,0.541,0.0,41481,33683
HCC1143,7,136215775,137160538,0.63,2.01e-09,3778,3570
HCC1143,7,137160558,140258881,0.813,0.0,10334,12598
HCC1143,7,140259245,140665421,1.079,1.04e-13,1390,2251
HCC1143,7,140665447,143876821,0.786,3.93e-16,8317,9813
HCC1143,7,143877361,151633244,0.545,1.67e-88,24702,20205
HCC1143,7,151634097,151753806,0.881,7.7e-11,410,542
HCC1143,7,151754893,158821423,0.514,6.77e-13,21493,16576
HCC1143,8,1,14179574,0.505,1.0,34082,25809
HCC1143,8,14180621,36755065,0.56,0.0,73726,61928
HCC1143,8,36755101,43354238,0.831,0.0,21662,27010
HCC1143,8,43355548,43618420,2.576,0.0,661,2555
HCC1143,8,43618929,43905477,0.864,2.33e-62,623,808
HCC1143,8,43905792,48707244,1.764,0.0,3893,10303
HCC1143,8,48707393,61543966,1.578,2.17e-08,44113,104435
HCC1143,8,61544211,69875169,1.853,0.0,30156,83835
HCC1143,8,69875191,97407216,1.595,1.3e-81,95630,228907
HCC1143,8,97407399,98317602,2.187,0.0,3496,11471
HCC1143,8,98317697,102535904,1.627,8.91e-41,14869,36301
HCC1143,8,102535965,112410975,2.557,0.0,36293,139224
HCC1143,8,112411194,114870632,2.904,0.0,8100,35291
HCC1143,8,114870827,115494723,1.648,3.5e-80,1689,4177
HCC1143,8,115494792,124162755,2.165,0.0,32074,104208
HCC1143,8,124162970,124488782,2.856,1.93e-13,945,4050
HCC1143,8,124489350,133419753,2.302,7.92e-09,34948,120729
HCC1143,8,133419943,146274825,2.18,1.46e-11,45565,149026
HCC1143,9,1,20977689,0.354,1.0,74054,39299
HCC1143,9,20979587,28492463,0.382,4.34e-10,25792,14770
HCC1143,9,28493197,30537881,1.531,0.0,6142,14108
HCC1143,9,30538318,35899747,0.909,2.09e-167,17482,23851
HCC1143,9,35900627,74119668,0.846,4.72e-08,23912,30352
HCC1143,9,74119770,74301917,0.651,1.8e-07,731,714
HCC1143,9,74302320,75135186,0.905,2.25e-09,2958,4015
HCC1143,9,75135468,113687727,0.796,4.14e-07,135760,162231
HCC1143,9,113687881,115415956,0.908,1.61e-11,4995,6807
HCC1143,9,115416087,128766331,0.797,7.24e-11,51311,61372
HCC1143,9,128766554,128875315,0.545,2.35e-09,457,374
HCC1143,9,128876728,140273251,0.776,3.82e-08,33811,39365
HCC1143,10,1,6336164,1.55,1.0,20669,48074
HCC1143,10,6336623,14690091,1.666,1.18e-11,31355,78388
HCC1143,10,14690196,26180974,1.807,0.0,38782,105177
HCC1143,10,26181145,29578837,1.968,1.8e-11,10936,32287
HCC1143,10,29578977,52220556,1.364,9.22e-182,49413,101162
HCC1143,10,52221014,65364446,1.421,3.66e-07,44678,95237
HCC1143,10,65364825,76014045,0.857,0.0,35203,45242
HCC1143,10,76014705,117152676,0.816,1.31e-09,146278,179104
HCC1143,10,117152810,117321987,1.113,7.95e-07,458,765
HCC1143,10,117322082,135374736,0.814,7.08e-07,64966,79381
HCC1143,11,1,4804924,0.795,1.0,12604,15037
HCC1143,11,4805074,5995054,1.322,0.0,3655,7250
HCC1143,11,5995441,6365140,1.908,0.0,1244,3561
HCC1143,11,6365297,7271059,1.259,1.66e-25,3601,6803
HCC1143,11,7271210,7752291,1.857,0.0,1866,5200
HCC1143,11,7752341,12318498,1.314,3.57e-31,16390,32324
HCC1143,11,12318600,27776471,0.815,0.0,54440,66540
HCC1143,11,27777578,29787834,1.408,0.0,7301,15419
HCC1143,11,29788078,36565476,0.834,1.24e-201,25433,31827
HCC1143,11,36566261,39267627,1.468,0.0,9157,20167
HCC1143,11,39267849,45506020,0.845,9.99e-264,22730,28834
HCC1143,11,45506268,48222633,1.421,0.0,9284,19798
HCC1143,11,48222888,48579371,1.013,4.77e-12,659,1002
HCC1143,11,48581006,50712047,1.738,0.0,880,2295
HCC1143,11,50713191,58681263,1.083,1.05e-26,10186,16554
HCC1143,11,58681637,59563729,1.302,3.58e-12,2929,5720
HCC1143,11,59564319,59803409,1.976,0.0,726,2153
HCC1143,11,59803704,61862363,0.813,1.26e-67,6814,8310
HCC1143,11,61863413,62111932,1.337,0.0,642,1288
HCC1143,11,62112047,65178054,0.821,2.72e-19,9369,11538
HCC1143,11,65178335,67252786,1.111,0.0,6359,10596
HCC1143,11,67255584,68545408,0.798,1.67e-33,3411,4085
HCC1143,11,68545824,68655552,1.886,0.0,425,1203
HCC1143,11,68655558,69290478,6.957,0.0,2302,24031
HCC1143,11,69290835,70074640,3.643,1.24e-95,2326,12715
HCC1143,11,70075354,72081577,0.84,0.0,6063,7639
HCC1143,11,72081681,74024760,0.978,6.16e-11,6763,9921
HCC1143,11,74024771,78029029,1.606,0.0,14002,33739
HCC1143,11,78029405,80149614,0.818,0.0,7236,8877
HCC1143,11,80149762,110375556,0.57,6.66e-92,102521,87615
HCC1143,11,110376360,130780487,0.539,9.07e-15,79477,64331
HCC1143,11,130780698,132924184,0.497,5.6e-07,9233,6882
HCC1143,11,132924621,134452383,0.242,7.59e-149,5557,2017
HCC1143,12,1,54888108,0.818,1.0,175532,215312
HCC1143,12,54888366,59823803,1.709,0.0,16392,42022
HCC1143,12,59823899,64307795,0.838,0.0,15135,19019
HCC1143,12,64308163,64415949,1.869,0.0,429,1203
HCC1143,12,64415984,66605324,5.123,0.0,8514,65444
HCC1143,12,66605335,68453396,2.819,3.56e-254,6791,28726
HCC1143,12,68459483,68572007,1.465,1.38e-28,374,822
HCC1143,12,68572173,70655899,2.673,0.0,7262,29121
HCC1143,12,70655973,71191755,3.876,0.0,2190,12738
HCC1143,12,71191807,100653596,0.839,0.0,103348,130162
HCC1143,12,100654307,100940797,1.119,3.07e-11,961,1614
HCC1143,12,100941069,111150374,0.802,3.55e-14,36973,44470
HCC1143,12,111150822,111360093,2.302,0.0,634,2190
HCC1143,12,111360358,124910037,0.805,2.58e-85,46528,56224
HCC1143,12,124910336,132349533,0.997,0.0,24530,36710
HCC1143,13,1,20338314,0.852,1.0,5126,6552
HCC1143,13,20338449,23260433,0.737,6.01e-10,9946,10996
HCC1143,13,23260623,25335915,1.157,0.0,6740,11702
HCC1143,13,25336183,28385074,1.273,8.27e-07,10681,20397
HCC1143,13,28385964,42664609,0.557,0.0,52680,44024
HCC1143,13,42664914,42747320,0.387,3.17e-07,437,254
HCC1143,13,42747672,87669542,0.57,3.75e-08,152780,130768
HCC1143,13,87669987,89071819,0.65,8.91e-08,3765,3669
HCC1143,13,89072194,96763857,0.553,2.8e-10,28059,23261
HCC1143,13,96764170,97136325,0.293,5.75e-58,1497,657
HCC1143,13,97138615,97950551,0.571,0.0,2831,2427
HCC1143,13,97951669,106728111,1.31,0.0,33396,65618
HCC1143,13,106728488,109870180,1.544,0.0,11866,27485
HCC1143,13,109870317,114142979,0.818,0.0,12369,15174
HCC1143,14,1,20820095,1.319,1.0,3797,7517
HCC1143,14,20820904,58084891,1.064,1.34e-24,123424,197125
HCC1143,14,58085201,58404942,0.889,2.12e-07,1365,1821
HCC1143,14,58406330,87603245,1.051,1.6e-06,105539,166391
HCC1143,14,87603508,90655690,0.985,3.8e-07,11330,16751
HCC1143,14,90656320,91029451,1.468,0.0,1301,2865
HCC1143,14,91030461,93268360,1.045,3.07e-19,7708,12082
HCC1143,14,93268386,93336258,0.695,1.58e-08,328,342
HCC1143,14,93336487,102076206,0.978,1.92e-06,33601,49305
HCC1143,14,102076584,103772029,1.081,2.39e-07,5175,8390
HCC1143,14,103772334,103883426,2.085,0.0,415,1298
HCC1143,14,103883441,104911984,3.496,0.0,3145,16498
HCC1143,14,104912126,106368584,2.593,2.2e-07,404,1572
HCC1143,15,1,29061893,1.02,1.0,18913,28937
HCC1143,15,29061941,54763757,1.084,2.23e-09,84746,137850
HCC1143,15,54764070,62540623,1.628,0.0,29894,73005
HCC1143,15,62540700,70072101,1.332,2.56e-87,26959,53893
HCC1143,15,70072322,70440212,2.141,0.0,1297,4166
HCC1143,15,70440329,100338914,1.277,5.23e-51,100552,192645
HCC1143,16,1,13219913,1.069,1.0,42809,68638
HCC1143,16,13220138,34734885,1.337,0.0,48009,96275
HCC1143,16,34735177,53436137,0.785,0.0,31658,37286
HCC1143,16,53436405,75301971,0.832,1.87e-10,72525,90503
HCC1143,16,75302103,75376401,0.539,1.43e-09,349,282
HCC1143,16,75377646,88827253,0.793,1.04e-07,46197,54952
HCC1143,17,1,23935250,1.051,1.0,70276,110852
HCC1143,17,23935525,29695298,0.807,1.47e-137,18887,22876
HCC1143,17,29696281,32153206,1.171,0.0,6191,10882
HCC1143,17,32153432,34985792,0.559,9.57e-228,7580,6356
HCC1143,17,34985988,35216956,1.119,0.0,840,1410
HCC1143,17,35218290,38556021,0.562,6.96e-40,9424,7949
HCC1143,17,38556598,39925895,1.1,0.0,3665,6051
HCC1143,17,39926643,40059771,0.671,1.87e-14,436,439
HCC1143,17,40060938,43295006,1.087,1.58e-14,6955,11346
HCC1143,17,43295075,43502794,2.277,0.0,743,2538
HCC1143,17,43503764,51050179,1.068,3.22e-58,27115,43451
HCC1143,17,51050426,54961438,1.637,0.0,14438,35461
HCC1143,17,54961502,62483476,0.859,0.0,22917,29529
HCC1143,17,62483664,78774741,1.596,0.0,51917,124347
HCC1143,18,1,1081086,1.911,1.0,2917,8363
HCC1143,18,1081137,1194858,1.168,1.87e-15,403,706
HCC1143,18,1196049,2816091,1.823,1.41e-13,5818,15912
HCC1143,18,2816472,7885976,2.111,0.0,17035,53964
HCC1143,18,7886170,10798011,2.705,0.0,10717,43500
HCC1143,18,10798368,11695608,2.326,1.87e-11,3219,11233
HCC1143,18,11696017,16798053,1.041,2.05e-223,8414,13147
HCC1143,18,16798266,19074886,0.825,5.45e-30,7946,9837
HCC1143,18,19075687,19805756,2.142,0.0,2702,8685
HCC1143,18,19805945,20108637,1.318,2.58e-33,1193,2359
HCC1143,18,20109050,36020756,0.846,5.15e-30,59195,75116
HCC1143,18,36028031,42180522,1.11,0.0,22838,38053
HCC1143,18,42180598,49231551,0.9,2.09e-73,27358,36955
HCC1143,18,49232026,53271432,0.804,1.62e-17,15650,18870
HCC1143,18,53271552,56176062,0.978,0.0,10475,15366
HCC1143,18,56176510,57423305,0.827,2.95e-13,4759,5907
HCC1143,18,57423402,64867961,1.546,0.0,26146,60655
HCC1143,18,64868582,69804684,1.403,9.72e-17,17758,37380
HCC1143,18,69804766,76117152,1.544,1.33e-15,23064,53443
HCC1143,19,1,14543076,0.816,1.0,35573,43544
HCC1143,19,14544282,14690726,1.891,0.0,424,1203
HCC1143,19,14690741,15692485,8.127,0.0,2668,32535
HCC1143,19,15692705,17282748,1.34,0.0,4433,8916
HCC1143,19,17283421,20009101,1.073,1.41e-20,7215,11621
HCC1143,19,20009546,20535018,2.491,0.0,545,2037
HCC1143,19,20537057,23523375,0.807,4.94e-82,3983,4824
HCC1143,19,23524000,23974279,1.396,0.0,845,1770
HCC1143,19,23974374,36003064,0.957,2.23e-16,12606,18107
HCC1143,19,36003172,57343250,1.063,2.22e-16,55900,89127
HCC1143,19,57343340,63811650,0.969,1.04e-15,15749,22888
HCC1143,20,1,6983482,1.479,1.0,24431,54225
HCC1143,20,6983566,24239836,1.7,0.0,62427,159255
HCC1143,20,24240063,25664129,1.93,1.82e-12,4596,13311
HCC1143,20,25664278,29268625,1.193,8.56e-19,508,909
HCC1143,20,29268969,29622428,2.311,0.0,1188,4120
HCC1143,20,29622518,32283246,3.38,0.0,8996,45620
HCC1143,20,32283321,34322771,2.217,1.04e-122,6697,22274
HCC1143,20,34322987,37420906,1.884,6.76e-20,11240,31772
HCC1143,20,37421026,62435963,1.037,0.0,91702,142635
HCC1143,21,1,16166971,2.91,1.0,6883,30057
HCC1143,21,16167216,17694772,1.264,0.0,5009,9501
HCC1143,21,17695757,18281370,3.075,0.0,1805,8329
HCC1143,21,18281624,22560591,1.077,2.03e-255,13868,22415
HCC1143,21,22560764,27182116,0.92,5.25e-26,16048,22146
HCC1143,21,27183555,32214705,0.68,1.08e-93,18087,18452
HCC1143,21,32216154,32786920,1.913,0.0,2014,5781
HCC1143,21,32787024,35042892,1.331,8.78e-34,8494,16961
HCC1143,21,35043468,35152570,0.413,7.31e-94,494,306
HCC1143,21,35153177,40988629,0.838,0.0,22312,28049
HCC1143,21,40989179,41115030,1.749,0.0,458,1202
HCC1143,21,41115031,41370392,2.594,7.34e-10,986,3838
HCC1143,21,41370742,42101477,0.907,2.68e-119,2786,3791
HCC1143,21,42102181,42396611,2.414,0.0,1136,4115
HCC1143,21,42396653,44308162,1.093,1.28e-88,6101,10005
HCC1143,21,44308223,46351817,2.748,0.0,6750,27834
HCC1143,21,46352621,46944322,1.068,2.77e-178,1387,2222
HCC1143,22,1,28074010,1.581,1.0,31079,73738
HCC1143,22,28074378,44856339,1.514,3.21e-07,56401,128156
HCC1143,22,44856791,45005021,2.306,3.11e-15,509,1761
HCC1143,22,45005058,49691431,1.473,1.1e-16,15148,33477
HCC1143,X,1,44633776,0.284,1.0,141333,60213
HCC1143,X,44634504,46771942,0.614,0.0,6766,6234
HCC1143,X,46772225,50192265,0.353,2.2e-101,7515,3976
HCC1143,X,50192515,50280847,0.185,1.24e-13,401,111
HCC1143,X,50283428,57025093,0.286,1.76e-06,15429,6629
HCC1143,X,57026224,57393113,0.407,1.1e-07,783,478
HCC1143,X,57394231,61665886,0.757,0.0,2676,3038
HCC1143,X,61666843,64815418,1.114,0.0,6792,11353
HCC1143,X,64815516,73012381,0.851,2.03e-49,22613,28884
HCC1143,X,73012566,77923388,1.433,0.0,9121,19608
HCC1143,X,77923577,83525676,1.578,1.11e-09,15403,36467
HCC1143,X,83525882,85667004,1.308,1.33e-24,5934,11642
HCC1143,X,85667638,87442704,1.503,1.76e-09,5170,11657
HCC1143,X,87442767,100009828,1.304,1.7e-14,28523,55800
HCC1143,X,100009903,105793750,0.743,0.0,17155,19136
HCC1143,X,105793959,106055045,1.146,0.0,797,1371
HCC1143,X,106055444,106842456,0.731,9.95e-17,2680,2940
HCC1143,X,106843188,106952333,0.526,9.74e-07,512,404
HCC1143,X,106953077,114865139,0.767,5.89e-10,25943,29860
HCC1143,X,114865457,115265316,1.007,2.64e-08,801,1210
HCC1143,X,115265774,117463411,1.497,0.0,6443,14471
HCC1143,X,117463486,117914740,2.045,0.0,1578,4841
HCC1143,X,117914808,138654697,1.31,2.92e-46,65900,129482
HCC1143,X,138655087,138993035,0.446,3.02e-161,967,647
HCC1143,X,138993098,146571177,0.782,0.0,21235,24916
HCC1143,X,146571576,151983429,0.709,2.92e-12,17553,18675
HCC1143,X,151984821,152502391,1.491,0.0,1321,2956
HCC1143,X,152502562,154913753,1.038,8.78e-21,5348,8332
NCI-H2347,1,1,4399426,0.907,1.0,7874,8243
NCI-H2347,1,4400594,59581916,0.836,6.04e-07,207999,200668
NCI-H2347,1,59582269,59666425,0.594,7.19e-08,506,347
NCI-H2347,1,59666588,121029456,0.825,2.37e-07,274937,261855
NCI-H2347,1,121030960,144229455,1.27,3.67e-11,481,705
NCI-H2347,1,144229513,144971021,0.831,3.14e-08,954,915
NCI-H2347,1,144972086,204404124,1.219,0.0,247327,348018
NCI-H2347,1,204404145,215008293,1.133,7.31e-30,48442,63305
NCI-H2347,1,215009122,215406152,0.759,1.48e-38,1944,1703
NCI-H2347,1,215406613,235906358,1.102,0.0,88266,112243
NCI-H2347,1,235906666,235962581,0.764,1.71e-07,364,321
NCI-H2347,1,235962992,247249718,1.087,5.62e-07,44614,55951
NCI-H2347,2,1,172015160,0.837,1.0,715695,690893
NCI-H2347,2,172015260,172168160,0.636,2.06e-07,729,535
NCI-H2347,2,172169211,185999911,0.838,2.03e-07,65991,63805
NCI-H2347,2,185999998,186084291,0.586,6e-08,470,318
NCI-H2347,2,186085105,190422443,0.847,2.89e-08,20187,19732
NCI-H2347,2,190423049,190513436,0.616,8.63e-07,495,352
NCI-H2347,2,190515060,221898264,0.833,2.69e-06,148257,142474
NCI-H2347,2,221899004,242951148,0.857,2.49e-06,86076,85131
NCI-H2347,3,1,126814147,1.204,1.0,548743,762480
NCI-H2347,3,126814252,130808590,1.284,1.18e-08,13873,20556
NCI-H2347,3,130808862,173977332,1.214,9.36e-07,195323,273552
NCI-H2347,3,173978730,174554777,1.366,3.36e-06,2679,4223
NCI-H2347,3,174554880,196676961,1.21,2.07e-06,101922,142271
NCI-H2347,3,196677610,197115986,0.91,9.6e-09,700,735
NCI-H2347,3,197116804,199501826,1.2,1.3e-07,6326,8762
NCI-H2347,4,1,59919293,1.078,1.0,241795,300769
NCI-H2347,4,59919422,85051643,1.105,8.35e-07,105918,134998
NCI-H2347,4,85051702,85120992,0.781,2.47e-07,395,356
NCI-H2347,4,85121281,191273062,1.087,9.32e-07,481175,603287
NCI-H2347,5,1,37287435,1.6,1.0,155215,286652
NCI-H2347,5,37287691,37430472,1.013,2.46e-14,427,499
NCI-H2347,5,37430597,55323368,1.596,4.09e-14,65567,120753
NCI-H2347,5,55323467,55430059,1.155,1.27e-07,412,549
NCI-H2347,5,55430546,116678565,1.581,2.81e-07,275311,502323
NCI-H2347,5,116678709,156775198,1.052,0.0,180567,219226
NCI-H2347,5,156775274,180857865,1.576,0.0,99173,180309
NCI-H2347,6,1,26387064,1.417,1.0,85968,140574
NCI-H2347,6,26387215,28990206,1.151,7.26e-46,8312,11040
NCI-H2347,6,28990573,77589276,1.045,1.67e-10,190980,230276
NCI-H2347,6,77591004,77647723,0.693,1.62e-08,344,275
NCI-H2347,6,77647812,77858673,1.049,2.25e-06,879,1064
NCI-H2347,6,77858875,125563928,0.563,4.31e-31,215934,140219
NCI-H2347,6,125564442,125655984,0.367,3.44e-09,482,204
NCI-H2347,6,125656175,144780589,0.56,5.78e-09,93000,60097
NCI-H2347,6,144781757,144876792,0.224,4.12e-34,449,116
NCI-H2347,6,144877566,170899991,0.555,0.0,108096,69282
NCI-H2347,7,1,68173314,1.096,1.0,252085,318830
NCI-H2347,7,68173381,94091894,1.032,4.1e-34,103630,123391
NCI-H2347,7,94092154,94239130,0.814,1.63e-06,753,707
NCI-H2347,7,94239369,98788557,1.047,5.29e-07,18409,22243
NCI-H2347,7,98789430,98896327,0.621,7.65e-12,317,227
NCI-H2347,7,98897222,158821423,1.025,4.08e-11,246663,291851
NCI-H2347,8,1,11678515,0.925,1.0,32603,34796
NCI-H2347,8,11678822,11874847,1.336,1.06e-09,537,828
NCI-H2347,8,11874898,76092625,0.931,1.58e-09,254733,273627
NCI-H2347,8,76092789,127977543,1.411,0.0,244544,398110
NCI-H2347,8,127977654,128753019,1.225,1.81e-13,4455,6296
NCI-H2347,8,128753340,141066390,1.361,1.2e-07,59515,93451
NCI-H2347,8,141066440,146274825,1.486,2.02e-14,15492,26562
NCI-H2347,9,1,9518744,0.34,1.0,41392,16254
NCI-H2347,9,9518896,9602149,0.002,0.0,871,2
NCI-H2347,9,9682894,14439125,0.348,0.0,22164,8891
NCI-H2347,9,14441234,14618048,0.936,0.0,927,1001
NCI-H2347,9,14618267,16560958,0.627,2.59e-14,8390,6068
NCI-H2347,9,16561236,16659004,0.916,8.17e-08,495,523
NCI-H2347,9,16659511,24063645,0.631,8.45e-08,34251,24953
NCI-H2347,9,24064291,24159631,0.955,1.81e-08,439,484
NCI-H2347,9,24159749,25296777,0.623,1.69e-08,4876,3504
NCI-H2347,9,25297161,25898808,0.351,4.3e-51,2922,1183
NCI-H2347,9,25901938,70235483,0.622,0.0,53183,38156
NCI-H2347,9,70235564,119565105,0.819,0.0,216191,204399
NCI-H2347,9,119565256,119667807,0.615,5.29e-07,626,444
NCI-H2347,9,119668201,127167470,0.818,7.82e-07,34109,32192
NCI-H2347,9,127167612,140273251,0.862,6.28e-07,39057,38853
NCI-H2347,10,1,24739997,0.81,1.0,105539,98639
NCI-H2347,10,24740355,37632635,0.84,1.27e-06,53749,52119
NCI-H2347,10,37632860,52585365,0.887,1.87e-07,28707,29382
NCI-H2347,10,52585645,52725125,0.354,1.42e-63,681,278
NCI-H2347,10,52725492,74309379,0.899,0.0,95074,98674
NCI-H2347,10,74309936,74386528,0.626,1.38e-07,414,299
NCI-H2347,10,74387308,114716499,0.896,1.94e-07,171675,177406
NCI-H2347,10,114716748,114821750,0.594,2.07e-13,629,431
NCI-H2347,10,114823123,124648685,0.792,6.57e-07,50369,46050
NCI-H2347,10,124648790,124775843,0.595,4.32e-07,661,454
NCI-H2347,10,124776316,135374736,0.804,1.05e-07,46613,43217
NCI-H2347,11,1,2459091,1.205,1.0,5617,7809
NCI-H2347,11,2459862,22816397,1.088,2.96e-08,86445,108509
NCI-H2347,11,22817114,22884807,0.771,1.59e-07,416,370
NCI-H2347,11,22884884,134452383,1.098,6.44e-08,447697,567202
NCI-H2347,12,1,90141446,1.101,1.0,384308,488309
NCI-H2347,12,90141534,123747827,1.079,1.27e-06,142253,177149
NCI-H2347,12,123748589,123882255,1.879,0.0,416,902
NCI-H2347,12,123882439,132349533,1.085,7.88e-17,31299,39198
NCI-H2347,13,1,34963282,0.868,1.0,70399,70533
NCI-H2347,13,34963504,64665220,0.838,9.26e-08,134733,130306
NCI-H2347,13,64665948,101632658,0.862,4.74e-08,175213,174286
NCI-H2347,13,101633094,104221769,0.813,3.7e-06,13238,12412
NCI-H2347,13,104222428,114142979,0.869,2.65e-06,40499,40592
NCI-H2347,14,1,55721112,1.321,1.0,157758,240424
NCI-H2347,14,55721299,103376049,1.282,2.55e-12,217977,322418
NCI-H2347,14,103376318,106368584,1.47,9.67e-13,4660,7902
NCI-H2347,15,1,30778143,0.914,1.0,24802,26171
NCI-H2347,15,30778505,45733654,0.56,0.0,64069,41374
NCI-H2347,15,45734849,48167127,0.866,0.0,11285,11271
NCI-H2347,15,48167195,48286442,0.339,2.03e-48,512,200
NCI-H2347,15,48287289,58326907,0.893,0.0,45478,46850
NCI-H2347,15,58327536,58400519,0.599,2.49e-08,385,266
NCI-H2347,15,58400730,62374651,0.886,6.13e-08,18641,19052
NCI-H2347,15,62375746,65374674,1.037,0.0,10463,12518
NCI-H2347,15,65374777,100338914,1.104,3.68e-06,141047,179671
NCI-H2347,16,1,4146283,0.604,1.0,10161,7086
NCI-H2347,16,4148185,4378064,0.985,6.6e-10,396,450
NCI-H2347,16,4378878,53851930,0.561,1.94e-12,129565,83912
NCI-H2347,16,53852295,88827253,0.59,2.22e-16,137945,93925
NCI-H2347,17,1,13286975,0.557,1.0,47926,30807
NCI-H2347,17,13287056,13355842,0.007,0.0,493,4
NCI-H2347,17,13395656,21624613,0.569,0.0,22930,15059
NCI-H2347,17,21625344,73685001,1.102,0.0,188644,239844
NCI-H2347,17,73685217,78017599,1.197,5.08e-10,10505,14515
NCI-H2347,17,78017924,78181877,0.498,7.85e-50,522,300
NCI-H2347,17,78182178,78774741,1.16,0.0,1354,1812
NCI-H2347,18,1,11902258,0.704,1.0,51394,41742
NCI-H2347,18,11903145,25269127,0.743,5.39e-09,48843,41899
NCI-H2347,18,25269352,25686632,0.875,2.25e-06,1874,1893
NCI-H2347,18,25686965,55732374,0.74,9.03e-07,142295,121503
NCI-H2347,18,55732980,55916313,0.562,3.51e-07,749,486
NCI-H2347,18,55916925,76117152,0.756,3.34e-08,92268,80527
NCI-H2347,19,1,1981515,0.966,1.0,2854,3181
NCI-H2347,19,1983132,63811650,0.844,5.71e-07,143387,139715
NCI-H2347,20,1,17395771,1.034,1.0,76443,91182
NCI-H2347,20,17395869,62435963,1.066,1.21e-07,168174,206946
NCI-H2347,21,1,21773915,0.93,1.0,34794,37336
NCI-H2347,21,21774057,21842920,0.623,2.94e-09,426,306
NCI-H2347,21,21843175,31248996,0.892,1.35e-07,44430,45726
NCI-H2347,21,31249882,46944322,0.933,2.3e-07,63297,68119
NCI-H2347,22,1,23034348,0.987,1.0,15093,17181
NCI-H2347,22,23034458,27126257,0.836,4.96e-25,15132,14590
NCI-H2347,22,27126445,49691431,0.888,1.04e-06,78463,80419
NCI-H2347,X,1,43166822,0.79,1.0,181395,165344
NCI-H2347,X,43167317,147981349,0.813,4.16e-12,368363,345526
NCI-H2347,X,147981379,148196713,0.655,2.43e-06,988,747
NCI-H2347,X,148197974,154913753,0.825,7.75e-07,21463,20434
