"ID","step_index","x_from","y_from","x_to","y_to","step_km","log1p_step_km"
"elk-115",1,769.928,4992.847,766.875,4997.444,5.5184434399566,1.87463561123356
"elk-115",2,766.875,4997.444,765.949,4998.516,1.4165662709524,0.88234763628136
"elk-115",3,765.949,4998.516,765.938,4998.2765,0.23975247652527,0.214911743985651
"elk-115",4,765.938,4998.2765,766.275,4998.005,0.432760037434142,0.359602680137361
"elk-115",5,766.275,4998.005,766.368,4998.051,0.103754517973918,0.0987175662222578
"elk-115",6,766.368,4998.051,777.208,4991.996,12.4164658820455,2.5964827497711
"elk-115",7,777.208,4991.996,776.684,4992.027,0.524916183785564,0.42193944709685
"elk-115",8,776.684,4992.027,776.991,4991.9915,0.309045708593405,0.269298405029658
"elk-115",9,776.991,4991.9915,776.682,4992.006,0.30934002327536,0.269523211237248
"elk-115",10,776.682,4992.006,777.343,4991.828,0.684547295663346,0.521496860444701
"elk-115",11,777.343,4991.828,776.773,4992.405,0.811066581730501,0.593915943399668
"elk-115",12,776.773,4992.405,776.765,4990.6795,1.72551854524951,1.0026587018467
"elk-115",13,776.765,4990.6795,777.261,4991.248,0.754458912068775,0.562160497168324
"elk-115",14,777.261,4991.248,777.278,4991.787,0.53926802241557,0.431306993310117
"elk-115",15,777.278,4991.787,777.089,4992.698,0.930398839208218,0.657726634006611
"elk-115",16,777.089,4992.698,777.103,4992.069,0.629155783570333,0.48806195645963
"elk-115",17,777.103,4992.069,777.569,4992.4445,0.598461569359303,0.469041647539233
"elk-115",18,777.569,4992.4445,777.161,4991.608,0.930696647678501,0.657880895133737
"elk-115",19,777.161,4991.608,777.521,4992.315,0.793378220018674,0.584101114942535
"elk-115",20,777.521,4992.315,777.023,4992.2505,0.502159586187499,0.406903796824069
"elk-115",21,777.023,4992.2505,776.703,4992.2005,0.323882694814033,0.280568854506629
"elk-115",22,776.703,4992.2005,776.716,4991.541,0.659628114925372,0.50659355011723
"elk-115",23,776.716,4991.541,776.697,4991.3,0.241747802471915,0.216519905301252
"elk-115",24,776.697,4991.3,776.852,4991.6825,0.41271206670026,0.345511308486218
"elk-115",25,776.852,4991.6825,776.404,4991.815,0.467183315198649,0.383344450589706
"elk-115",26,776.404,4991.815,776.689,4992.477,0.720741978796851,0.542755580827881
"elk-115",27,776.689,4992.477,776.482,4992.499,0.208165799304305,0.189103341174278
"elk-115",28,776.482,4992.499,776.22,4992.966,0.535474555884778,0.428839490188199
"elk-115",29,776.22,4992.966,776.179,4992.7335,0.236087377892169,0.211951050624305
"elk-115",30,776.179,4992.7335,776.803,4992.201,0.820324478483972,0.599014770079146
"elk-115",31,776.803,4992.201,777.215,4991.944,0.485585213942929,0.395808778087421
"elk-115",32,777.215,4991.944,776.667,4991.5185,0.693796980391238,0.526972742761559
"elk-115",33,776.667,4991.5185,776.743,4992.377,0.861857441808099,0.621574614059257
"elk-115",34,776.743,4992.377,777.165,4991.1405,1.30652831963184,0.835743502124555
"elk-115",35,777.165,4991.1405,776.851,4992.271,1.17329717037075,0.776245447732052
"elk-115",36,776.851,4992.271,776.984,4992.404,0.188090403795622,0.17234731551625
"elk-115",37,776.984,4992.404,776.822,4992.164,0.289558284288328,0.254299744455717
"elk-115",38,776.822,4992.164,777.162,4992.526,0.496632661028249,0.403217691911392
"elk-115",39,777.162,4992.526,777.185,4992.552,0.0347131099154196,0.0341241998059857
"elk-115",40,777.185,4992.552,776.718,4992.135,0.626081464347891,0.486173110945566
"elk-115",41,776.718,4992.135,777.094,4992.9665,0.912561367799448,0.648443373942027
"elk-115",42,777.094,4992.9665,777.088,4992.9225,0.044407206622349,0.043449458070226
"elk-115",43,777.088,4992.9225,777.269,4992.616,0.355953999837058,0.304505265518793
"elk-115",44,777.269,4992.616,777.061,4992.485,0.245814971065637,0.219789910996106
"elk-115",45,777.061,4992.485,776.142,4992.9625,1.0356482269574,0.710814307217172
"elk-115",46,776.142,4992.9625,776.946,4992.35,1.01072857385156,0.698497130945967
"elk-115",47,776.946,4992.35,777.029,4992.3645,0.0842570471830102,0.0808950033045706
"elk-115",48,777.029,4992.3645,776.523,4992.459,0.514748725107698,0.41524956719065
"elk-115",49,776.523,4992.459,777.113,4992.9765,0.784796948261141,0.57930465428552
"elk-115",50,777.113,4992.9765,776.837,4993.23,0.374750917277063,0.31827256363747
"elk-115",51,776.837,4993.23,776.709,4993.501,0.299708191412914,0.262139771126834
"elk-115",52,776.709,4993.501,776.399,4992.429,1.11592293640735,0.749491093865622
"elk-115",53,776.399,4992.429,776.396,4992.511,0.0820548596976438,0.078861881262496
"elk-115",54,776.396,4992.511,776.335,4992.602,0.109553639829994,0.103957808170504
"elk-115",55,776.335,4992.602,776.507,4992.569,0.175137089161605,0.161384812417415
"elk-115",56,776.507,4992.569,776.447,4992.4585,0.125738816600126,0.118439545973096
"elk-115",57,776.447,4992.4585,775.931,4992.7515,0.593384361101639,0.465860283118448
"elk-115",58,775.931,4992.7515,776.295,4993.025,0.45530017570829,0.375212185673954
"elk-115",59,776.295,4993.025,776.165,4992.9275,0.1625,0.150572858479374
"elk-115",60,776.165,4992.9275,776.072,4993.0045,0.120739388767709,0.113988636034206
"elk-115",61,776.072,4993.0045,776.184,4992.8255,0.211151604303638,0.191571646086073
"elk-115",62,776.184,4992.8255,777.064,4991.0725,1.96148132797638,1.08568959179398
"elk-115",63,777.064,4991.0725,776.652,4993.622,2.58257511991423,1.27608184907376
"elk-115",64,776.652,4993.622,776.719,4993.6555,0.074908277246243,0.0722353344475029
"elk-115",65,776.719,4993.6555,777.113,4993.766,0.409201967248448,0.343023563487695
"elk-115",66,777.113,4993.766,777.417,4991.386,2.39933657497234,1.22358028757462
"elk-115",67,777.417,4991.386,777.002,4992.3505,1.04999297616698,0.717836366884439
"elk-115",68,777.002,4992.3505,777.428,4991.3195,1.11554336536058,0.749311689838402
"elk-115",69,777.428,4991.3195,777.422,4991.305,0.0156923548264752,0.0155705029353598
"elk-115",70,777.422,4991.305,777.139,4991.241,0.290146514712826,0.254755789220932
"elk-115",71,777.139,4991.241,770.419,4992.371,6.8143451629632,2.0559611680355
"elk-115",72,770.419,4992.371,766.185,4998.858,7.74647823207424,2.16865113158664
"elk-115",73,766.185,4998.858,765.829,4998.566,0.460434577328854,0.378734047134269
"elk-115",74,765.829,4998.566,766.146,4997.978,0.668006736492979,0.511629342593255
"elk-115",75,766.146,4997.978,766.27,4998.23,0.280855834904671,0.247528475523353
"elk-115",76,766.27,4998.23,766.255,4998.0045,0.225998340701873,0.203755484088857
"elk-115",77,766.255,4998.0045,766.272,4998.0425,0.0416293165929973,0.0407861378066883
"elk-115",78,766.272,4998.0425,766.28,4998.0615,0.0206155281280883,0.0204059042371535
"elk-115",79,766.28,4998.0615,766.272,4998.056,0.0097082439194738,0.00966142171648071
"elk-115",80,766.272,4998.056,766.29,4998.0395,0.0244182308941496,0.0241248718406238
"elk-115",81,766.29,4998.0395,766.285,4998.0405,0.00509901951359278,0.00508606353678171
"elk-115",82,766.285,4998.0405,765.475,4999.743,1.88536634371148,1.05965187412085
"elk-115",83,765.475,4999.743,777.267,4992.071,14.0680790444183,2.71257853566275
"elk-115",84,777.267,4992.071,777.265,4992.619,0.548003649622884,0.436966132802278
"elk-115",85,777.265,4992.619,777.256,4992.6815,0.0631446751515914,0.0612311909000579
"elk-115",86,777.256,4992.6815,776.953,4993.5025,0.875128561983895,0.628677223463217
"elk-115",87,776.953,4993.5025,777.268,4992.6455,0.913057500927516,0.648702747992539
"elk-115",88,777.268,4992.6455,777.316,4991.576,1.0705765969794,0.727827117755046
"elk-115",89,777.316,4991.576,776.726,4993.6715,2.1769750228241,1.15592949338178
"elk-115",90,776.726,4993.6715,777.043,4993.948,0.42064385173208,0.351110185563606
"elk-115",91,777.043,4993.948,776.766,4992.417,1.55585667720391,0.938387461861723
"elk-115",92,776.766,4992.417,776.833,4994.8905,2.47440725225255,1.24542388957585
"elk-115",93,776.833,4994.8905,776.523,4995.333,0.540283490401104,0.431966484160075
"elk-115",94,776.523,4995.333,776.456,4995.2975,0.075823808925693,0.0730867019801087
"elk-115",95,776.456,4995.2975,776.902,4994.814,0.65779043015234,0.505485649539698
"elk-115",96,776.902,4994.814,777.179,4991.985,2.8425288037239,1.34613069249202
"elk-115",97,777.179,4991.985,777.105,4992.6005,0.619932455998232,0.482384454546829
"elk-115",98,777.105,4992.6005,777.028,4992.0695,0.536553818363079,0.429542128569895
"elk-115",99,777.028,4992.0695,776.527,4995.2355,3.20539498346148,1.43636822087125
"elk-115",100,776.527,4995.2355,776.565,4995.2595,0.0449444101084885,0.0439636879333812
"elk-115",101,776.565,4995.2595,766.301,4998.1055,10.6512633992405,2.45541462041857
"elk-115",102,766.301,4998.1055,766.26,4998.022,0.0930228466560769,0.0889471116804965
"elk-115",103,766.26,4998.022,764.694,4999.644,2.25460417812085,1.18007066400219
"elk-115",104,764.694,4999.644,764.651,4999.6595,0.0457083143421413,0.0446944685730495
"elk-115",105,764.651,4999.6595,764.641,4999.6175,0.0431740662898458,0.042268052113073
"elk-115",106,764.641,4999.6175,764.639,4999.6215,0.00447213595499958,0.00446216566959572
"elk-115",107,764.639,4999.6215,764.372,4999.275,0.437437138341042,0.362861762883481
"elk-115",108,764.372,4999.275,764.511,4999.371,0.168928979159882,0.156087927145545
"elk-115",109,764.511,4999.371,764.469,4999.629,0.261396250929504,0.232219243092611
"elk-115",110,764.469,4999.629,764.396,4999.6165,0.0740624736286873,0.0714481635091496
"elk-115",111,764.396,4999.6165,764.564,4999.584,0.17111472759526,0.157956053851673
"elk-115",112,764.564,4999.584,763.731,4998.6005,1.28886044628579,0.828054072002112
"elk-115",113,763.731,4998.6005,763.772,4998.5025,0.106230880632705,0.100958634146766
"elk-115",114,763.772,4998.5025,762.768,4994.3775,4.24542589147426,1.65735643807021
"elk-115",115,762.768,4994.3775,763.383,4992.511,1.96520921278117,1.08694759076349
"elk-115",116,763.383,4992.511,759.748,4991.166,3.87585474444025,1.58429542127379
"elk-115",117,759.748,4991.166,764.441,4999.4315,9.50487975989176,2.35183988824305
"elk-115",118,764.441,4999.4315,764.251,4999.4085,0.191387042403607,0.175118210212067
"elk-115",119,764.251,4999.4085,764.722,4999.5655,0.496477592646436,0.403114075025404
"elk-115",120,764.722,4999.5655,766.247,4998.11,2.1081046582179,1.13401310575373
"elk-115",121,766.247,4998.11,764.179,4999.482,2.48173487705677,1.24753069745252
"elk-115",122,764.179,4999.482,763.745,4998.578,1.00278212987667,0.694537278863782
"elk-115",123,763.745,4998.578,764.152,4999.4695,0.980010841776763,0.683102320336282
"elk-115",124,764.152,4999.4695,763.748,4997.59,1.92242977765119,1.07241538589788
"elk-115",125,763.748,4997.59,763.709,4998.508,0.918828057908551,0.651714613172045
"elk-115",126,763.709,4998.508,763.737,4998.505,0.0281602556806574,0.0277710456232138
"elk-115",127,763.737,4998.505,770.538,4992.019,9.39796770583938,2.34161037415168
"elk-115",128,770.538,4992.019,769.955,4988.9755,3.09883546675199,1.41070290086588
"elk-115",129,769.955,4988.9755,766.289,4997.9705,9.71337124792417,2.37149261064472
"elk-115",130,766.289,4997.9705,763.766,4998.5035,2.5786853239587,1.27499550502342
"elk-115",131,763.766,4998.5035,762.262,4995.155,3.67075853877642,1.54132148649432
"elk-115",132,762.262,4995.155,763.765,4998.6335,3.78932332349722,1.56638913286252
"elk-115",133,763.765,4998.6335,772.959,4997.988,9.21663204484154,2.32401698494898
"elk-115",134,772.959,4997.988,772.958,4997.7785,0.209502386621251,0.190209024295639
"elk-115",135,772.958,4997.7785,772.963,4997.99,0.211559093399457,0.191908037137673
"elk-115",136,772.963,4997.99,772.494,4997.6925,0.555398280515883,0.441731641784899
"elk-115",137,772.494,4997.6925,770.814,4995.925,2.4385356774097,1.23504570558831
"elk-115",138,770.814,4995.925,772.564,4998.667,3.25285474621908,1.44759046243622
"elk-115",139,772.564,4998.667,772.899,4997.906,0.831472188350278,0.605120117945503
"elk-115",140,772.899,4997.906,772.584,4997.9165,0.315174951415876,0.273969699682113
"elk-115",141,772.584,4997.9165,772.458,4997.7045,0.246617112139446,0.220433572347528
"elk-115",142,772.458,4997.7045,772.368,4997.641,0.110146493362249,0.104491982618203
"elk-115",143,772.368,4997.641,771.189,4997.8595,1.19907599842545,0.788037271423563
"elk-115",144,771.189,4997.8595,772.369,4997.614,1.20526770885144,0.790848911439173
"elk-115",145,772.369,4997.614,772.361,4997.61,0.00894427190999916,0.00890450883528074
"elk-115",146,772.361,4997.61,772.806,4997.9065,0.534731007142844,0.428355126036544
"elk-115",147,772.806,4997.9065,772.366,4997.775,0.459230062169279,0.377908941941285
"elk-115",148,772.366,4997.775,772.388,4997.6025,0.173897239771079,0.160329187567331
"elk-115",149,772.388,4997.6025,772.197,4997.912,0.363691146441593,0.310195101554052
"elk-115",150,772.197,4997.912,772.074,4997.7945,0.170103644875705,0.157092330250064
"elk-115",151,772.074,4997.7945,772.257,4997.672,0.220216370871922,0.199028196193657
"elk-115",152,772.257,4997.672,772.893,4999.213,1.66708638048543,0.980986633308832
"elk-115",153,772.893,4999.213,772.211,4997.918,1.46360821260336,0.901627028403438
"elk-115",154,772.211,4997.918,772.361,4998.0995,0.235461780338126,0.211444811397527
"elk-115",155,772.361,4998.0995,771.95,4998.266,0.443444754168995,0.367032447250593
"elk-115",156,771.95,4998.266,772.175,4997.9355,0.399819021558505,0.336342957949732
"elk-115",157,772.175,4997.9355,772.281,4997.8635,0.128140547837131,0.120570744460431
"elk-115",158,772.281,4997.8635,772.808,4997.7015,0.551337464716484,0.439117439326074
"elk-115",159,772.808,4997.7015,772.823,4999.023,1.32158512779162,0.842250197110565
"elk-115",160,772.823,4999.023,772.256,4997.677,1.46054955410626,0.900384720973261
"elk-115",161,772.256,4997.677,772.953,4998.0675,0.798936324121015,0.587195559189675
"elk-115",162,772.953,4998.0675,772.237,4997.692,0.808490105072412,0.592492301049962
"elk-115",163,772.237,4997.692,771.602,4998.112,0.761331071216721,0.566069813670585
"elk-115",164,771.602,4998.112,771.097,4998.1425,0.505920201217544,0.409404140734482
"elk-115",165,771.097,4998.1425,771.691,4998.1815,0.595278926218626,0.467048596320072
"elk-115",166,771.691,4998.1815,771.291,4998.2795,0.411830062040158,0.34488677916531
"elk-115",167,771.291,4998.2795,771.488,4998.261,0.197866748090729,0.180542264868103
"elk-115",168,771.488,4998.261,771.444,4998.185,0.0878179936004006,0.084173849146256
"elk-115",169,771.444,4998.185,772.157,4997.914,0.762764708150554,0.566883433448636
"elk-115",170,772.157,4997.914,771.273,4998.3035,0.966005305368454,0.676003720281076
"elk-115",171,771.273,4998.3035,771.915,4998.2325,0.645914080973623,0.498295902213028
"elk-115",172,771.915,4998.2325,771.879,4998.16,0.0809459696340713,0.0778365555708158
"elk-115",173,771.879,4998.16,771.208,4998.279,0.68147046891263,0.519668689696439
"elk-115",174,771.208,4998.279,771.763,4998.2645,0.55518938210308,0.441597327349317
"elk-115",175,771.763,4998.2645,772.818,4999.003,1.28779161745991,0.827586993084849
"elk-115",176,772.818,4999.003,772.618,4997.7015,1.31677722109702,0.840177091106809
"elk-115",177,772.618,4997.7015,772.658,4998.832,1.13120743013826,0.756688687721527
"elk-115",178,772.658,4998.832,772.886,4999.207,0.438872418818955,0.363859764363168
"elk-115",179,772.886,4999.207,773.177,4998.6245,0.651143033441962,0.501467795614254
"elk-115",180,773.177,4998.6245,772.975,4998.931,0.367077988988716,0.312675607313223
"elk-115",181,772.975,4998.931,772.241,4997.8335,1.32032656945166,0.841707938466763
"elk-115",182,772.241,4997.8335,773.182,4998.5995,1.21335773784981,0.794510700896406
"elk-115",183,773.182,4998.5995,772.167,4997.9235,1.2195085075554,0.797285778380079
"elk-115",184,772.167,4997.9235,772.695,4998.702,0.940662665358842,0.663029494831919
"elk-115",185,772.695,4998.702,772.624,4999.3585,0.660328138125281,0.507015256403052
"elk-115",186,772.624,4999.3585,772.571,4999.4155,0.0778331548891602,0.0749526876781624
"elk-115",187,772.571,4999.4155,772.575,4999.4085,0.00806225774829855,0.00802993138106691
"elk-115",188,772.575,4999.4085,772.576,4999.4155,0.00707106781186548,0.0070461850415105
"elk-115",189,772.576,4999.4155,772.577,4999.4175,0.00223606797749979,0.00223357169804091
"elk-115",190,772.577,4999.4175,772.581,4999.417,0.00403112887414927,0.00402302564362723
"elk-115",191,772.581,4999.417,772.577,4999.4175,0.00403112887414927,0.00402302564362723
"elk-115",192,772.577,4999.4175,772.577,4999.4165,0.001,0.000999500333083533
"elk-115",193,772.577,4999.4165,772.573,4999.421,0.00602079728939615,0.00600274471375555
"elk-163",1,777.384,4992.54,773.322,4988.298,5.87319402029254,1.92762892108666
"elk-163",2,773.322,4988.298,774.533,4988.145,1.22062688811938,0.797789538057642
"elk-163",3,774.533,4988.145,774.081,4988.411,0.524461628720348,0.421641317382179
"elk-163",4,774.081,4988.411,774.158,4988.256,0.173072239252862,0.159626152815861
"elk-163",5,774.158,4988.256,774.822,4988.845,0.887590558760063,0.635301179141155
"elk-163",6,774.822,4988.845,773.522,4987.8535,1.63495328679446,0.96886545386444
"elk-163",7,773.522,4987.8535,773.939,4988.143,0.507640867149208,0.410546089465312
"elk-163",8,773.939,4988.143,760.556,4982.2795,14.6111368910841,2.74798456282239
"elk-163",9,760.556,4982.2795,757.911,4981.144,2.87843451375917,1.35543159638164
"elk-163",10,757.911,4981.144,749.234,4975.8025,10.1893057295382,2.41495847656867
"elk-163",11,749.234,4975.8025,749.075,4974.416,1.39558706285205,0.873628321014579
"elk-163",12,749.075,4974.416,749.075,4974.419,0.003,0.00299550897979848
"elk-163",13,749.075,4974.419,749.064,4974.5095,0.0911660572801084,0.0872469017582598
"elk-163",14,749.064,4974.5095,735.966,4967.2095,14.9949192728737,2.77227112636616
"elk-163",15,735.966,4967.2095,736.108,4967.2595,0.15054567413247,0.140236329081617
"elk-163",16,736.108,4967.2595,736.137,4967.2205,0.0486004115208915,0.0474563336041408
"elk-163",17,736.137,4967.2205,736.133,4967.438,0.217536778499637,0.196829783731603
"elk-163",18,736.133,4967.438,735.845,4967.247,0.34557922391255,0.296824570099921
"elk-163",19,735.845,4967.247,736.127,4967.2685,0.282818404634493,0.249059535970061
"elk-163",20,736.127,4967.2685,736.1,4967.42,0.153887133965124,0.143136359113099
"elk-163",21,736.1,4967.42,734.588,4966.215,1.93343450884689,1.07617392387358
"elk-163",22,734.588,4966.215,734.681,4966.6055,0.401421536542324,0.337487104712852
"elk-163",23,734.681,4966.6055,715.786,4960.995,19.7103712610899,3.03063460190495
"elk-163",24,715.786,4960.995,720.901,4962.2155,5.25859727018527,1.83395608175756
"elk-163",25,720.901,4962.2155,719.884,4962.0775,1.02632012549691,0.706221401980628
"elk-163",26,719.884,4962.0775,719.768,4961.6315,0.46083836645835,0.379010494518568
"elk-163",27,719.768,4961.6315,719.656,4961.561,0.132341414530751,0.124287537250326
"elk-163",28,719.656,4961.561,714.965,4960.8075,4.75113073383589,1.74939648483907
"elk-163",29,714.965,4960.8075,714.188,4961.239,0.888775140291401,0.63592854506098
"elk-163",30,714.188,4961.239,717.224,4961.3515,3.03808364763053,1.39577023479014
"elk-163",31,717.224,4961.3515,712.69,4961.3075,4.53421349298861,1.71094945904283
"elk-163",32,712.69,4961.3075,700.268,4964.2375,12.7628752246506,2.62197476595692
"elk-163",33,700.268,4964.2375,692.097,4964.22,8.17101874003481,2.21604837497618
"elk-163",34,692.097,4964.22,692.115,4964.3035,0.0854180894190452,0.0819652486397107
"elk-163",35,692.115,4964.3035,692.904,4964.513,0.816340155817414,0.59682357311083
"elk-163",36,692.904,4964.513,692.233,4964.28,0.710302752352826,0.53667040300294
"elk-163",37,692.233,4964.28,692.054,4964.3975,0.21411970950849,0.194019295278781
"elk-163",38,692.054,4964.3975,696.953,4964.664,4.90624329298905,1.7760099766807
"elk-163",39,696.953,4964.664,696.967,4964.685,0.0252388589282479,0.0249256185431057
"elk-163",40,696.967,4964.685,696.948,4964.674,0.0219544984001002,0.021716968676969
"elk-163",41,696.948,4964.674,697.001,4964.5065,0.175685087585714,0.161851030951046
"elk-163",42,697.001,4964.5065,692.189,4964.253,4.81867266474908,1.76107217125659
"elk-163",43,692.189,4964.253,696.944,4964.6585,4.77225892528895,1.75306349875666
"elk-163",44,696.944,4964.6585,696.99,4964.5935,0.0796303962064738,0.0766187568287914
"elk-163",45,696.99,4964.5935,696.942,4964.6825,0.101118742080783,0.0963267012265725
"elk-163",46,696.942,4964.6825,686.7,4961.4035,10.7540878274264,2.46420108029342
"elk-163",47,686.7,4961.4035,696.993,4964.518,10.7538811249706,2.46418349455846
"elk-163",48,696.993,4964.518,697.01,4964.5325,0.0223439029715043,0.0220979351502125
"elk-163",49,697.01,4964.5325,697.02,4964.6245,0.0925418824100742,0.0885069835549183
"elk-163",50,697.02,4964.6245,703.748,4963.3535,6.84700116839482,2.06013144204233
"elk-163",51,703.748,4963.3535,703.741,4963.3795,0.0269258240356725,0.0265697024720608
"elk-163",52,703.741,4963.3795,703.733,4963.3505,0.0300832179129826,0.0296395930681521
"elk-163",53,703.733,4963.3505,703.68,4963.317,0.0626996810199223,0.0608125392364243
"elk-163",54,703.68,4963.317,703.723,4963.418,0.109772492000501,0.104155032154917
"elk-163",55,703.723,4963.418,703.737,4963.706,0.288340076992429,0.253354627763084
"elk-163",56,703.737,4963.706,703.74,4963.715,0.00948683298050514,0.0094421155757427
"elk-163",57,703.74,4963.715,703.732,4963.707,0.0113137084989848,0.0112501871579406
"elk-163",58,703.732,4963.707,703.642,4963.471,0.252578700606365,0.22520438681832
"elk-163",59,703.642,4963.471,703.429,4963.8285,0.416143304643965,0.347937193995373
"elk-163",60,703.429,4963.8285,703.503,4964.2725,0.450124427242068,0.371649364641935
"elk-163",61,703.503,4964.2725,703.577,4964.4435,0.186324984905407,0.170860280666379
"elk-163",62,703.577,4964.4435,703.453,4963.8465,0.609741748611656,0.476073761541146
"elk-163",63,703.453,4963.8465,703.44,4964.089,0.242848203616992,0.217405684087283
"elk-163",64,703.44,4964.089,703.441,4964.091,0.00223606797749979,0.00223357169804091
"elk-163",65,703.441,4964.091,696.997,4964.5005,6.45699823834574,2.00915295231994
"elk-163",66,696.997,4964.5005,697.069,4964.449,0.0885225959854319,0.0848213603060636
"elk-163",67,697.069,4964.449,686.943,4961.234,10.6241282465904,2.45308295912095
"elk-163",68,686.943,4961.234,676.003,4957.02,11.7235402502828,2.54345384075082
"elk-163",69,676.003,4957.02,676.006,4957.0605,0.0406109591120426,0.0398080013504594
"elk-163",70,676.006,4957.0605,676.041,4957.0405,0.0403112887414927,0.0395199844647439
"elk-163",71,676.041,4957.0405,675.907,4956.943,0.165717379897221,0.153336674240776
"elk-163",72,675.907,4956.943,675.862,4956.9715,0.0532658427136941,0.0518956635048496
"elk-163",73,675.862,4956.9715,675.944,4957.0665,0.125495019821505,0.118222956496135
"elk-163",74,675.944,4957.0665,675.858,4957.0185,0.098488578017961,0.0939352149896183
"elk-163",75,675.858,4957.0185,675.919,4957.1,0.101800049115902,0.0969452506343522
"elk-163",76,675.919,4957.1,675.845,4957.0235,0.10643425200564,0.101142458956501
"elk-163",77,675.845,4957.0235,676.021,4956.9905,0.179067026557097,0.164723470284604
"elk-163",78,676.021,4956.9905,675.849,4956.98,0.172320196146592,0.158984858744393
"elk-163",79,675.849,4956.98,675.964,4957.0605,0.140375389580938,0.131357497308731
"elk-163",80,675.964,4957.0605,675.957,4957.067,0.0095524865872714,0.00950715007621341
"elk-163",81,675.957,4957.067,675.929,4957.033,0.0440454310910905,0.0431030048844135
"elk-163",82,675.929,4957.033,676.081,4957.1195,0.174889250670246,0.161173888405137
"elk-163",83,676.081,4957.1195,676.054,4957.0055,0.1171537451386,0.110784151742161
"elk-163",84,676.054,4957.0055,675.858,4957.0105,0.196063765137773,0.179035969439815
"elk-163",85,675.858,4957.0105,675.945,4957.082,0.112611056295552,0.106709555959629
"elk-163",86,675.945,4957.082,675.98,4957.049,0.0481040538832228,0.0469828690266279
"elk-163",87,675.98,4957.049,675.961,4957.1185,0.0720503296314458,0.0695730108295923
"elk-163",88,675.961,4957.1185,676.056,4957.104,0.0961002081163199,0.091758615109352
"elk-163",89,676.056,4957.104,676.047,4957.119,0.0174928556845359,0.017341616869703
"elk-163",90,676.047,4957.119,677.787,4954.8025,2.89720076107956,1.36025854185784
"elk-163",91,677.787,4954.8025,677.83,4954.7455,0.0714002801114954,0.0689664659090563
"elk-163",92,677.83,4954.7455,677.88,4954.4165,0.332777703580033,0.287265263283932
"elk-163",93,677.88,4954.4165,677.901,4954.4305,0.0252388589282479,0.0249256185431057
"elk-163",94,677.901,4954.4305,677.618,4949.9695,4.46996756140355,1.69927268614273
"elk-163",95,677.618,4949.9695,677.615,4950.036,0.0665676347784717,0.0644456744322665
"elk-163",96,677.615,4950.036,676.565,4949.4905,1.18324564229073,0.780812596336155
"elk-163",97,676.565,4949.4905,676.557,4949.4885,0.00824621125123532,0.00821239701693107
"elk-163",98,676.557,4949.4885,674.752,4945.488,4.38885238416605,1.68433244651199
"elk-163",99,674.752,4945.488,674.228,4945.1035,0.649935573730197,0.500736240926042
"elk-163",100,674.228,4945.1035,674.197,4944.819,0.286183944343494,0.251679651623681
"elk-163",101,674.197,4944.819,674.16,4944.8015,0.0409298179815156,0.0401143694749525
"elk-163",102,674.16,4944.8015,676.887,4942.4965,3.57065176123351,1.51965581207498
"elk-163",103,676.887,4942.4965,676.646,4942.1615,0.412681475232412,0.345489653826508
"elk-163",104,676.646,4942.1615,676.648,4942.1475,0.014142135623731,0.0140430685445922
"elk-163",105,676.648,4942.1475,676.671,4942.1675,0.0304795013082563,0.0300242291643629
"elk-163",106,676.671,4942.1675,677.109,4940.8815,1.35854333754945,0.858044198620827
"elk-163",107,677.109,4940.8815,677.167,4940.9525,0.0916787870774914,0.0877166830238757
"elk-163",108,677.167,4940.9525,676.791,4941.8345,0.958801335001156,0.672332722386102
"elk-163",109,676.791,4941.8345,676.677,4942.1025,0.291238733687674,0.255602016292775
"elk-163",110,676.677,4942.1025,676.751,4941.803,0.308506482914055,0.268886397438194
"elk-163",111,676.751,4941.803,675.304,4943.8655,2.51946725519503,1.25830963019979
"elk-163",112,675.304,4943.8655,676.683,4942.1365,2.21157907387459,1.16676273951273
"elk-163",113,676.683,4942.1365,676.646,4942.1605,0.0441021541423999,0.043157333468968
"elk-163",114,676.646,4942.1605,676.832,4942.409,0.310400144974193,0.270332544750203
"elk-163",115,676.832,4942.409,672.564,4930.7285,12.4358314659696,2.5979251282038
"elk-163",116,672.564,4930.7285,672.609,4930.7425,0.0471274866717927,0.0460506882501892
"elk-163",117,672.609,4930.7425,672.574,4930.757,0.0378846934790292,0.0371846932929515
"elk-163",118,672.574,4930.757,672.61,4930.776,0.0407062648740952,0.039899583509124
"elk-163",119,672.61,4930.776,672.618,4930.7745,0.00813941029804985,0.00810646395319173
"elk-163",120,672.618,4930.7745,672.628,4930.804,0.031148836254345,0.030673555677208
"elk-163",121,672.628,4930.804,672.572,4930.7265,0.0956151138680491,0.0913159533719209
"elk-163",122,672.572,4930.7265,672.63,4930.704,0.0622113333726259,0.0603528986655144
"elk-163",123,672.63,4930.704,672.618,4930.7615,0.0587388287251287,0.0570784155472365
"elk-163",124,672.618,4930.7615,672.613,4930.743,0.0191637678967368,0.0189824556519942
"elk-163",125,672.613,4930.743,672.631,4930.843,0.101607086367044,0.0967701012066833
"elk-163",126,672.631,4930.843,672.624,4930.8175,0.0264433356443547,0.0260997544377065
"elk-163",127,672.624,4930.8175,672.618,4930.7775,0.0404474968323134,0.0396509060227443
"elk-163",128,672.618,4930.7775,672.628,4930.7065,0.0717007670809734,0.0692468884974739
"elk-163",129,672.628,4930.7065,672.46,4930.4425,0.312921715449727,0.272254970884915
"elk-163",130,672.46,4930.4425,672.515,4930.7485,0.310903522012858,0.270716610931617
"elk-163",131,672.515,4930.7485,672.597,4930.6565,0.123239604024031,0.116217013660696
"elk-163",132,672.597,4930.6565,672.62,4930.705,0.0536772763839597,0.0522862138445963
"elk-163",133,672.62,4930.705,672.599,4930.7485,0.0483037265643139,0.0471733593344364
"elk-163",134,672.599,4930.7485,672.614,4930.7305,0.02343074902772,0.0231604628899168
"elk-163",135,672.614,4930.7305,672.554,4930.468,0.269269846065244,0.238441810780043
"elk-163",136,672.554,4930.468,672.588,4930.764,0.297946303887127,0.260783249080385
"elk-163",137,672.588,4930.764,672.556,4930.719,0.0552177507691141,0.0537471444640046
"elk-163",138,672.556,4930.719,672.462,4930.447,0.287784641702784,0.252923410055167
"elk-163",139,672.462,4930.447,672.492,4930.691,0.245837344600042,0.219807869789365
"elk-163",140,672.492,4930.691,672.442,4930.472,0.2246352599215,0.202643052658394
"elk-163",141,672.442,4930.472,672.454,4930.478,0.0134164078649987,0.013327204835448
"elk-163",142,672.454,4930.478,672.579,4930.7585,0.307091598712827,0.267804515363747
"elk-163",143,672.579,4930.7585,672.537,4930.474,0.287583466145048,0.252767179528329
"elk-163",144,672.537,4930.474,672.456,4930.712,0.251406046068904,0.224267756014361
"elk-163",145,672.456,4930.712,672.539,4930.716,0.0830963296421689,0.0798239111013141
"elk-163",146,672.539,4930.716,672.234,4929.8815,0.888490433263071,0.635777797371507
"elk-163",147,672.234,4929.8815,671.844,4929.4605,0.573882392132744,0.45354542810115
"elk-163",148,671.844,4929.4605,672.277,4929.857,0.587112638256068,0.461916414612308
"elk-163",149,672.277,4929.857,670.779,4927.5745,2.73016670736422,1.31645292632032
"elk-163",150,670.779,4927.5745,670.835,4927.611,0.0668449698930293,0.0647056664427314
"elk-163",151,670.835,4927.611,670.781,4927.561,0.0735934779718964,0.0710114123024244
"elk-163",152,670.781,4927.561,670.883,4927.6135,0.114718132829993,0.108601577285704
"elk-163",153,670.883,4927.6135,670.879,4927.607,0.00763216876123687,0.00760319110939459
"elk-163",154,670.879,4927.607,670.793,4927.582,0.0895600357302296,0.08577397781299
"elk-163",155,670.793,4927.582,671.212,4927.3405,0.483614774381429,0.39448152505057
"elk-163",156,671.212,4927.3405,670.744,4927.5375,0.507772586892991,0.410633453766012
"elk-163",157,670.744,4927.5375,670.746,4927.5385,0.00223606797749979,0.00223357169804091
"elk-163",158,670.746,4927.5385,670.844,4927.5565,0.0996393496566492,0.094982262096689
"elk-287",1,776.418,4988.9395,776.007,4988.037,0.991679005525477,0.688978004373192
"elk-287",2,776.007,4988.037,775.823,4987.9445,0.205942346301095,0.187261291441778
"elk-287",3,775.823,4987.9445,775.925,4987.9145,0.106320270880016,0.101039437022034
"elk-287",4,775.925,4987.9145,775.88,4987.879,0.0573171004151466,0.0557346622897401
"elk-287",5,775.88,4987.879,779.904,4976.3305,12.2294901058875,2.58244843663491
"elk-287",6,779.904,4976.3305,780.778,4970.7415,5.65692469456683,1.89565762033689
"elk-287",7,780.778,4970.7415,777.919,4964.1535,7.18161715771594,2.10188982761756
"elk-287",8,777.919,4964.1535,776.261,4958.6235,5.77320223099798,1.9129739781951
"elk-287",9,776.261,4958.6235,778.057,4955.9555,3.21618407433405,1.43893047118113
"elk-287",10,778.057,4955.9555,780.741,4953.1715,3.86710641177612,1.58249959454822
"elk-287",11,780.741,4953.1715,780.787,4953.1155,0.0724706837279737,0.0699650369270684
"elk-287",12,780.787,4953.1155,780.758,4953.067,0.0565088488645805,0.0549699336797701
"elk-287",13,780.758,4953.067,780.772,4953.224,0.157622967869534,0.146368737076053
"elk-287",14,780.772,4953.224,776.78,4951.987,4.17926225547046,1.6446626244046
"elk-287",15,776.78,4951.987,775.221,4952.474,1.63329421721869,0.968235616473789
"elk-287",16,775.221,4952.474,775.092,4952.263,0.247309522663403,0.220988849741887
"elk-287",17,775.092,4952.263,775.672,4952.6665,0.706549538249088,0.53447351809599
"elk-287",18,775.672,4952.6665,775.751,4952.6295,0.0872353139502575,0.0836380648856504
"elk-287",19,775.751,4952.6295,775.999,4952.5085,0.275943834864996,0.243686167390358
"elk-287",20,775.999,4952.5085,776.095,4952.5355,0.099724620831568,0.0950598037642854
"elk-287",21,776.095,4952.5355,775.902,4952.5245,0.193313217344288,0.176733654628359
"elk-287",22,775.902,4952.5245,775.882,4952.7225,0.199007537545692,0.181494162552466
"elk-287",23,775.882,4952.7225,776.002,4952.655,0.137681698130144,0.128992593706659
"elk-287",24,776.002,4952.655,775.976,4952.5315,0.126207170953159,0.118855501206814
"elk-287",25,775.976,4952.5315,775.854,4952.5835,0.132619757200803,0.124533318657025
"elk-287",26,775.854,4952.5835,776.029,4954.1805,1.60655967831886,0.958031220923578
"elk-287",27,776.029,4954.1805,776.205,4958.814,4.63684140876093,1.72932387472477
"elk-287",28,776.205,4958.814,776.21,4958.725,0.0891403387922662,0.0853887050622596
"elk-287",29,776.21,4958.725,779.151,4966.9375,8.72322401695611,2.27451725246297
"elk-287",30,779.151,4966.9375,785.767,4979.0125,13.7686993212867,2.69251003046428
"elk-287",31,785.767,4979.0125,788.54,4984.0505,5.75073673541052,1.90965164491519
"elk-287",32,788.54,4984.0505,788.396,4984.0525,0.144013888219158,0.134543032935627
"elk-287",33,788.396,4984.0525,787.886,4984.463,0.654683320392386,0.503609643324883
"elk-287",34,787.886,4984.463,788.41,4988.7145,4.28366995110501,1.66462092276849
"elk-287",35,788.41,4988.7145,788.522,4989.5035,0.796909656109148,0.586068331695723
"elk-287",36,788.522,4989.5035,789.278,4991.172,1.83178280644841,1.04090648025217
"elk-287",37,789.278,4991.172,790.036,4992.22,1.29339398483215,0.830032809801916
"elk-287",38,790.036,4992.22,790.051,4992.1335,0.0877909448633514,0.0841489837059902
"elk-287",39,790.051,4992.1335,788.604,4989.628,2.89332667529956,1.35926397861909
"elk-287",40,788.604,4989.628,788.508,4989.7855,0.184451213061883,0.169279555977735
"elk-287",41,788.508,4989.7855,789.286,4990.4215,1.00487810206015,0.695583261932838
"elk-287",42,789.286,4990.4215,789.335,4990.4655,0.0658559033041078,0.0637781414698111
"elk-287",43,789.335,4990.4655,789.36,4990.4875,0.0333016516106934,0.0327591626213847
"elk-287",44,789.36,4990.4875,789.352,4990.464,0.0248243831746128,0.0245212644229301
"elk-287",45,789.352,4990.464,789.33,4990.4575,0.0229401394939089,0.0226809705887287
"elk-287",46,789.33,4990.4575,789.44,4990.3945,0.126763559432512,0.119349416625385
"elk-287",47,789.44,4990.3945,789.415,4990.3805,0.0286530975637888,0.0282502742238898
"elk-287",48,789.415,4990.3805,789.402,4990.274,0.107290493521094,0.101916034406551
"elk-287",49,789.402,4990.274,789.396,4990.265,0.010816653826392,0.0107585722829906
"elk-287",50,789.396,4990.265,780.92,4971.23,20.8368375959501,3.08359834167212
"elk-287",51,780.92,4971.23,781.005,4971.018,0.228405341443671,0.205716857868524
"elk-287",52,781.005,4971.018,779.104,4966.987,4.45676586775657,1.69685628234625
"elk-287",53,779.104,4966.987,777.155,4960.1615,7.09831326795317,2.09165580146944
"elk-287",54,777.155,4960.1615,778.808,4954.46,5.93628766570489,1.93676671291245
"elk-287",55,778.808,4954.46,778.815,4954.464,0.00806225774829855,0.00802993138106691
"elk-287",56,778.815,4954.464,778.788,4954.5055,0.0495100999797011,0.0483234838432026
"elk-287",57,778.788,4954.5055,778.787,4954.6245,0.119004201606498,0.1124391841096
"elk-287",58,778.787,4954.6245,778.857,4954.543,0.107434863987441,0.102046407652211
"elk-287",59,778.857,4954.543,778.852,4954.539,0.00640312423743285,0.00638271132868873
"elk-287",60,778.852,4954.539,778.812,4954.7635,0.228035633180431,0.205415846551866
"elk-287",61,778.812,4954.7635,778.889,4954.74,0.0805062109405231,0.0774296451579293
"elk-287",62,778.889,4954.74,778.898,4954.698,0.0429534631898291,0.0420565567967785
"elk-287",63,778.898,4954.698,779.046,4954.5445,0.213228164181001,0.193284711350995
"elk-287",64,779.046,4954.5445,778.987,4954.462,0.10142608145837,0.0966057778440353
"elk-287",65,778.987,4954.462,779.043,4954.4135,0.0740827240319901,0.0714670173588106
"elk-287",66,779.043,4954.4135,779.001,4954.639,0.229377963196119,0.206508320485577
"elk-287",67,779.001,4954.639,779.451,4952.812,1.88160277423265,1.05834665817946
"elk-287",68,779.451,4952.812,779.53,4952.7215,0.12013013776734,0.113444872992077
"elk-287",69,779.53,4952.7215,779.501,4952.694,0.0399656102167851,0.0391876455073076
"elk-287",70,779.501,4952.694,780.645,4952.8815,1.15926366716119,0.769767268745437
"elk-287",71,780.645,4952.8815,785.051,4955.303,5.0275737935907,1.79634457381711
"elk-287",72,785.051,4955.303,784.948,4955.268,0.108784190027779,0.103264090718891
"elk-287",73,784.948,4955.268,799.244,4946.9595,16.5350170320444,2.86419985490872
"elk-287",74,799.244,4946.9595,802.266,4940.7355,6.91886262329294,2.06924758734361
"elk-287",75,802.266,4940.7355,803.397,4938.5575,2.45414852851249,1.23957598068542
"elk-287",76,803.397,4938.5575,803.683,4938.2665,0.408015931061521,0.342181572346216
"elk-287",77,803.683,4938.2665,808.789,4934.0225,6.63948582346555,2.03333030032013
"elk-287",78,808.789,4934.0225,808.877,4934.0945,0.113701363228415,0.107689029469697
"elk-287",79,808.877,4934.0945,816.428,4923.9515,12.6450800709209,2.61337902229412
"elk-287",80,816.428,4923.9515,816.509,4923.86,0.122201677566227,0.115292539224213
"elk-287",81,816.509,4923.86,816.476,4923.888,0.0432781700167648,0.0423678422977644
"elk-287",82,816.476,4923.888,816.469,4923.9415,0.0539560005930758,0.0525507040799571
"elk-287",83,816.469,4923.9415,816.481,4923.895,0.0480234317807464,0.0469059442183158
"elk-287",84,816.481,4923.895,816.368,4923.71,0.216780995477002,0.196208843396699
"elk-287",85,816.368,4923.71,816.301,4923.895,0.196758735511286,0.179616848625684
"elk-287",86,816.301,4923.895,816.167,4923.8365,0.146213029515156,0.136463490646493
"elk-287",87,816.167,4923.8365,816.277,4923.8845,0.12001666550942,0.113343565115423
"elk-287",88,816.277,4923.8845,818.318,4919.397,4.92984150353741,1.77999748474981
"elk-287",89,818.318,4919.397,824.102,4912.8795,8.71392347051545,2.27356026562563
"elk-287",90,824.102,4912.8795,824.06,4912.976,0.105243764660905,0.100065912143864
"elk-287",91,824.06,4912.976,823.996,4912.9235,0.0827783184173247,0.0795302549311249
"elk-287",92,823.996,4912.9235,824.204,4913.1,0.272793420008621,0.241214028330262
"elk-287",93,824.204,4913.1,824.338,4913.216,0.177234308191163,0.16316788084578
"elk-287",94,824.338,4913.216,824.879,4913.6155,0.672518587103732,0.514330626323954
"elk-287",95,824.879,4913.6155,824.806,4913.6385,0.0765375724726098,0.0737499396494424
"elk-287",96,824.806,4913.6385,824.804,4913.6345,0.00447213595499958,0.00446216566959572
"elk-287",97,824.804,4913.6345,825.033,4913.708,0.240506236925365,0.215519551888281
"elk-287",98,825.033,4913.708,824.462,4913.5175,0.601939573379255,0.471215128446165
"elk-287",99,824.462,4913.5175,825.042,4913.975,0.738719331004679,0.553148825569217
"elk-287",100,825.042,4913.975,824.821,4914.101,0.254395361592935,0.226653672897456
"elk-287",101,824.821,4914.101,824.931,4913.934,0.199972498109115,0.182298638288924
"elk-287",102,824.931,4913.934,824.996,4913.989,0.085146931829632,0.0817153988649569
"elk-287",103,824.996,4913.989,825.054,4913.978,0.0590338885725818,0.0573570666479446
"elk-287",104,825.054,4913.978,825.001,4913.989,0.0541294744108974,0.0527152835718895
"elk-287",105,825.001,4913.989,825.175,4913.9495,0.178427156004909,0.164180630711439
"elk-287",106,825.175,4913.9495,825.045,4913.7595,0.230217288664427,0.20719081123299
"elk-287",107,825.045,4913.7595,825.222,4913.807,0.183262789458199,0.16827569849983
"elk-287",108,825.222,4913.807,824.373,4913.5305,0.892890390809533,0.638104968178635
"elk-287",109,824.373,4913.5305,825.06,4913.986,0.824287116240452,0.601189289483997
"elk-287",110,825.06,4913.986,825.072,4913.7645,0.221824818268831,0.200345493900717
"elk-287",111,825.072,4913.7645,824.964,4914.0005,0.259538051160133,0.230745027676234
"elk-287",112,824.964,4914.0005,824.407,4913.1425,1.02294330243665,0.704553531315672
"elk-287",113,824.407,4913.1425,824.802,4914.093,1.02930814142316,0.707694917929446
"elk-287",114,824.802,4914.093,825.056,4913.979,0.278409769943513,0.245616938321942
"elk-287",115,825.056,4913.979,824.358,4913.216,1.03410492697792,0.710055882813979
"elk-287",116,824.358,4913.216,825.083,4913.6845,0.863201743510751,0.622296375349016
"elk-287",117,825.083,4913.6845,825.059,4913.977,0.293482963730435,0.25733855188109
"elk-287",118,825.059,4913.977,824.914,4913.689,0.322442242890103,0.279480211123748
"elk-287",119,824.914,4913.689,824.941,4913.9445,0.256922653730651,0.228666395281063
"elk-287",120,824.941,4913.9445,824.371,4913.534,0.70243166927467,0.532057622714593
"elk-287",121,824.371,4913.534,824.332,4913.841,0.309467284215957,0.269620401236935
"elk-287",122,824.332,4913.841,824.658,4913.671,0.367662889070953,0.31310336271473
"elk-287",123,824.658,4913.671,824.905,4913.9565,0.377517218150378,0.320282761531516
"elk-287",124,824.905,4913.9565,824.991,4913.9685,0.0868331733843696,0.0832681220132736
"elk-287",125,824.991,4913.9685,825,4913.874,0.0949276039937804,0.0906882460085932
"elk-287",126,825,4913.874,824.599,4913.8425,0.402235316699069,0.338067618108175
"elk-287",127,824.599,4913.8425,824.464,4913.8075,0.139463256809814,0.130557324172587
"elk-287",128,824.464,4913.8075,824.229,4914.0585,0.343840079106552,0.295531246261228
"elk-287",129,824.229,4914.0585,824.321,4913.832,0.244471368466739,0.218710836105846
"elk-287",130,824.321,4913.832,825.055,4913.9735,0.747514715574215,0.558194616019823
"elk-287",131,825.055,4913.9735,824.383,4913.7555,0.706475760376816,0.534430284972395
"elk-287",132,824.383,4913.7555,824.416,4913.812,0.065431261641512,0.0633796577035696
"elk-287",133,824.416,4913.812,825.076,4913.755,0.662456791043763,0.508296502860501
"elk-287",134,825.076,4913.755,824.492,4913.613,0.601015806780487,0.470638307032977
"elk-287",135,824.492,4913.613,824.251,4913.9875,0.44534396818639,0.368347333504704
"elk-287",136,824.251,4913.9875,824.929,4914.0155,0.678577924780935,0.517946961609625
"elk-287",137,824.929,4914.0155,824.508,4913.667,0.546528361569644,0.436012652172786
"elk-287",138,824.508,4913.667,824.386,4913.7595,0.153102090122898,0.142455780405291
"elk-287",139,824.386,4913.7595,824.772,4913.97,0.439666066464084,0.364411188406513
"elk-287",140,824.772,4913.97,824.573,4913.547,0.467471924290647,0.383541140878258
"elk-287",141,824.573,4913.547,824.676,4913.906,0.373483600710928,0.317350286701008
"elk-287",142,824.676,4913.906,824.245,4914.065,0.459393077875581,0.378020649207794
"elk-287",143,824.245,4914.065,824.419,4913.7615,0.349840320717896,0.299986304504888
"elk-287",144,824.419,4913.7615,824.358,4913.722,0.0726722092687432,0.0701529270131044
"elk-287",145,824.358,4913.722,824.464,4913.5965,0.164274922005764,0.152098508711595
"elk-287",146,824.464,4913.5965,824.296,4913.8675,0.318849494275904,0.276759761292761
"elk-287",147,824.296,4913.8675,824.404,4914.0365,0.200561711201316,0.182789539940521
"elk-287",148,824.404,4914.0365,824.798,4913.602,0.586537509456983,0.461553974659187
"elk-287",149,824.798,4913.602,824.392,4913.747,0.431115993672237,0.358454555061663
"elk-287",150,824.392,4913.747,824.361,4913.68,0.073824115301167,0.0712262166617441
"elk-287",151,824.361,4913.68,824.49,4913.5595,0.17652549390952,0.162565598231865
"elk-287",152,824.49,4913.5595,824.496,4913.2655,0.294061218116228,0.257785504168495
"elk-287",153,824.496,4913.2655,824.453,4913.2865,0.0478539444560216,0.0467442102094316
"elk-287",154,824.453,4913.2865,824.904,4913.709,0.617986448071477,0.481182442872841
"elk-287",155,824.904,4913.709,824.869,4913.6285,0.0877795534278912,0.0841385115696294
"elk-287",156,824.869,4913.6285,824.908,4913.4475,0.18515398996511,0.169872715482056
"elk-287",157,824.908,4913.4475,824.865,4913.551,0.112076982471871,0.106229422273795
"elk-287",158,824.865,4913.551,824.392,4913.7435,0.510671371823407,0.412554169115531
"elk-287",159,824.392,4913.7435,824.304,4913.8615,0.147200543477258,0.137324664605486
"elk-287",160,824.304,4913.8615,824.823,4913.5495,0.605561722700502,0.473473678343185
"elk-287",161,824.823,4913.5495,824.986,4913.646,0.189423467395146,0.173468708543961
"elk-287",162,824.986,4913.646,824.397,4913.389,0.642627419271852,0.496297044788952
"elk-287",163,824.397,4913.389,824.462,4913.395,0.0652763356814704,0.0632342356282841
"elk-363",1,777.41,4992.481,776.94,4992.261,0.518941229813165,0.418013532814574
"elk-363",2,776.94,4992.261,777.097,4992.512,0.296057426861749,0.259326907798501
"elk-363",3,777.097,4992.512,777.022,4992.2565,0.266280397325826,0.236083782078072
"elk-363",4,777.022,4992.2565,776.687,4990.604,1.68611424583271,0.9880956310136
"elk-363",5,776.687,4990.604,776.878,4990.6755,0.203944232573515,0.185603027353361
"elk-363",6,776.878,4990.6755,776.935,4992.307,1.63249540581283,0.96793221984416
"elk-363",7,776.935,4992.307,776.686,4991.94,0.443497463352385,0.367068962829655
"elk-363",8,776.686,4991.94,776.982,4991.9105,0.297466384655477,0.260413427942315
"elk-363",9,776.982,4991.9105,776.703,4992.0045,0.294409578648522,0.258054667363098
"elk-363",10,776.703,4992.0045,777.504,4992.4025,0.89442998608052,0.638917994383226
"elk-363",11,777.504,4992.4025,777.286,4992.6825,0.354857717965948,0.303696443627051
"elk-363",12,777.286,4992.6825,776.763,4990.69,2.0599964198998,1.11841374599622
"elk-363",13,776.763,4990.69,777.24,4991.2075,0.703800575447335,0.532861388370022
"elk-363",14,777.24,4991.2075,777.241,4991.9265,0.719000695409956,0.541743130943944
"elk-363",15,777.241,4991.9265,776.726,4992.254,0.610312419994874,0.476428209857424
"elk-363",16,776.726,4992.254,777.079,4991.596,0.74670810896896,0.557732935892318
"elk-363",17,777.079,4991.596,777.149,4991.657,0.0928493403315285,0.0887883591917227
"elk-363",18,777.149,4991.657,778.358,4991.491,1.22034298457442,0.797661681506714
"elk-363",19,778.358,4991.491,778.414,4991.8495,0.362847419723498,0.30957620200464
"elk-363",20,778.414,4991.8495,777.031,4992.273,1.44638903826045,0.894613075419237
"elk-363",21,777.031,4992.273,776.7,4992.1185,0.365282424981,0.311361311983073
"elk-363",22,776.7,4992.1185,776.659,4991.55,0.569976534604715,0.451060673136876
"elk-363",23,776.659,4991.55,776.682,4992.314,0.764346125783339,0.567780154767138
"elk-363",24,776.682,4992.314,776.859,4991.673,0.664988721708872,0.50981834966104
"elk-363",25,776.859,4991.673,776.414,4991.954,0.526294594310069,0.422842964237109
"elk-363",26,776.414,4991.954,776.922,4991.5975,0.62060957936532,0.482802362026228
"elk-363",27,776.922,4991.5975,776.704,4991.3425,0.335483233560188,0.289293199060159
"elk-363",28,776.704,4991.3425,777.401,4992.2165,1.11789310759124,0.750421777346257
"elk-363",29,777.401,4992.2165,776.681,4991.3775,1.10558626981344,0.744593941332312
"elk-363",30,776.681,4991.3775,777.057,4990.994,0.537073784502651,0.429880468936209
"elk-363",31,777.057,4990.994,776.648,4991.4685,0.626443333430886,0.486395626749125
"elk-363",32,776.648,4991.4685,776.703,4991.2905,0.186303515801501,0.170842183350343
"elk-363",33,776.703,4991.2905,780.873,4986.7445,6.1688747758404,1.96974870726671
"elk-363",34,780.873,4986.7445,781.007,4986.7125,0.137767920794356,0.12906837887328
"elk-363",35,781.007,4986.7125,776.847,4992.1415,6.83956438671353,2.05918326989945
"elk-363",36,776.847,4992.1415,776.836,4991.991,0.150901457912109,0.14054551174979
"elk-363",37,776.836,4991.991,776.717,4991.2975,0.703635736727463,0.532764636029025
"elk-363",38,776.717,4991.2975,778.23,4988.2105,3.43783914690609,1.4901675793529
"elk-363",39,778.23,4988.2105,778.793,4988.784,0.803661153720895,0.589818573466414
"elk-363",40,778.793,4988.784,778.758,4988.6945,0.0961002081163199,0.091758615109352
"elk-363",41,778.758,4988.6945,776.91,4992.3485,4.09473076037973,1.62820682138826
"elk-363",42,776.91,4992.3485,776.527,4992.497,0.410781267829973,0.344143641598084
"elk-363",43,776.527,4992.497,776.873,4990.6735,1.85603562735202,1.04943451896256
"elk-363",44,776.873,4990.6735,778.212,4988.1985,2.8139911158353,1.33867617781927
"elk-363",45,778.212,4988.1985,778.061,4988.1055,0.177341478509682,0.163258912376129
"elk-363",46,778.061,4988.1055,777.992,4988.179,0.100812945597279,0.0960489482997389
"elk-363",47,777.992,4988.179,777.969,4988.19,0.0254950975679639,0.0251755179903136
"elk-363",48,777.969,4988.19,777.92,4988.2745,0.0976793222744712,0.0931982442142879
"elk-363",49,777.92,4988.2745,778.257,4988.234,0.339424881232947,0.292240328723354
"elk-363",50,778.257,4988.234,778.334,4988.1095,0.146387328686605,0.136615544336235
"elk-363",51,778.334,4988.1095,778.834,4988.341,0.550992059833896,0.438894764796318
"elk-363",52,778.834,4988.341,778.844,4988.643,0.30216551755619,0.264028661325794
"elk-363",53,778.844,4988.643,778.752,4988.692,0.104235310715707,0.0991530689072261
"elk-363",54,778.752,4988.692,778.787,4988.8985,0.20944510020528,0.190161659550193
"elk-363",55,778.787,4988.8985,778.699,4988.71,0.208029445031226,0.188990474241407
"elk-363",56,778.699,4988.71,778.851,4988.795,0.174152232256724,0.16054638272415
"elk-363",57,778.851,4988.795,778.852,4988.1795,0.615500812347149,0.47964500912794
"elk-363",58,778.852,4988.1795,778.164,4988.185,0.688021983660406,0.523557419584462
"elk-363",59,778.164,4988.185,777.963,4989.1225,0.958805115756064,0.672334652521226
"elk-363",60,777.963,4989.1225,777.977,4988.9805,0.142688471853896,0.13338379460463
"elk-363",61,777.977,4988.9805,778.425,4988.6455,0.559400572041181,0.44430149872745
"elk-363",62,778.425,4988.6455,780.56,4986.7575,2.85004719259173,1.3480854060406
"elk-363",63,780.56,4986.7575,781.133,4986.8895,0.588007653011421,0.462480182090045
"elk-363",64,781.133,4986.8895,781.072,4986.7255,0.174977141364237,0.161248693248791
"elk-363",65,781.072,4986.7255,783.754,4983.6395,4.08858410699841,1.62699962035248
"elk-363",66,783.754,4983.6395,788.002,4982.275,4.46176694259124,1.6977723532637
"elk-363",67,788.002,4982.275,793.752,4980.0765,6.15596477004214,1.96794624249882
"elk-363",68,793.752,4980.0765,797.889,4975.8965,5.88108569908652,1.92877644459512
"elk-363",69,797.889,4975.8965,798.042,4975.862,0.156841480482684,0.145693429734776
"elk-363",70,798.042,4975.862,797.884,4975.874,0.158455040942218,0.147087256146064
"elk-363",71,797.884,4975.874,797.985,4975.924,0.112698713391059,0.106788337886303
"elk-363",72,797.985,4975.924,798.273,4975.797,0.314758637689262,0.273653103299743
"elk-363",73,798.273,4975.797,798.678,4975.255,0.676601064143414,0.516768567924636
"elk-363",74,798.678,4975.255,798.654,4975.338,0.0864002314811714,0.0828696908940423
"elk-363",75,798.654,4975.338,798.611,4975.5885,0.254163825120728,0.226469075719848
"elk-363",76,798.611,4975.5885,798.647,4975.4505,0.142618371888057,0.133322446198788
"elk-363",77,798.647,4975.4505,798.023,4975.908,0.773745597725764,0.573093467586718
"elk-363",78,798.023,4975.908,798.265,4975.8425,0.250707498890639,0.223709390309638
"elk-363",79,798.265,4975.8425,798.484,4975.5655,0.353114712239521,0.302409129215951
"elk-363",80,798.484,4975.5655,798.748,4975.6835,0.289171229550936,0.253999554196737
"elk-363",81,798.748,4975.6835,798.251,4975.4695,0.541114590451967,0.432505914671296
"elk-363",82,798.251,4975.4695,798.502,4975.429,0.254246435569901,0.226534942496506
"elk-363",83,798.502,4975.429,798.279,4975.582,0.270440381600086,0.23936359752955
"elk-363",84,798.279,4975.582,798.964,4975.8535,0.736842757988433,0.552068958111491
"elk-363",85,798.964,4975.8535,799.029,4976.1395,0.29329336848964,0.257191963837298
"elk-363",86,799.029,4976.1395,798.942,4975.8715,0.281767634763115,0.248240089935469
"elk-363",87,798.942,4975.8715,799.419,4976.499,0.788216499446694,0.581218754122892
"elk-363",88,799.419,4976.499,798.972,4975.808,0.822976305855764,0.600470498275671
"elk-363",89,798.972,4975.808,798.997,4975.7845,0.0343110769285955,0.0337355789339435
"elk-363",90,798.997,4975.7845,798.469,4975.53,0.586135010044614,0.461300245721168
"elk-363",91,798.469,4975.53,798.591,4975.642,0.165614009069281,0.153247994588886
"elk-363",92,798.591,4975.642,799.075,4975.788,0.505541294060139,0.409152497364644
"elk-363",93,799.075,4975.788,799.168,4975.872,0.125319591445233,0.118067076597587
"elk-363",94,799.168,4975.872,799.092,4976.6815,0.813059807148281,0.595015919175828
"elk-363",95,799.092,4976.6815,798.497,4975.5955,1.23831377283789,0.805722802402736
"elk-363",96,798.497,4975.5955,798.535,4975.4665,0.134480481855175,0.126174820907461
"elk-363",97,798.535,4975.4665,798.607,4975.7145,0.258240198265104,0.229714076669902
"elk-363",98,798.607,4975.7145,798.704,4975.5475,0.193126901285139,0.17657750903051
"elk-363",99,798.704,4975.5475,798.601,4975.324,0.246091954358528,0.22001221728789
"elk-363",100,798.601,4975.324,798.579,4975.3845,0.064375849508958,0.0623885705638763
"elk-363",101,798.579,4975.3845,798.679,4975.2595,0.160078105935821,0.148487335554823
"elk-363",102,798.679,4975.2595,798.5,4975.5305,0.324779925488014,0.281246351671744
"elk-363",103,798.5,4975.5305,799.054,4975.8075,0.619390829767442,0.482050047519153
"elk-363",104,799.054,4975.8075,800.82,4974.2865,2.33070740334346,1.20318471486804
"elk-363",105,800.82,4974.2865,801.103,4974.3295,0.286248144098787,0.251729565287559
"elk-363",106,801.103,4974.3295,800.838,4974.204,0.293215364536035,0.257131647819313
"elk-363",107,800.838,4974.204,800.747,4974.3115,0.140844772710953,0.131769016674023
"elk-363",108,800.747,4974.3115,798.522,4975.7215,2.63414597165761,1.2903741374825
"elk-363",109,798.522,4975.7215,798.176,4975.84,0.365729749952065,0.311688901130548
"elk-363",110,798.176,4975.84,798.428,4975.492,0.429660330959236,0.357436885259171
"elk-363",111,798.428,4975.492,801.117,4974.415,2.89666187187942,1.36012025633079
"elk-363",112,801.117,4974.415,801.065,4974.0965,0.322716981269967,0.279687940305676
"elk-363",113,801.065,4974.0965,801.108,4974.2015,0.113463650567043,0.107475562878041
"elk-363",114,801.108,4974.2015,800.897,4974.468,0.339916533872655,0.292607323868097
"elk-363",115,800.897,4974.468,801.098,4974.3575,0.229371423677842,0.206503001099785
"elk-363",116,801.098,4974.3575,801.233,4974.139,0.256840904063196,0.228601353628891
"elk-363",117,801.233,4974.139,800.001,4973.2425,1.52365883648539,0.925709767747964
"elk-363",118,800.001,4973.2425,799.436,4962.654,10.6035634222652,2.45131224251323
"elk-363",119,799.436,4962.654,802.107,4958.148,5.23815587778753,1.83068460629718
"elk-363",120,802.107,4958.148,802.229,4955.474,2.67678164966812,1.30203781781675
"elk-363",121,802.229,4955.474,802.705,4950.6925,4.80513457147664,1.75874279687541
"elk-363",122,802.705,4950.6925,798.705,4941.819,9.73339623410041,2.373360024185
"elk-363",123,798.705,4941.819,798.186,4942.2065,0.647701513044396,0.499381294357453
"elk-363",124,798.186,4942.2065,798.781,4941.9165,0.661910114743686,0.507967612385714
"elk-363",125,798.781,4941.9165,798.678,4943.2435,1.33099135985175,0.846293653419443
"elk-363",126,798.678,4943.2435,798.838,4942.8015,0.470068080175627,0.385308712762873
"elk-363",127,798.838,4942.8015,798.836,4942.546,0.255507827668743,0.227540134298371
"elk-363",128,798.836,4942.546,797.842,4941.5825,1.384329530856,0.868917965680968
"elk-363",129,797.842,4941.5825,797.952,4941.6495,0.12879829191414,0.121153608367991
"elk-363",130,797.952,4941.6495,797.648,4941.553,0.318948663580834,0.276834952265718
"elk-363",131,797.648,4941.553,800.67,4942.0885,3.06907872984712,1.40341661752913
"elk-363",132,800.67,4942.0885,800.035,4941.807,0.694598625106615,0.527445913443892
"elk-363",133,800.035,4941.807,798.821,4941.9555,1.22304875209454,0.798879565508356
"elk-363",134,798.821,4941.9555,798.64,4943.152,1.21011290795529,0.793043603797162
"elk-363",135,798.64,4943.152,797.658,4941.5435,1.88456792130186,1.05937512143077
"elk-363",136,797.658,4941.5435,797.709,4941.6375,0.106943910532578,0.101602984450582
"elk-363",137,797.709,4941.6375,797.861,4941.5725,0.165314851117496,0.152991308974376
"elk-363",138,797.861,4941.5725,797.493,4941.535,0.369905731234324,0.314741928154552
"elk-363",139,797.493,4941.535,797.519,4941.5255,0.0276812210713328,0.0273050227090822
"elk-363",140,797.519,4941.5255,797.624,4941.285,0.262421893141559,0.23303201343498
"elk-363",141,797.624,4941.285,796.827,4940.8735,0.896962234433535,0.640253782707021
"elk-363",142,796.827,4940.8735,796.815,4940.8545,0.0224722050542442,0.0222234252443141
"elk-363",143,796.815,4940.8545,796.832,4940.8935,0.0425440947723653,0.0416639709400762
"elk-363",144,796.832,4940.8935,792.934,4935.28,6.8341631711571,2.05849406361456
"elk-363",145,792.934,4935.28,792.83,4935.2245,0.117882356610309,0.111436142550676
"elk-363",146,792.83,4935.2245,793.444,4934.7925,0.750746295362155,0.560042151522209
"elk-363",147,793.444,4934.7925,792.838,4935.032,0.651610504826311,0.501750875403317
"elk-363",148,792.838,4935.032,792.872,4934.9805,0.0617110200855568,0.0598817766440258
"elk-363",149,792.872,4934.9805,792.811,4935.2285,0.255391855782443,0.227447759531552
"elk-363",150,792.811,4935.2285,792.81,4935.2085,0.0200249843945008,0.0198271215006068
"elk-363",151,792.81,4935.2085,792.964,4934.8485,0.391555870853701,0.330422452707546
"elk-363",152,792.964,4934.8485,796.689,4940.571,6.8280766874721,2.0577168460459
"elk-363",153,796.689,4940.571,795.645,4939.8945,1.2440210006266,0.808269346184661
"elk-363",154,795.645,4939.8945,799.771,4937.2365,4.908038304659,1.77631384817198
"elk-363",155,799.771,4937.2365,799.776,4937.1325,0.104120122935002,0.0990487489421933
"elk-363",156,799.776,4937.1325,799.609,4937.077,0.175980822818851,0.162102542216646
"elk-363",157,799.609,4937.077,799.693,4937.233,0.177177876722801,0.163119944066711
"elk-363",158,799.693,4937.233,799.692,4937.174,0.0590084739677277,0.0573330684453545
"elk-363",159,799.692,4937.174,799.86,4937.152,0.169434353069264,0.156520172990564
"elk-363",160,799.86,4937.152,799.765,4937.0925,0.112094825928764,0.10624546730847
"elk-363",161,799.765,4937.0925,799.72,4937.2635,0.176821944339496,0.16281753759851
"elk-363",162,799.72,4937.2635,800.465,4934.855,2.52109048826098,1.25877073943399
"elk-363",163,800.465,4934.855,800.414,4934.6215,0.239004707066618,0.214308401725034
"elk-363",164,800.414,4934.6215,800.19,4934.6425,0.224982221519835,0.202926330846342
"elk-363",165,800.19,4934.6425,800.333,4934.759,0.184448502298067,0.169277267350826
"elk-363",166,800.333,4934.759,800.378,4934.766,0.0455411901469428,0.0445346366685393
"elk-363",167,800.378,4934.766,800.344,4934.7855,0.039195025194532,0.0384463992135757
"elk-363",168,800.344,4934.7855,800.144,4934.603,0.270751269618445,0.239608276453914
"elk-363",169,800.144,4934.603,800.034,4934.459,0.181207063879971,0.16653685112709
"elk-363",170,800.034,4934.459,801.423,4928.54,6.07979292410523,1.95724465927016
"elk-363",171,801.423,4928.54,807.48,4914.6715,15.1334907159584,2.78089728012829
"elk-363",172,807.48,4914.6715,807.482,4914.6695,0.00282842712474619,0.00282443465125464
"elk-363",173,807.482,4914.6695,807.562,4914.6045,0.103077640640442,0.0981041282205865
"elk-363",174,807.562,4914.6045,807.477,4914.6375,0.0911811384004389,0.0872607227674564
"elk-363",175,807.477,4914.6375,807.499,4914.622,0.0269118932815958,0.0265561368880232
"elk-363",176,807.499,4914.622,805.328,4908.382,6.60687830976173,2.02905287874796
"elk-363",177,805.328,4908.382,805.194,4908.35,0.137767920794356,0.12906837887328
"elk-363",178,805.194,4908.35,805.291,4908.37,0.099040395798886,0.0944374316148353
"elk-363",179,805.291,4908.37,805.347,4908.2835,0.10304489312916,0.0980744403761602
"elk-363",180,805.347,4908.2835,805.193,4908.185,0.18280659178487,0.167890082014871
"elk-363",181,805.193,4908.185,805.289,4908.207,0.098488578017961,0.0939352149896183
"elk-363",182,805.289,4908.207,805.248,4908.236,0.0502195181179589,0.0489992071926632
"elk-363",183,805.248,4908.236,804.47,4904.45,3.86511060643806,1.58208945051582
"elk-363",184,804.47,4904.45,804.43,4904.741,0.293736276275165,0.257534370265262
"elk-363",185,804.43,4904.741,806.887,4904.89,2.46151376189531,1.24170599683086
"elk-363",186,806.887,4904.89,804.427,4904.7505,2.46395216065572,1.24241018017056
"elk-363",187,804.427,4904.7505,804.417,4904.7645,0.0172046505340853,0.0170583264528256
"elk-363",188,804.417,4904.7645,804.52,4904.835,0.124816865847529,0.117620236492011
"elk-363",189,804.52,4904.835,804.583,4904.522,0.319277308933786,0.277084093437153
"elk-363",190,804.583,4904.522,805.607,4904.664,1.03379881988712,0.70990538412452
"elk-363",191,805.607,4904.664,805.753,4904.624,0.15138031576133,0.140961497196578
"elk-363",192,805.753,4904.624,808.423,4905.567,2.83163362743135,1.34329124682991
"elk-363",193,808.423,4905.567,808.333,4905.484,0.122429571591181,0.115495596208136
"elk-363",194,808.333,4905.484,808.417,4905.5625,0.114970648428197,0.108828080285948
"elk-363",195,808.417,4905.5625,808.335,4905.4225,0.162246725698857,0.150354964375603
"elk-363",196,808.335,4905.4225,808.406,4905.532,0.130503831361382,0.122663401815843
"elk-363",197,808.406,4905.532,808.414,4905.5565,0.0257730479377197,0.0254465214396344
"elk-363",198,808.414,4905.5565,808.418,4905.466,0.0905883546599672,0.0867173255323739
"elk-363",199,808.418,4905.466,808.425,4905.41,0.0564358042380899,0.0549007935568497
"elk-363",200,808.425,4905.41,808.312,4905.6235,0.241560033946015,0.216368680774431
"elk-363",201,808.312,4905.6235,808.508,4905.49,0.237146052043883,0.212807155999204
"elk-363",202,808.508,4905.49,808.402,4905.5845,0.142007922314215,0.132788048437615
"elk-363",203,808.402,4905.5845,808.403,4905.592,0.00756637297521078,0.00753789155236654
"elk-363",204,808.403,4905.592,808.246,4905.713,0.198217052747739,0.180834662537486
"elk-363",205,808.246,4905.713,808.571,4905.692,0.325677754843649,0.281923841749506
"elk-363",206,808.571,4905.692,808.653,4905.4305,0.274055195170608,0.24220488052124
"elk-363",207,808.653,4905.4305,808.649,4905.428,0.0047169905660283,0.00470590042707459
"elk-363",208,808.649,4905.428,808.653,4905.4305,0.0047169905660283,0.00470590042707459
"elk-363",209,808.653,4905.4305,808.645,4905.4345,0.00894427190999916,0.00890450883528074
"elk-363",210,808.645,4905.4345,808.65,4905.4415,0.00860232526704263,0.00856553609808677
"elk-363",211,808.65,4905.4415,808.64,4905.436,0.0114127122105133,0.0113480785095283
"elk-363",212,808.64,4905.436,808.637,4905.4355,0.00304138126514911,0.00303676562140263
"elk-363",213,808.637,4905.4355,808.637,4905.4355,0,0
"elk-363",214,808.637,4905.4355,808.623,4905.4335,0.014142135623731,0.0140430685445922
"elk-363",215,808.623,4905.4335,808.627,4905.4375,0.00565685424949238,0.00564091433442413
"elk-363",216,808.627,4905.4375,808.65,4905.439,0.0230488611432322,0.0227872484322477
"elk-363",217,808.65,4905.439,808.655,4905.425,0.0148660687473185,0.0147566518142379
